userId,sessId,newVisitor,visitStartTime,weekday,hour,medium,source,device,browser,country,region,transaction,sessionNumber,landingPage,hitTimeLP,secondPage,hitsTimeSecondPage,thirdPage,hitsTimeThirdPage
8000002620,9000000000000001,1,1736127360,1,1,organic,search-engine,mobile,Safari,Spain,Madrid,0,1,/product/featured-item,0,/checkout,57302,/checkout,63467
8000000109,9000000000000002,0,1737896460,7,13,referral,partner.example,mobile,Safari,United Kingdom,England,0,1,/catalog/accessories,0,/product/featured-item,2851,,
8000001139,9000000000000003,1,1736300940,3,1,referral,partner.example,tablet,Chrome,France,Ile-de-France,0,4,/catalog/electronics,0,/product/featured-item,7695,/product/featured-item,105342
8000000323,9000000000000004,1,1737860280,7,2,email,newsletter,mobile,Chrome,United Kingdom,England,0,1,/catalog/apparel,0,,,,
8000003167,9000000000000005,1,1736827500,2,4,organic,search-engine,mobile,Firefox,Portugal,Lisbon,0,1,/home,0,/product/featured-item,50520,,
8000002496,9000000000000006,0,1738186380,3,21,referral,partner.example,desktop,Chrome,Spain,Madrid,0,1,/home,0,/product/featured-item,44504,/checkout,156978
8000003298,9000000000000007,1,1736929980,3,8,cpc,paid-media,desktop,Safari,Spain,Madrid,0,1,/catalog/electronics,0,,,,
8000002634,9000000000000008,0,1737493860,2,21,referral,partner.example,desktop,Edge,Spain,Madrid,0,2,/catalog/electronics,0,,,,
8000001483,9000000000000009,1,1736551980,5,23,referral,partner.example,desktop,Safari,Portugal,Lisbon,0,2,/catalog/electronics,0,,,,
8000002443,9000000000000010,1,1735939380,5,21,cpc,paid-media,desktop,Firefox,Germany,Berlin,1,2,/catalog/accessories,0,/basket,17014,,
8000000457,9000000000000011,1,1736843640,2,8,cpc,paid-media,desktop,Safari,Portugal,Lisbon,0,1,/home,0,,,,
8000002562,9000000000000012,0,1736863080,2,13,(none),(direct),mobile,Firefox,Spain,Madrid,0,1,/home,0,/catalog/accessories,71514,,
8000001487,9000000000000013,1,1736898780,2,23,referral,partner.example,desktop,Chrome,United Kingdom,England,0,4,/product/featured-item,0,,,,
8000003137,9000000000000014,0,1736184060,1,17,referral,partner.example,mobile,Safari,United Kingdom,England,0,1,/catalog/electronics,0,/basket,29760,,
8000002752,9000000000000015,1,1738245000,4,13,email,newsletter,desktop,Chrome,United Kingdom,England,1,1,/home,0,/catalog/accessories,74603,/product/featured-item,106764
8000000938,9000000000000016,0,1735954620,6,1,organic,search-engine,mobile,Edge,Portugal,Lisbon,0,1,/catalog/electronics,0,/catalog/electronics,19342,,
8000003308,9000000000000017,1,1737290220,7,12,referral,partner.example,desktop,Firefox,Germany,Berlin,0,2,/home,0,/product/featured-item,86696,/catalog/accessories,101595
8000001019,9000000000000018,1,1736442960,4,17,referral,partner.example,desktop,Chrome,Spain,Madrid,0,3,/catalog/apparel,0,/catalog/electronics,74132,/catalog/accessories,88965
8000000682,9000000000000019,1,1737287640,7,11,cpc,paid-media,desktop,Edge,Germany,Berlin,0,1,/catalog/electronics,0,,,,
8000001169,9000000000000020,0,1737352920,1,6,(none),(direct),mobile,Chrome,Germany,Berlin,0,1,/catalog/electronics,0,/catalog/electronics,73066,/catalog/accessories,83055
8000002060,9000000000000021,1,1737778020,6,4,referral,partner.example,desktop,Safari,United Kingdom,England,0,1,/home,0,/catalog/accessories,32828,/catalog/accessories,87751
8000002537,9000000000000022,1,1736011920,6,17,cpc,paid-media,mobile,Firefox,United Kingdom,England,0,1,/home,0,/catalog/electronics,53876,/product/featured-item,73030
8000000039,9000000000000023,0,1737491640,2,20,(none),(direct),tablet,Safari,Portugal,Lisbon,0,1,/catalog/apparel,0,/catalog/accessories,47745,,
8000001795,9000000000000024,1,1737825600,6,17,email,newsletter,mobile,Chrome,United Kingdom,England,0,2,/catalog/apparel,0,/basket,19601,/catalog/accessories,56265
8000001116,9000000000000025,0,1736797500,1,19,(none),(direct),desktop,Chrome,France,Ile-de-France,0,1,/catalog/electronics,0,/checkout,34914,,
8000003398,9000000000000026,0,1736777520,1,14,organic,search-engine,desktop,Edge,Spain,Madrid,0,1,/home,0,,,,
8000000309,9000000000000027,1,1736275680,2,18,(none),(direct),desktop,Safari,France,Ile-de-France,0,1,/catalog/accessories,0,/catalog/accessories,7229,/catalog/accessories,127052
8000003196,9000000000000028,1,1737891120,7,11,cpc,paid-media,tablet,Safari,Spain,Madrid,0,2,/home,0,,,,
8000000735,9000000000000029,0,1736995800,4,2,cpc,paid-media,mobile,Edge,Spain,Madrid,0,1,/catalog/apparel,0,/checkout,31154,/catalog/accessories,59312
8000000914,9000000000000030,1,1735782600,4,1,referral,partner.example,desktop,Edge,France,Ile-de-France,0,1,/product/featured-item,0,,,,
8000001357,9000000000000031,1,1735798080,4,6,organic,search-engine,mobile,Chrome,France,Ile-de-France,0,1,/product/featured-item,0,/catalog/electronics,43114,/checkout,102313
8000000779,9000000000000032,1,1736691180,7,14,organic,search-engine,mobile,Edge,Portugal,Lisbon,0,1,/catalog/accessories,0,/basket,89900,,
8000002553,9000000000000033,1,1736923920,3,6,organic,search-engine,mobile,Edge,France,Ile-de-France,0,1,/catalog/apparel,0,/checkout,74667,/basket,93350
8000002522,9000000000000034,1,1737927360,7,21,email,newsletter,desktop,Safari,Portugal,Lisbon,0,1,/catalog/apparel,0,/catalog/accessories,44237,/checkout,107183
8000002699,9000000000000035,1,1736023020,6,20,email,newsletter,desktop,Chrome,United Kingdom,England,0,1,/catalog/electronics,0,/catalog/accessories,28100,,
8000002504,9000000000000036,1,1735975920,6,7,cpc,paid-media,desktop,Chrome,United Kingdom,England,0,2,/catalog/apparel,0,/checkout,87990,/basket,180118
8000000721,9000000000000037,1,1737726240,5,13,cpc,paid-media,desktop,Edge,Spain,Madrid,0,1,/product/featured-item,0,,,,
8000002439,9000000000000038,1,1736937240,3,10,cpc,paid-media,mobile,Safari,United Kingdom,England,0,2,/catalog/accessories,0,/basket,64216,/catalog/electronics,125207
8000003137,9000000000000039,1,1737739380,5,17,cpc,paid-media,mobile,Safari,France,Ile-de-France,0,1,/catalog/apparel,0,/checkout,72798,/product/featured-item,85359
8000002894,9000000000000040,1,1736530860,5,17,organic,search-engine,desktop,Edge,France,Ile-de-France,0,1,/catalog/accessories,0,/product/featured-item,78556,/basket,171719
8000001224,9000000000000041,1,1737223080,6,17,cpc,paid-media,desktop,Firefox,United Kingdom,England,0,1,/home,0,,,,
8000001593,9000000000000042,1,1737011280,4,7,cpc,paid-media,mobile,Edge,Germany,Berlin,0,1,/home,0,,,,
8000000344,9000000000000043,0,1738216980,4,6,cpc,paid-media,desktop,Firefox,Germany,Berlin,0,2,/catalog/electronics,0,/catalog/electronics,46236,/catalog/electronics,148011
8000001034,9000000000000044,0,1736011620,6,17,cpc,paid-media,desktop,Safari,United Kingdom,England,0,1,/home,0,/catalog/electronics,87426,/catalog/accessories,94702
8000002545,9000000000000045,1,1736288760,2,22,referral,partner.example,desktop,Chrome,Portugal,Lisbon,0,2,/catalog/apparel,0,/catalog/accessories,23992,/product/featured-item,105407
8000001275,9000000000000046,1,1736114640,7,22,(none),(direct),desktop,Firefox,France,Ile-de-France,0,2,/product/featured-item,0,/product/featured-item,84213,/catalog/electronics,118043
8000003300,9000000000000047,1,1736165580,1,12,(none),(direct),mobile,Edge,France,Ile-de-France,0,1,/catalog/accessories,0,/checkout,3658,/checkout,117013
8000002604,9000000000000048,0,1737497340,2,22,referral,partner.example,desktop,Edge,United Kingdom,England,0,1,/product/featured-item,0,,,,
8000001100,9000000000000049,1,1736956920,3,16,referral,partner.example,mobile,Edge,Portugal,Lisbon,0,2,/catalog/apparel,0,/product/featured-item,89580,/basket,141254
8000001998,9000000000000050,1,1736523660,5,15,email,newsletter,mobile,Safari,France,Ile-de-France,0,1,/catalog/electronics,0,/basket,3330,,
8000002002,9000000000000051,1,1737872640,7,6,referral,partner.example,mobile,Firefox,Germany,Berlin,0,1,/product/featured-item,0,/catalog/apparel,33890,/catalog/electronics,76025
8000001409,9000000000000052,1,1737362700,1,8,(none),(direct),desktop,Safari,Germany,Berlin,0,1,/catalog/electronics,0,/catalog/electronics,72236,/catalog/electronics,174137
8000001133,9000000000000053,1,1738007940,1,19,(none),(direct),mobile,Firefox,Portugal,Lisbon,0,1,/product/featured-item,0,,,,
8000000519,9000000000000054,0,1736768220,1,11,organic,search-engine,tablet,Firefox,United Kingdom,England,0,1,/catalog/electronics,0,/catalog/accessories,15446,,
8000001396,9000000000000055,1,1736414520,4,9,organic,search-engine,desktop,Firefox,Germany,Berlin,0,1,/catalog/apparel,0,/catalog/apparel,9026,/catalog/accessories,30913
8000000486,9000000000000056,1,1737883980,7,9,cpc,paid-media,mobile,Chrome,United Kingdom,England,0,1,/home,0,/basket,79139,/basket,137346
8000003125,9000000000000057,1,1736506620,5,10,referral,partner.example,desktop,Edge,Portugal,Lisbon,0,1,/catalog/apparel,0,/catalog/accessories,55545,,
8000001181,9000000000000058,1,1736801280,1,20,cpc,paid-media,desktop,Safari,Spain,Madrid,0,1,/product/featured-item,0,,,,
8000000921,9000000000000059,0,1738236180,4,11,referral,partner.example,mobile,Edge,Spain,Madrid,0,1,/catalog/accessories,0,/catalog/accessories,76607,,
8000002867,9000000000000060,1,1737272280,7,7,email,newsletter,desktop,Safari,Germany,Berlin,0,3,/product/featured-item,0,/basket,81129,/basket,115945
8000002405,9000000000000061,1,1735771140,3,22,email,newsletter,mobile,Edge,Spain,Madrid,0,3,/catalog/electronics,0,/checkout,78720,/product/featured-item,137852
8000001426,9000000000000062,1,1737295260,7,14,email,newsletter,desktop,Firefox,Portugal,Lisbon,0,1,/catalog/electronics,0,,,,
8000003333,9000000000000063,0,1737852660,7,0,organic,search-engine,desktop,Chrome,France,Ile-de-France,0,1,/product/featured-item,0,/catalog/apparel,69449,,
8000001893,9000000000000064,1,1737314520,7,19,organic,search-engine,desktop,Chrome,France,Ile-de-France,0,1,/product/featured-item,0,,,,
8000000537,9000000000000065,1,1736822160,2,2,cpc,paid-media,mobile,Chrome,Germany,Berlin,0,1,/home,0,/checkout,22758,,
8000000921,9000000000000066,1,1736135700,1,3,cpc,paid-media,mobile,Safari,Spain,Madrid,0,1,/product/featured-item,0,/checkout,65242,/product/featured-item,129136
8000002082,9000000000000067,1,1736226360,2,5,organic,search-engine,desktop,Edge,Germany,Berlin,0,2,/catalog/electronics,0,/basket,41132,/catalog/accessories,152901
8000002207,9000000000000068,1,1737594060,4,1,email,newsletter,desktop,Safari,United Kingdom,England,0,2,/catalog/electronics,0,/catalog/electronics,33300,,
8000000179,9000000000000069,1,1736940720,3,11,cpc,paid-media,mobile,Chrome,Germany,Berlin,0,1,/product/featured-item,0,/checkout,21936,,
8000001360,9000000000000070,1,1736084220,7,13,cpc,paid-media,desktop,Edge,Germany,Berlin,0,1,/catalog/accessories,0,/catalog/accessories,36737,/catalog/electronics,83112
8000003492,9000000000000071,1,1738341240,5,16,(none),(direct),desktop,Chrome,France,Ile-de-France,0,1,/catalog/apparel,0,,,,
8000002586,9000000000000072,1,1736819580,2,1,referral,partner.example,mobile,Chrome,Germany,Berlin,0,1,/catalog/accessories,0,,,,
8000000119,9000000000000073,1,1735870440,5,2,email,newsletter,mobile,Edge,France,Ile-de-France,0,1,/catalog/apparel,0,/product/featured-item,25600,/checkout,49880
8000002039,9000000000000074,1,1737982620,1,12,referral,partner.example,desktop,Firefox,France,Ile-de-France,0,4,/catalog/accessories,0,/checkout,73643,/basket,96349
8000002618,9000000000000075,1,1737358020,1,7,email,newsletter,desktop,Firefox,France,Ile-de-France,0,4,/catalog/accessories,0,/product/featured-item,51986,,
8000000090,9000000000000076,0,1738277820,4,22,cpc,paid-media,desktop,Edge,United Kingdom,England,0,2,/catalog/accessories,0,,,,
8000003178,9000000000000077,1,1736594460,6,11,(none),(direct),mobile,Safari,Spain,Madrid,0,1,/home,0,,,,
8000001266,9000000000000078,1,1737422940,2,1,organic,search-engine,mobile,Firefox,Spain,Madrid,0,1,/catalog/accessories,0,/catalog/electronics,19322,/basket,124411
8000003402,9000000000000079,0,1736336580,3,11,email,newsletter,mobile,Chrome,Germany,Berlin,0,1,/home,0,,,,
8000000577,9000000000000080,0,1736576700,6,6,cpc,paid-media,tablet,Firefox,United Kingdom,England,0,1,/catalog/accessories,0,/product/featured-item,50311,/checkout,140499
8000000444,9000000000000081,0,1738343160,5,17,referral,partner.example,desktop,Safari,United Kingdom,England,0,1,/catalog/electronics,0,,,,
8000002872,9000000000000082,1,1736877840,2,18,cpc,paid-media,desktop,Chrome,Portugal,Lisbon,0,1,/product/featured-item,0,,,,
8000000556,9000000000000083,1,1737217800,6,16,cpc,paid-media,desktop,Edge,United Kingdom,England,0,1,/catalog/accessories,0,/checkout,87841,,
8000000135,9000000000000084,1,1737146580,5,20,referral,partner.example,desktop,Firefox,Spain,Madrid,0,1,/catalog/accessories,0,,,,
8000000778,9000000000000085,1,1736169900,1,13,cpc,paid-media,desktop,Firefox,Spain,Madrid,0,1,/catalog/apparel,0,,,,
8000003224,9000000000000086,0,1737909600,7,16,referral,partner.example,desktop,Chrome,United Kingdom,England,0,1,/catalog/apparel,0,/catalog/accessories,21340,,
8000000533,9000000000000087,1,1737813780,6,14,email,newsletter,mobile,Safari,Portugal,Lisbon,0,1,/home,0,,,,
8000000714,9000000000000088,1,1736733060,1,1,organic,search-engine,desktop,Safari,Germany,Berlin,0,3,/home,0,/checkout,69271,/basket,149083
8000002979,9000000000000089,1,1738280460,4,23,(none),(direct),desktop,Edge,Portugal,Lisbon,0,1,/home,0,/product/featured-item,16150,,
8000001320,9000000000000090,1,1738081500,2,16,referral,partner.example,desktop,Edge,France,Ile-de-France,0,4,/product/featured-item,0,,,,
8000001208,9000000000000091,1,1737473640,2,15,(none),(direct),mobile,Safari,Portugal,Lisbon,0,1,/catalog/apparel,0,,,,
8000001695,9000000000000092,1,1737022320,4,10,cpc,paid-media,desktop,Edge,Portugal,Lisbon,0,1,/home,0,/catalog/electronics,22006,,
8000000382,9000000000000093,1,1737387780,1,15,organic,search-engine,mobile,Firefox,France,Ile-de-France,0,1,/catalog/electronics,0,,,,
8000001449,9000000000000094,1,1738305780,5,6,cpc,paid-media,mobile,Safari,Portugal,Lisbon,0,1,/catalog/electronics,0,,,,
8000000919,9000000000000095,0,1736115120,7,22,email,newsletter,mobile,Chrome,France,Ile-de-France,0,1,/catalog/accessories,0,/catalog/electronics,75526,,
8000000119,9000000000000096,1,1736398980,4,5,email,newsletter,mobile,Safari,France,Ile-de-France,0,1,/catalog/electronics,0,,,,
8000000286,9000000000000097,0,1736247420,2,10,organic,search-engine,desktop,Chrome,United Kingdom,England,0,2,/catalog/apparel,0,/product/featured-item,44517,/catalog/electronics,148338
8000000645,9000000000000098,1,1738119000,3,2,organic,search-engine,mobile,Chrome,France,Ile-de-France,0,1,/home,0,/product/featured-item,37804,,
8000001161,9000000000000099,1,1738356420,5,20,(none),(direct),desktop,Safari,France,Ile-de-France,0,2,/catalog/accessories,0,/product/featured-item,28794,,
8000001186,9000000000000100,0,1736979780,3,22,organic,search-engine,desktop,Firefox,Germany,Berlin,0,1,/home,0,/product/featured-item,75233,,
8000001787,9000000000000101,0,1735763280,3,20,cpc,paid-media,mobile,Safari,France,Ile-de-France,0,2,/product/featured-item,0,/basket,55088,/basket,59821
8000001885,9000000000000102,1,1737112440,5,11,organic,search-engine,desktop,Firefox,Portugal,Lisbon,0,2,/home,0,/basket,42668,/catalog/accessories,142422
8000002091,9000000000000103,0,1738179540,3,19,organic,search-engine,desktop,Safari,Spain,Madrid,0,1,/catalog/apparel,0,,,,
8000001049,9000000000000104,1,1736465280,4,23,referral,partner.example,mobile,Firefox,Portugal,Lisbon,0,2,/catalog/accessories,0,/checkout,77952,,
8000000619,9000000000000105,1,1737418800,2,0,organic,search-engine,desktop,Chrome,France,Ile-de-France,0,1,/catalog/electronics,0,,,,
8000000155,9000000000000106,1,1735913280,5,14,email,newsletter,mobile,Edge,Portugal,Lisbon,0,1,/product/featured-item,0,,,,
8000003244,9000000000000107,1,1735850880,4,20,cpc,paid-media,mobile,Safari,United Kingdom,England,0,3,/catalog/electronics,0,,,,
8000000424,9000000000000108,1,1737040020,4,15,organic,search-engine,desktop,Firefox,Spain,Madrid,0,1,/catalog/accessories,0,/checkout,81928,/basket,104735
8000002781,9000000000000109,0,1738040580,2,5,organic,search-engine,mobile,Safari,France,Ile-de-France,0,1,/product/featured-item,0,/catalog/apparel,35029,,
8000002719,9000000000000110,1,1736245680,2,10,email,newsletter,desktop,Firefox,Germany,Berlin,0,2,/product/featured-item,0,/checkout,51372,,
8000000383,9000000000000111,1,1738229820,4,9,cpc,paid-media,desktop,Safari,Portugal,Lisbon,0,1,/catalog/accessories,0,/catalog/accessories,65736,,
8000003459,9000000000000112,1,1736087280,7,14,(none),(direct),mobile,Safari,United Kingdom,England,0,1,/product/featured-item,0,/catalog/electronics,80282,,
8000003314,9000000000000113,1,1736340480,3,12,cpc,paid-media,desktop,Firefox,France,Ile-de-France,0,2,/catalog/electronics,0,,,,
8000000959,9000000000000114,1,1737789360,6,7,referral,partner.example,desktop,Edge,Germany,Berlin,0,1,/catalog/accessories,0,,,,
8000003188,9000000000000115,1,1737191160,6,9,(none),(direct),desktop,Firefox,Spain,Madrid,0,1,/catalog/electronics,0,,,,
8000001521,9000000000000116,0,1737870120,7,5,organic,search-engine,mobile,Firefox,United Kingdom,England,0,1,/product/featured-item,0,,,,
8000000604,9000000000000117,0,1737409800,1,21,organic,search-engine,mobile,Edge,Spain,Madrid,0,1,/product/featured-item,0,,,,
8000001532,9000000000000118,1,1736616660,6,17,cpc,paid-media,tablet,Safari,France,Ile-de-France,0,1,/catalog/accessories,0,/catalog/electronics,87191,,
8000003399,9000000000000119,0,1737547320,3,12,referral,partner.example,mobile,Edge,Germany,Berlin,0,1,/catalog/accessories,0,/catalog/apparel,30266,,
8000000974,9000000000000120,1,1736873760,2,16,organic,search-engine,desktop,Edge,Germany,Berlin,0,1,/home,0,,,,
8000002589,9000000000000121,1,1737716100,5,10,(none),(direct),desktop,Chrome,Spain,Madrid,0,1,/catalog/accessories,0,/catalog/apparel,56600,,
8000000278,9000000000000122,0,1737758100,5,22,(none),(direct),desktop,Firefox,United Kingdom,England,0,2,/catalog/accessories,0,/product/featured-item,52709,,
8000003230,9000000000000123,1,1735955220,6,1,email,newsletter,desktop,Chrome,Portugal,Lisbon,0,1,/catalog/accessories,0,,,,
8000003333,9000000000000124,1,1738217160,4,6,referral,partner.example,mobile,Safari,Germany,Berlin,0,1,/catalog/electronics,0,,,,
8000000152,9000000000000125,1,1736843460,2,8,referral,partner.example,desktop,Edge,Spain,Madrid,0,4,/product/featured-item,0,,,,
8000001940,9000000000000126,0,1736685660,7,12,organic,search-engine,mobile,Edge,Spain,Madrid,0,2,/catalog/electronics,0,/catalog/apparel,18315,,
8000001584,9000000000000127,1,1737022740,4,10,referral,partner.example,desktop,Safari,Germany,Berlin,0,1,/catalog/accessories,0,/basket,12345,/catalog/accessories,70785
8000000421,9000000000000128,0,1736004420,6,15,email,newsletter,mobile,Firefox,France,Ile-de-France,0,1,/catalog/electronics,0,/checkout,7551,/basket,104816
8000001125,9000000000000129,0,1738204080,4,2,organic,search-engine,desktop,Edge,Germany,Berlin,0,1,/home,0,/checkout,20714,,
8000000967,9000000000000130,1,1738226460,4,8,email,newsletter,desktop,Chrome,United Kingdom,England,0,1,/product/featured-item,0,/catalog/accessories,50760,,
8000001504,9000000000000131,1,1737254700,7,2,email,newsletter,mobile,Edge,Spain,Madrid,0,3,/home,0,,,,
8000001073,9000000000000132,0,1736713080,7,20,cpc,paid-media,desktop,Edge,United Kingdom,England,0,4,/catalog/accessories,0,/product/featured-item,61250,/catalog/electronics,85880
8000002736,9000000000000133,1,1737055680,4,19,organic,search-engine,desktop,Safari,France,Ile-de-France,0,2,/product/featured-item,0,,,,
8000000919,9000000000000134,1,1736166780,1,12,referral,partner.example,mobile,Firefox,Spain,Madrid,0,1,/product/featured-item,0,,,,
8000000532,9000000000000135,1,1738095840,2,20,organic,search-engine,desktop,Edge,Germany,Berlin,0,2,/home,0,,,,
8000000514,9000000000000136,1,1736936160,3,10,organic,search-engine,desktop,Chrome,United Kingdom,England,0,2,/product/featured-item,0,/basket,18912,,
8000000627,9000000000000137,1,1736885460,2,20,referral,partner.example,desktop,Firefox,Spain,Madrid,0,1,/catalog/accessories,0,/basket,34847,,
8000002517,9000000000000138,0,1737787320,6,6,organic,search-engine,desktop,Chrome,Spain,Madrid,0,2,/home,0,/basket,81316,/checkout,127568
8000000333,9000000000000139,1,1735868340,5,1,(none),(direct),desktop,Edge,Spain,Madrid,0,2,/product/featured-item,0,,,,
8000001187,9000000000000140,1,1738213680,4,5,email,newsletter,desktop,Safari,Germany,Berlin,0,1,/catalog/apparel,0,/catalog/apparel,56476,,
8000001281,9000000000000141,1,1736945160,3,12,email,newsletter,tablet,Safari,Spain,Madrid,0,1,/catalog/accessories,0,,,,
8000001842,9000000000000142,1,1736664420,7,6,referral,partner.example,desktop,Safari,France,Ile-de-France,0,2,/product/featured-item,0,,,,
8000002954,9000000000000143,0,1736919240,3,5,referral,partner.example,mobile,Edge,Germany,Berlin,0,1,/catalog/electronics,0,,,,
8000002071,9000000000000144,1,1737487500,2,19,referral,partner.example,desktop,Firefox,France,Ile-de-France,0,1,/home,0,/catalog/electronics,87755,,
8000001766,9000000000000145,1,1736216220,2,2,email,newsletter,mobile,Edge,Germany,Berlin,0,2,/catalog/accessories,0,/product/featured-item,74512,/checkout,114339
8000003381,9000000000000146,1,1738140240,3,8,(none),(direct),desktop,Edge,Portugal,Lisbon,0,1,/home,0,/catalog/electronics,20909,,
8000000160,9000000000000147,1,1736228400,2,5,email,newsletter,mobile,Edge,United Kingdom,England,0,4,/catalog/accessories,0,/basket,82356,,
8000002432,9000000000000148,1,1737012240,4,7,(none),(direct),mobile,Chrome,United Kingdom,England,0,1,/catalog/accessories,0,/basket,16366,/catalog/accessories,72962
8000002686,9000000000000149,1,1737964200,1,7,(none),(direct),desktop,Safari,Portugal,Lisbon,0,1,/home,0,/catalog/accessories,51832,,
8000000782,9000000000000150,1,1735764060,3,20,cpc,paid-media,desktop,Safari,Spain,Madrid,0,1,/catalog/electronics,0,/catalog/accessories,10163,/checkout,104670
8000002153,9000000000000151,1,1737171300,6,3,email,newsletter,tablet,Firefox,Germany,Berlin,0,1,/catalog/apparel,0,,,,
8000001010,9000000000000152,1,1736786640,1,16,(none),(direct),desktop,Edge,France,Ile-de-France,0,1,/catalog/accessories,0,,,,
8000002296,9000000000000153,1,1736764860,1,10,email,newsletter,desktop,Firefox,United Kingdom,England,0,3,/home,0,/product/featured-item,21198,,
8000001419,9000000000000154,1,1737429060,2,3,email,newsletter,mobile,Safari,Spain,Madrid,0,1,/product/featured-item,0,/basket,19992,/checkout,36308
8000000925,9000000000000155,1,1738198080,4,0,referral,partner.example,desktop,Edge,Germany,Berlin,1,1,/catalog/apparel,0,/product/featured-item,74135,/catalog/electronics,96836
8000003097,9000000000000156,1,1736819040,2,1,email,newsletter,desktop,Chrome,Portugal,Lisbon,0,3,/catalog/apparel,0,,,,
8000001712,9000000000000157,0,1736380800,4,0,organic,search-engine,tablet,Firefox,Germany,Berlin,0,2,/home,0,,,,
8000001223,9000000000000158,0,1737922860,7,20,(none),(direct),desktop,Edge,France,Ile-de-France,0,1,/home,0,/checkout,19589,,
8000001355,9000000000000159,1,1736328540,3,9,cpc,paid-media,mobile,Edge,Spain,Madrid,0,2,/product/featured-item,0,/catalog/electronics,27318,,
8000001344,9000000000000160,0,1736030640,6,22,cpc,paid-media,mobile,Chrome,Spain,Madrid,0,1,/catalog/apparel,0,,,,
8000001830,9000000000000161,1,1736739420,1,3,email,newsletter,desktop,Edge,United Kingdom,England,0,1,/catalog/accessories,0,/checkout,17495,/catalog/electronics,80495
8000002828,9000000000000162,1,1736151240,1,8,email,newsletter,desktop,Edge,Spain,Madrid,0,2,/catalog/apparel,0,/catalog/accessories,81395,/basket,132366
8000003121,9000000000000163,1,1736662620,7,6,(none),(direct),mobile,Safari,Portugal,Lisbon,0,1,/catalog/apparel,0,/basket,75946,,
8000000674,9000000000000164,0,1736979780,3,22,(none),(direct),desktop,Edge,Spain,Madrid,0,2,/catalog/electronics,0,,,,
8000000541,9000000000000165,1,1737707760,5,8,cpc,paid-media,desktop,Chrome,Portugal,Lisbon,0,2,/product/featured-item,0,/checkout,53897,,
8000000300,9000000000000166,1,1735867680,5,1,cpc,paid-media,desktop,Edge,Portugal,Lisbon,0,1,/catalog/apparel,0,/catalog/apparel,63875,,
8000003137,9000000000000167,1,1738212120,4,4,cpc,paid-media,desktop,Edge,Germany,Berlin,0,1,/catalog/apparel,0,/product/featured-item,47582,/checkout,65131
8000003420,9000000000000168,1,1735703220,3,3,organic,search-engine,tablet,Safari,Germany,Berlin,0,1,/catalog/accessories,0,,,,
8000000636,9000000000000169,1,1736773440,1,13,referral,partner.example,mobile,Edge,Portugal,Lisbon,0,1,/home,0,/checkout,10819,/catalog/accessories,26043
8000001003,9000000000000170,1,1735863540,5,0,cpc,paid-media,desktop,Firefox,United Kingdom,England,0,1,/catalog/apparel,0,/catalog/apparel,77511,/product/featured-item,121310
8000002705,9000000000000171,1,1737739200,5,17,referral,partner.example,desktop,Edge,France,Ile-de-France,0,1,/catalog/accessories,0,/basket,84050,,
8000002636,9000000000000172,1,1738329420,5,13,cpc,paid-media,mobile,Safari,France,Ile-de-France,0,2,/catalog/electronics,0,,,,
8000000988,9000000000000173,1,1736575680,6,6,email,newsletter,mobile,Edge,Spain,Madrid,0,1,/catalog/apparel,0,,,,
8000001591,9000000000000174,1,1736644500,7,1,email,newsletter,desktop,Safari,Portugal,Lisbon,0,1,/catalog/electronics,0,,,,
8000002760,9000000000000175,1,1738068420,2,12,(none),(direct),desktop,Firefox,Portugal,Lisbon,0,1,/home,0,/basket,64835,,
8000000868,9000000000000176,1,1736436780,4,15,organic,search-engine,mobile,Edge,Germany,Berlin,0,3,/product/featured-item,0,,,,
8000001318,9000000000000177,0,1736802600,1,21,cpc,paid-media,desktop,Edge,France,Ile-de-France,0,2,/catalog/accessories,0,/catalog/electronics,14924,,
8000000833,9000000000000178,1,1737147240,5,20,email,newsletter,desktop,Edge,United Kingdom,England,0,1,/catalog/apparel,0,,,,
8000001352,9000000000000179,0,1736594040,6,11,cpc,paid-media,mobile,Edge,Spain,Madrid,0,1,/catalog/accessories,0,/checkout,66044,,
8000000694,9000000000000180,1,1736239920,2,8,(none),(direct),desktop,Chrome,United Kingdom,England,0,3,/home,0,,,,
8000003131,9000000000000181,1,1735714680,3,6,cpc,paid-media,desktop,Edge,Spain,Madrid,0,1,/home,0,/catalog/accessories,9923,/checkout,92903
8000000028,9000000000000182,0,1737782340,6,5,(none),(direct),desktop,Edge,Portugal,Lisbon,0,2,/catalog/apparel,0,/catalog/electronics,67826,,
8000000439,9000000000000183,1,1736068320,7,9,(none),(direct),desktop,Edge,Spain,Madrid,0,1,/catalog/apparel,0,/catalog/electronics,54022,,
8000002856,9000000000000184,0,1736577660,6,6,email,newsletter,mobile,Chrome,Portugal,Lisbon,0,1,/catalog/electronics,0,,,,
8000002264,9000000000000185,0,1737561300,3,15,organic,search-engine,mobile,Chrome,Spain,Madrid,0,1,/product/featured-item,0,/product/featured-item,14499,,
8000001948,9000000000000186,1,1736755560,1,8,organic,search-engine,mobile,Firefox,France,Ile-de-France,0,1,/catalog/apparel,0,,,,
8000002405,9000000000000187,1,1736256540,2,13,cpc,paid-media,mobile,Safari,France,Ile-de-France,0,2,/home,0,/catalog/accessories,72852,,
8000002052,9000000000000188,0,1737049560,4,17,organic,search-engine,desktop,Edge,Spain,Madrid,0,3,/catalog/accessories,0,,,,
8000000122,9000000000000189,1,1738183020,3,20,email,newsletter,mobile,Edge,Germany,Berlin,0,1,/product/featured-item,0,/catalog/electronics,26345,,
8000001210,9000000000000190,1,1736658660,7,5,organic,search-engine,desktop,Firefox,Spain,Madrid,0,1,/catalog/accessories,0,/checkout,15965,/basket,29960
8000000419,9000000000000191,1,1736210580,2,0,organic,search-engine,desktop,Firefox,Germany,Berlin,0,2,/home,0,/basket,74642,/catalog/accessories,88840
8000001196,9000000000000192,1,1737316740,7,19,cpc,paid-media,mobile,Safari,United Kingdom,England,0,1,/catalog/apparel,0,,,,
8000000569,9000000000000193,1,1736746980,1,5,email,newsletter,desktop,Safari,Spain,Madrid,0,2,/catalog/electronics,0,/product/featured-item,12082,/product/featured-item,61415
8000002433,9000000000000194,1,1738114440,3,1,referral,partner.example,desktop,Safari,Spain,Madrid,0,1,/product/featured-item,0,/product/featured-item,45193,/checkout,104893
8000002848,9000000000000195,1,1736479380,5,3,cpc,paid-media,desktop,Edge,Germany,Berlin,0,3,/catalog/apparel,0,,,,
8000001335,9000000000000196,0,1737168300,6,2,email,newsletter,mobile,Edge,Germany,Berlin,0,3,/catalog/apparel,0,/basket,74102,/checkout,79629
8000001796,9000000000000197,1,1736835120,2,6,organic,search-engine,mobile,Firefox,Germany,Berlin,0,1,/catalog/electronics,0,,,,
8000003233,9000000000000198,1,1737171960,6,3,organic,search-engine,desktop,Firefox,United Kingdom,England,0,1,/product/featured-item,0,/product/featured-item,56827,,
8000002433,9000000000000199,1,1738198980,4,1,organic,search-engine,desktop,Chrome,Spain,Madrid,0,1,/catalog/electronics,0,,,,
8000003083,9000000000000200,1,1736993460,4,2,cpc,paid-media,desktop,Firefox,Portugal,Lisbon,0,1,/product/featured-item,0,/basket,77397,,
8000002829,9000000000000201,1,1737657480,4,18,referral,partner.example,desktop,Edge,Portugal,Lisbon,0,2,/product/featured-item,0,/catalog/electronics,20569,/catalog/accessories,68225
8000001979,9000000000000202,1,1737059160,4,20,cpc,paid-media,desktop,Safari,Germany,Berlin,1,3,/catalog/apparel,0,/catalog/electronics,46967,/catalog/accessories,133897
8000002114,9000000000000203,1,1736375520,3,22,(none),(direct),desktop,Edge,United Kingdom,England,0,1,/product/featured-item,0,/product/featured-item,26430,/basket,112378
8000000809,9000000000000204,0,1737457380,2,11,(none),(direct),desktop,Chrome,Portugal,Lisbon,0,1,/product/featured-item,0,,,,
8000000766,9000000000000205,1,1737127920,5,15,email,newsletter,desktop,Edge,Portugal,Lisbon,0,1,/catalog/accessories,0,/product/featured-item,80246,,
8000001442,9000000000000206,1,1737489960,2,20,(none),(direct),desktop,Firefox,France,Ile-de-France,0,1,/catalog/accessories,0,,,,
8000000480,9000000000000207,1,1736409360,4,7,email,newsletter,mobile,Safari,United Kingdom,England,0,1,/catalog/electronics,0,/basket,65788,/basket,151084
8000001184,9000000000000208,0,1736241240,2,9,referral,partner.example,desktop,Edge,Germany,Berlin,0,1,/catalog/electronics,0,/catalog/electronics,27575,,
8000001703,9000000000000209,0,1737434880,2,4,cpc,paid-media,desktop,Edge,United Kingdom,England,0,1,/home,0,/catalog/accessories,39836,/product/featured-item,63883
8000002346,9000000000000210,0,1736138640,1,4,email,newsletter,mobile,Chrome,France,Ile-de-France,0,2,/catalog/apparel,0,/catalog/apparel,30644,,
8000001220,9000000000000211,1,1735816320,4,11,cpc,paid-media,desktop,Edge,Portugal,Lisbon,0,1,/catalog/apparel,0,/catalog/apparel,79060,,
8000003215,9000000000000212,1,1736502060,5,9,referral,partner.example,mobile,Firefox,United Kingdom,England,0,3,/product/featured-item,0,/catalog/electronics,40356,,
8000002783,9000000000000213,0,1736064000,7,8,referral,partner.example,tablet,Safari,Germany,Berlin,0,1,/catalog/apparel,0,,,,
8000001023,9000000000000214,1,1736264640,2,15,email,newsletter,mobile,Chrome,Germany,Berlin,0,1,/catalog/accessories,0,/basket,51174,,
8000002846,9000000000000215,1,1737140820,5,19,cpc,paid-media,tablet,Edge,France,Ile-de-France,0,1,/catalog/electronics,0,/checkout,48952,/basket,162377
8000003379,9000000000000216,1,1736522580,5,15,cpc,paid-media,desktop,Edge,France,Ile-de-France,0,1,/catalog/apparel,0,/basket,8345,/basket,16366
8000001808,9000000000000217,1,1737484680,2,18,organic,search-engine,tablet,Firefox,Germany,Berlin,0,1,/catalog/accessories,0,/checkout,41566,,
8000001026,9000000000000218,1,1736013660,6,18,email,newsletter,mobile,Safari,Spain,Madrid,0,1,/catalog/apparel,0,/checkout,13953,/catalog/electronics,108188
8000002432,9000000000000219,1,1736578980,6,7,(none),(direct),mobile,Edge,Portugal,Lisbon,0,1,/catalog/electronics,0,/catalog/electronics,57353,,
8000000366,9000000000000220,1,1736092320,7,15,organic,search-engine,desktop,Chrome,France,Ile-de-France,0,1,/catalog/apparel,0,/catalog/accessories,10966,,
8000001803,9000000000000221,1,1737070500,4,23,referral,partner.example,mobile,Safari,Spain,Madrid,0,1,/home,0,,,,
8000000574,9000000000000222,1,1736173860,1,14,(none),(direct),mobile,Firefox,France,Ile-de-France,0,1,/catalog/apparel,0,,,,
8000002267,9000000000000223,0,1738052820,2,8,(none),(direct),mobile,Firefox,France,Ile-de-France,0,1,/product/featured-item,0,,,,
8000002088,9000000000000224,1,1736431380,4,14,cpc,paid-media,desktop,Edge,Portugal,Lisbon,0,1,/catalog/electronics,0,,,,
8000002614,9000000000000225,1,1738024980,2,0,organic,search-engine,desktop,Edge,Portugal,Lisbon,0,1,/catalog/apparel,0,,,,
8000003125,9000000000000226,1,1737541680,3,10,organic,search-engine,desktop,Edge,Portugal,Lisbon,0,1,/catalog/electronics,0,/catalog/accessories,54163,/catalog/accessories,122565
8000000338,9000000000000227,1,1738208280,4,3,(none),(direct),desktop,Chrome,Spain,Madrid,0,1,/catalog/electronics,0,/catalog/electronics,22365,/catalog/electronics,94670
8000002990,9000000000000228,0,1736627940,6,20,organic,search-engine,desktop,Chrome,Germany,Berlin,0,1,/catalog/apparel,0,/basket,88252,,
8000002874,9000000000000229,0,1735734180,3,12,referral,partner.example,desktop,Chrome,France,Ile-de-France,0,1,/catalog/electronics,0,/checkout,37227,/product/featured-item,135294
8000001115,9000000000000230,1,1737749460,5,20,organic,search-engine,desktop,Chrome,United Kingdom,England,0,1,/product/featured-item,0,,,,
8000000684,9000000000000231,1,1737135360,5,17,referral,partner.example,desktop,Chrome,Portugal,Lisbon,0,1,/home,0,,,,
8000001002,9000000000000232,1,1735870380,5,2,cpc,paid-media,desktop,Firefox,Spain,Madrid,0,1,/catalog/accessories,0,/catalog/apparel,87944,,
8000001112,9000000000000233,1,1735995840,6,13,(none),(direct),desktop,Chrome,United Kingdom,England,0,3,/home,0,,,,
8000001906,9000000000000234,1,1736799660,1,20,email,newsletter,desktop,Edge,United Kingdom,England,0,4,/catalog/apparel,0,/catalog/electronics,83620,/checkout,117415
8000003001,9000000000000235,1,1737838740,6,20,referral,partner.example,desktop,Firefox,Germany,Berlin,0,1,/product/featured-item,0,/basket,2191,/catalog/accessories,103665
8000000976,9000000000000236,0,1737340380,1,2,cpc,paid-media,tablet,Edge,Spain,Madrid,0,1,/catalog/accessories,0,,,,
8000001878,9000000000000237,1,1736023440,6,20,(none),(direct),desktop,Chrome,Spain,Madrid,0,1,/catalog/apparel,0,,,,
8000000970,9000000000000238,1,1736836500,2,6,email,newsletter,mobile,Firefox,Germany,Berlin,0,1,/catalog/apparel,0,,,,
8000000558,9000000000000239,1,1737988740,1,14,organic,search-engine,desktop,Firefox,Spain,Madrid,0,2,/home,0,/catalog/electronics,29215,/checkout,90448
8000000646,9000000000000240,1,1736885820,2,20,(none),(direct),desktop,Safari,France,Ile-de-France,0,1,/catalog/electronics,0,/checkout,8416,/product/featured-item,99175
8000001853,9000000000000241,1,1737875640,7,7,(none),(direct),desktop,Edge,Germany,Berlin,0,1,/home,0,/catalog/accessories,31135,/catalog/accessories,50268
8000002386,9000000000000242,0,1737994260,1,16,email,newsletter,mobile,Firefox,Portugal,Lisbon,0,1,/catalog/electronics,0,/catalog/apparel,14055,/basket,127109
8000000208,9000000000000243,0,1736350140,3,15,(none),(direct),desktop,Firefox,Germany,Berlin,0,1,/catalog/apparel,0,/product/featured-item,30143,,
8000000142,9000000000000244,1,1738104360,2,22,(none),(direct),mobile,Safari,France,Ile-de-France,0,1,/product/featured-item,0,/basket,19987,/catalog/accessories,76936
8000003256,9000000000000245,1,1735766340,3,21,cpc,paid-media,mobile,Firefox,France,Ile-de-France,0,1,/home,0,/product/featured-item,52905,/checkout,90351
8000003321,9000000000000246,1,1736794260,1,18,organic,search-engine,mobile,Safari,Germany,Berlin,0,1,/home,0,/basket,15124,,
8000003130,9000000000000247,1,1736552340,5,23,(none),(direct),mobile,Firefox,Germany,Berlin,0,3,/product/featured-item,0,/catalog/accessories,49026,/checkout,128563
8000000583,9000000000000248,1,1737903780,7,15,referral,partner.example,mobile,Chrome,Germany,Berlin,0,1,/home,0,/catalog/accessories,32490,,
8000001359,9000000000000249,0,1738104420,2,22,referral,partner.example,mobile,Firefox,France,Ile-de-France,0,1,/catalog/apparel,0,,,,
8000002403,9000000000000250,0,1736246580,2,10,organic,search-engine,mobile,Edge,France,Ile-de-France,0,1,/catalog/accessories,0,,,,
8000001237,9000000000000251,1,1736958120,3,16,referral,partner.example,tablet,Safari,Germany,Berlin,0,1,/product/featured-item,0,,,,
8000002841,9000000000000252,0,1738102800,2,22,email,newsletter,desktop,Firefox,United Kingdom,England,0,1,/home,0,,,,
8000002876,9000000000000253,0,1737942060,1,1,cpc,paid-media,mobile,Safari,United Kingdom,England,0,1,/home,0,/basket,76127,/checkout,91772
8000000975,9000000000000254,0,1737053280,4,18,email,newsletter,desktop,Firefox,Portugal,Lisbon,0,1,/catalog/accessories,0,,,,
8000000859,9000000000000255,1,1736670780,7,8,organic,search-engine,desktop,Edge,Portugal,Lisbon,0,3,/catalog/electronics,0,,,,
8000002020,9000000000000256,1,1737178740,6,5,email,newsletter,desktop,Safari,Portugal,Lisbon,0,1,/home,0,,,,
8000003274,9000000000000257,1,1735820940,4,12,email,newsletter,desktop,Edge,France,Ile-de-France,0,1,/home,0,,,,
8000002241,9000000000000258,1,1736055660,7,5,email,newsletter,mobile,Safari,United Kingdom,England,0,1,/catalog/electronics,0,,,,
8000000644,9000000000000259,1,1735900140,5,10,organic,search-engine,desktop,Firefox,Spain,Madrid,0,1,/home,0,/basket,36768,,
8000001610,9000000000000260,1,1737937860,1,0,(none),(direct),mobile,Chrome,Spain,Madrid,0,1,/catalog/apparel,0,/catalog/apparel,83931,/product/featured-item,164602
8000002615,9000000000000261,1,1736837040,2,6,organic,search-engine,desktop,Edge,Portugal,Lisbon,0,1,/catalog/electronics,0,/product/featured-item,73319,/product/featured-item,126112
8000000183,9000000000000262,1,1736724900,7,23,cpc,paid-media,desktop,Chrome,Spain,Madrid,0,1,/catalog/accessories,0,,,,
8000003311,9000000000000263,0,1737818640,6,15,cpc,paid-media,tablet,Edge,United Kingdom,England,0,1,/catalog/apparel,0,/catalog/apparel,56870,,
8000001951,9000000000000264,1,1736864700,2,14,organic,search-engine,desktop,Edge,Portugal,Lisbon,0,1,/catalog/apparel,0,/basket,83300,,
8000000868,9000000000000265,0,1736447400,4,18,referral,partner.example,desktop,Safari,Portugal,Lisbon,0,2,/catalog/accessories,0,,,,
8000001310,9000000000000266,0,1735953060,6,1,organic,search-engine,desktop,Edge,Germany,Berlin,0,1,/catalog/apparel,0,/catalog/electronics,3620,,
8000000608,9000000000000267,1,1737917520,7,18,(none),(direct),mobile,Firefox,Portugal,Lisbon,0,2,/catalog/accessories,0,,,,
8000001684,9000000000000268,1,1736728200,1,0,cpc,paid-media,mobile,Chrome,United Kingdom,England,0,1,/catalog/accessories,0,/catalog/apparel,81777,/basket,173012
8000002829,9000000000000269,0,1736623740,6,19,organic,search-engine,mobile,Firefox,France,Ile-de-France,0,1,/catalog/electronics,0,,,,
8000002852,9000000000000270,0,1736075760,7,11,referral,partner.example,desktop,Chrome,Germany,Berlin,0,1,/catalog/apparel,0,,,,
8000003375,9000000000000271,1,1737290640,7,12,cpc,paid-media,mobile,Firefox,France,Ile-de-France,0,1,/catalog/electronics,0,,,,
8000000556,9000000000000272,1,1737751140,5,20,(none),(direct),desktop,Chrome,Spain,Madrid,0,1,/catalog/accessories,0,,,,
8000002887,9000000000000273,1,1736472480,5,1,email,newsletter,desktop,Edge,Germany,Berlin,0,1,/catalog/electronics,0,/checkout,33711,,
8000002404,9000000000000274,1,1737857520,7,2,email,newsletter,desktop,Edge,France,Ile-de-France,0,1,/product/featured-item,0,,,,
8000003195,9000000000000275,1,1736532300,5,18,referral,partner.example,mobile,Safari,Spain,Madrid,0,1,/product/featured-item,0,/product/featured-item,3166,,
8000003281,9000000000000276,1,1735722840,3,9,referral,partner.example,desktop,Edge,France,Ile-de-France,0,2,/catalog/electronics,0,,,,
8000001033,9000000000000277,1,1736547600,5,22,cpc,paid-media,desktop,Firefox,United Kingdom,England,0,1,/product/featured-item,0,,,,
8000002495,9000000000000278,1,1736801100,1,20,email,newsletter,mobile,Firefox,Germany,Berlin,0,1,/product/featured-item,0,/catalog/electronics,36229,,
8000003136,9000000000000279,1,1736634480,6,22,organic,search-engine,mobile,Firefox,United Kingdom,England,0,1,/catalog/electronics,0,/catalog/electronics,87904,,
8000001658,9000000000000280,1,1737216300,6,16,organic,search-engine,mobile,Edge,United Kingdom,England,0,3,/catalog/accessories,0,,,,
8000002078,9000000000000281,0,1736869980,2,15,referral,partner.example,mobile,Firefox,United Kingdom,England,0,1,/catalog/apparel,0,/catalog/apparel,75273,/product/featured-item,177270
8000001456,9000000000000282,1,1736567760,6,3,email,newsletter,desktop,Chrome,France,Ile-de-France,0,1,/catalog/apparel,0,/basket,85151,/catalog/accessories,163641
8000002050,9000000000000283,0,1736160720,1,10,cpc,paid-media,desktop,Edge,Germany,Berlin,0,1,/catalog/apparel,0,/catalog/accessories,76632,/catalog/electronics,195658
8000003191,9000000000000284,0,1736007360,6,16,cpc,paid-media,desktop,Edge,Spain,Madrid,0,2,/home,0,/catalog/apparel,24099,/product/featured-item,101633
8000000531,9000000000000285,0,1738105800,2,23,cpc,paid-media,mobile,Safari,Germany,Berlin,0,1,/home,0,/product/featured-item,50903,/catalog/accessories,54748
8000002567,9000000000000286,1,1736667960,7,7,referral,partner.example,mobile,Firefox,France,Ile-de-France,0,1,/product/featured-item,0,/catalog/apparel,10557,/checkout,120539
8000002443,9000000000000287,1,1737750480,5,20,email,newsletter,desktop,Safari,Spain,Madrid,0,1,/home,0,/product/featured-item,54873,/catalog/electronics,59379
8000002416,9000000000000288,1,1737673860,4,23,referral,partner.example,desktop,Chrome,Portugal,Lisbon,0,1,/home,0,/checkout,79846,/checkout,88132
8000001708,9000000000000289,1,1737436680,2,5,cpc,paid-media,desktop,Firefox,France,Ile-de-France,0,1,/catalog/apparel,0,/catalog/accessories,88725,/catalog/accessories,103960
8000001716,9000000000000290,0,1736102100,7,18,(none),(direct),mobile,Safari,Portugal,Lisbon,0,1,/catalog/electronics,0,/catalog/apparel,36471,,
8000001210,9000000000000291,1,1736320200,3,7,organic,search-engine,desktop,Chrome,Spain,Madrid,0,1,/home,0,,,,
8000003422,9000000000000292,0,1737947220,1,3,cpc,paid-media,desktop,Firefox,Portugal,Lisbon,0,1,/catalog/electronics,0,,,,
8000001213,9000000000000293,1,1736728140,1,0,cpc,paid-media,desktop,Firefox,Spain,Madrid,0,1,/home,0,,,,
8000000390,9000000000000294,1,1735870020,5,2,organic,search-engine,mobile,Firefox,Spain,Madrid,0,1,/catalog/electronics,0,/product/featured-item,14183,,
8000001640,9000000000000295,0,1737484740,2,18,email,newsletter,mobile,Chrome,Germany,Berlin,0,1,/home,0,,,,
8000003459,9000000000000296,0,1736316360,3,6,organic,search-engine,desktop,Chrome,United Kingdom,England,0,2,/catalog/apparel,0,/basket,51774,,
8000001979,9000000000000297,0,1737608940,4,5,organic,search-engine,mobile,Safari,Germany,Berlin,0,4,/catalog/accessories,0,/catalog/electronics,70788,,
8000002127,9000000000000298,0,1737746520,5,19,(none),(direct),desktop,Chrome,Spain,Madrid,0,1,/catalog/apparel,0,/checkout,75183,,
8000002071,9000000000000299,1,1737534900,3,8,cpc,paid-media,mobile,Firefox,Portugal,Lisbon,0,1,/catalog/apparel,0,,,,
8000002255,9000000000000300,1,1738219200,4,6,cpc,paid-media,desktop,Chrome,Spain,Madrid,0,4,/home,0,/product/featured-item,67333,,
8000000421,9000000000000301,1,1737275940,7,8,cpc,paid-media,desktop,Safari,United Kingdom,England,0,1,/catalog/electronics,0,/catalog/apparel,85563,,
8000001397,9000000000000302,1,1737118320,5,12,organic,search-engine,mobile,Chrome,Germany,Berlin,0,1,/catalog/apparel,0,/basket,49617,,
8000000009,9000000000000303,1,1737031860,4,12,email,newsletter,mobile,Edge,France,Ile-de-France,0,1,/product/featured-item,0,/catalog/electronics,23516,,
8000000803,9000000000000304,1,1736427000,4,12,organic,search-engine,mobile,Chrome,Germany,Berlin,0,2,/catalog/electronics,0,/catalog/accessories,56325,,
8000001874,9000000000000305,0,1738278720,4,23,(none),(direct),tablet,Edge,Spain,Madrid,0,2,/catalog/electronics,0,,,,
8000002083,9000000000000306,0,1736386380,4,1,(none),(direct),desktop,Edge,Spain,Madrid,0,4,/catalog/apparel,0,/checkout,68074,,
8000001121,9000000000000307,1,1737254040,7,2,email,newsletter,tablet,Firefox,Germany,Berlin,0,2,/product/featured-item,0,,,,
8000001286,9000000000000308,0,1737866340,7,4,referral,partner.example,desktop,Safari,United Kingdom,England,0,4,/catalog/apparel,0,,,,
8000002064,9000000000000309,1,1737822720,6,16,email,newsletter,mobile,Firefox,France,Ile-de-France,0,2,/catalog/electronics,0,/basket,56719,,
8000003311,9000000000000310,1,1735739760,3,13,(none),(direct),desktop,Safari,Germany,Berlin,0,2,/catalog/accessories,0,/checkout,23094,/product/featured-item,62661
8000000836,9000000000000311,1,1737817560,6,15,organic,search-engine,desktop,Safari,Germany,Berlin,0,1,/catalog/accessories,0,/checkout,86819,,
8000002839,9000000000000312,1,1738302480,5,5,organic,search-engine,mobile,Edge,Germany,Berlin,1,2,/catalog/accessories,0,/checkout,34943,/checkout,63562
8000003093,9000000000000313,1,1738003200,1,18,(none),(direct),mobile,Safari,Spain,Madrid,0,4,/home,0,,,,
8000000766,9000000000000314,1,1736372940,3,21,(none),(direct),desktop,Safari,Portugal,Lisbon,0,1,/catalog/accessories,0,/basket,35425,/catalog/electronics,38164
8000002445,9000000000000315,1,1735889520,5,7,(none),(direct),mobile,Safari,France,Ile-de-France,0,1,/product/featured-item,0,/basket,43662,,
8000000653,9000000000000316,1,1737325080,7,22,(none),(direct),desktop,Edge,Portugal,Lisbon,0,4,/home,0,/catalog/accessories,40479,,
8000000470,9000000000000317,1,1738319940,5,10,email,newsletter,desktop,Firefox,United Kingdom,England,0,1,/home,0,,,,
8000001581,9000000000000318,1,1736698500,7,16,(none),(direct),mobile,Edge,Portugal,Lisbon,0,1,/catalog/accessories,0,,,,
8000002669,9000000000000319,1,1736446560,4,18,email,newsletter,desktop,Safari,Portugal,Lisbon,0,2,/catalog/electronics,0,/basket,29627,,
8000003423,9000000000000320,0,1736098200,7,17,referral,partner.example,desktop,Safari,Germany,Berlin,0,1,/catalog/accessories,0,,,,
8000000156,9000000000000321,1,1736033700,6,23,organic,search-engine,desktop,Edge,France,Ile-de-France,0,1,/home,0,/basket,55429,,
8000001596,9000000000000322,1,1738337100,5,15,organic,search-engine,desktop,Chrome,United Kingdom,England,0,1,/catalog/accessories,0,/checkout,11514,,
8000002485,9000000000000323,1,1736029740,6,22,email,newsletter,mobile,Firefox,Germany,Berlin,0,3,/catalog/apparel,0,/checkout,19875,/catalog/electronics,119753
8000001221,9000000000000324,1,1738352760,5,19,email,newsletter,tablet,Chrome,Portugal,Lisbon,1,1,/catalog/accessories,0,/basket,80204,/catalog/accessories,133857
8000000868,9000000000000325,1,1737312180,7,18,(none),(direct),desktop,Edge,Spain,Madrid,0,1,/home,0,/catalog/electronics,76356,/catalog/electronics,190062
8000001191,9000000000000326,1,1738330740,5,13,organic,search-engine,desktop,Safari,Spain,Madrid,0,1,/catalog/apparel,0,,,,
8000000410,9000000000000327,1,1736810760,1,23,(none),(direct),desktop,Firefox,Spain,Madrid,0,3,/catalog/apparel,0,/product/featured-item,21974,/product/featured-item,98102
8000000020,9000000000000328,1,1736921160,3,6,referral,partner.example,mobile,Firefox,Germany,Berlin,0,1,/home,0,/catalog/electronics,62666,/product/featured-item,123039
8000000720,9000000000000329,1,1738227960,4,9,(none),(direct),desktop,Firefox,France,Ile-de-France,0,2,/home,0,,,,
8000002980,9000000000000330,0,1735986060,6,10,organic,search-engine,mobile,Safari,Portugal,Lisbon,0,3,/product/featured-item,0,,,,
8000001068,9000000000000331,1,1737826560,6,17,(none),(direct),desktop,Chrome,Spain,Madrid,0,1,/product/featured-item,0,/catalog/accessories,40141,,
8000000044,9000000000000332,1,1738295340,5,3,referral,partner.example,mobile,Safari,United Kingdom,England,0,1,/product/featured-item,0,,,,
8000002701,9000000000000333,1,1736264460,2,15,cpc,paid-media,mobile,Firefox,Portugal,Lisbon,0,1,/catalog/electronics,0,/product/featured-item,7610,/product/featured-item,97242
8000000191,9000000000000334,0,1735846500,4,19,email,newsletter,desktop,Safari,United Kingdom,England,0,1,/catalog/electronics,0,,,,
8000001497,9000000000000335,1,1738000440,1,17,organic,search-engine,desktop,Firefox,Germany,Berlin,0,1,/catalog/electronics,0,,,,
8000002475,9000000000000336,1,1735715520,3,7,(none),(direct),mobile,Firefox,Germany,Berlin,0,1,/home,0,/catalog/apparel,21692,,
8000002708,9000000000000337,1,1736595300,6,11,cpc,paid-media,mobile,Safari,Portugal,Lisbon,0,1,/catalog/apparel,0,/product/featured-item,55857,/checkout,60799
8000000552,9000000000000338,0,1738165020,3,15,(none),(direct),desktop,Chrome,United Kingdom,England,0,2,/catalog/accessories,0,/catalog/accessories,55143,/catalog/electronics,135701
8000000352,9000000000000339,0,1736541240,5,20,cpc,paid-media,mobile,Safari,Germany,Berlin,0,2,/catalog/apparel,0,,,,
8000002553,9000000000000340,1,1738283400,5,0,(none),(direct),desktop,Edge,France,Ile-de-France,0,1,/home,0,,,,
8000000068,9000000000000341,1,1736485260,5,5,(none),(direct),mobile,Safari,United Kingdom,England,0,1,/product/featured-item,0,,,,
8000002457,9000000000000342,0,1735843080,4,18,(none),(direct),desktop,Edge,Portugal,Lisbon,0,1,/catalog/accessories,0,/checkout,2157,/checkout,121724
8000000178,9000000000000343,1,1737772920,6,2,cpc,paid-media,desktop,Chrome,Germany,Berlin,0,1,/catalog/accessories,0,,,,
8000001955,9000000000000344,1,1736603820,6,13,organic,search-engine,desktop,Safari,United Kingdom,England,0,1,/catalog/accessories,0,/catalog/accessories,17444,/catalog/accessories,87570
8000001675,9000000000000345,1,1737114060,5,11,organic,search-engine,desktop,Edge,United Kingdom,England,0,1,/product/featured-item,0,/basket,54095,/product/featured-item,155050
8000002273,9000000000000346,0,1737591780,4,0,email,newsletter,tablet,Edge,United Kingdom,England,0,2,/catalog/apparel,0,/checkout,88413,/catalog/electronics,106021
8000000411,9000000000000347,1,1736532840,5,18,(none),(direct),desktop,Chrome,France,Ile-de-France,0,1,/home,0,,,,
8000003295,9000000000000348,1,1736047740,7,3,referral,partner.example,desktop,Edge,United Kingdom,England,0,1,/product/featured-item,0,/catalog/apparel,6948,/product/featured-item,103908
8000001174,9000000000000349,1,1738038900,2,4,organic,search-engine,mobile,Firefox,Spain,Madrid,0,1,/product/featured-item,0,,,,
8000002092,9000000000000350,1,1737717840,5,11,referral,partner.example,mobile,Edge,Portugal,Lisbon,0,1,/catalog/apparel,0,/checkout,38167,/catalog/electronics,142360
8000002121,9000000000000351,1,1735750020,3,16,organic,search-engine,mobile,Safari,United Kingdom,England,0,1,/catalog/electronics,0,/basket,38242,,
8000002355,9000000000000352,0,1735707840,3,5,email,newsletter,desktop,Firefox,United Kingdom,England,0,2,/product/featured-item,0,/catalog/apparel,17336,,
8000001025,9000000000000353,1,1737430620,2,3,cpc,paid-media,mobile,Edge,Spain,Madrid,0,2,/home,0,,,,
8000001975,9000000000000354,1,1736146740,1,6,email,newsletter,desktop,Firefox,Spain,Madrid,0,1,/home,0,,,,
8000002871,9000000000000355,1,1736725080,7,23,referral,partner.example,desktop,Safari,Germany,Berlin,0,1,/catalog/accessories,0,,,,
8000000896,9000000000000356,1,1737945480,1,2,email,newsletter,desktop,Safari,Spain,Madrid,0,2,/catalog/accessories,0,/catalog/accessories,29102,/catalog/electronics,61144
8000000639,9000000000000357,1,1736109060,7,20,organic,search-engine,mobile,Edge,Germany,Berlin,0,2,/product/featured-item,0,/basket,50653,,
8000001126,9000000000000358,0,1737619500,4,8,referral,partner.example,tablet,Edge,United Kingdom,England,0,3,/home,0,/catalog/accessories,70909,,
8000002059,9000000000000359,1,1737055140,4,19,cpc,paid-media,mobile,Safari,Spain,Madrid,0,1,/home,0,/catalog/apparel,3103,,
8000001333,9000000000000360,1,1737111420,5,10,(none),(direct),mobile,Edge,Spain,Madrid,0,1,/catalog/accessories,0,/catalog/accessories,26105,/checkout,93479
8000001496,9000000000000361,0,1737264780,7,5,email,newsletter,desktop,Edge,United Kingdom,England,0,2,/catalog/apparel,0,/basket,37382,,
8000000598,9000000000000362,1,1736277600,2,19,cpc,paid-media,mobile,Firefox,Spain,Madrid,0,2,/catalog/accessories,0,/catalog/accessories,69765,,
8000001028,9000000000000363,0,1737900000,7,14,(none),(direct),desktop,Edge,Portugal,Lisbon,0,2,/home,0,,,,
8000001843,9000000000000364,1,1737005520,4,5,email,newsletter,desktop,Safari,United Kingdom,England,0,4,/catalog/accessories,0,/catalog/electronics,81374,/basket,109451
8000001455,9000000000000365,1,1736967900,3,19,(none),(direct),desktop,Safari,Germany,Berlin,0,2,/catalog/accessories,0,,,,
8000001728,9000000000000366,1,1738171860,3,17,(none),(direct),mobile,Firefox,Portugal,Lisbon,0,2,/catalog/accessories,0,/catalog/electronics,37058,/product/featured-item,118407
8000003064,9000000000000367,1,1737997440,1,17,(none),(direct),tablet,Chrome,Germany,Berlin,0,1,/catalog/electronics,0,/catalog/apparel,12494,/catalog/electronics,42094
8000002247,9000000000000368,1,1735901220,5,10,organic,search-engine,mobile,Safari,United Kingdom,England,0,1,/catalog/electronics,0,,,,
8000001268,9000000000000369,0,1736591460,6,10,referral,partner.example,mobile,Chrome,Germany,Berlin,0,1,/catalog/accessories,0,,,,
8000001333,9000000000000370,1,1737561900,3,16,cpc,paid-media,tablet,Safari,United Kingdom,England,0,1,/catalog/electronics,0,,,,
8000002585,9000000000000371,1,1738189860,3,22,(none),(direct),desktop,Firefox,United Kingdom,England,0,1,/catalog/apparel,0,/catalog/electronics,13738,,
8000001244,9000000000000372,0,1735731060,3,11,organic,search-engine,desktop,Edge,Spain,Madrid,0,1,/catalog/electronics,0,/product/featured-item,66478,,
8000003269,9000000000000373,1,1736841360,2,7,(none),(direct),desktop,Edge,Portugal,Lisbon,0,2,/catalog/apparel,0,/catalog/accessories,34754,/checkout,58154
8000001078,9000000000000374,0,1736001060,6,14,cpc,paid-media,mobile,Firefox,United Kingdom,England,0,1,/product/featured-item,0,,,,
8000003313,9000000000000375,1,1736746620,1,5,cpc,paid-media,desktop,Safari,Portugal,Lisbon,0,1,/catalog/apparel,0,/catalog/electronics,37669,/basket,131481
8000000204,9000000000000376,1,1737793140,6,8,organic,search-engine,desktop,Chrome,Portugal,Lisbon,0,1,/catalog/accessories,0,/catalog/accessories,32514,,
8000001722,9000000000000377,1,1736914740,3,4,cpc,paid-media,tablet,Safari,Germany,Berlin,0,1,/catalog/electronics,0,,,,
8000000293,9000000000000378,1,1737825480,6,17,cpc,paid-media,desktop,Safari,France,Ile-de-France,0,1,/catalog/electronics,0,,,,
8000001013,9000000000000379,0,1735821360,4,12,referral,partner.example,desktop,Chrome,Portugal,Lisbon,0,1,/catalog/accessories,0,/catalog/accessories,22789,/product/featured-item,107254
8000000814,9000000000000380,1,1737106800,5,9,organic,search-engine,mobile,Chrome,Spain,Madrid,0,1,/catalog/accessories,0,,,,
8000002395,9000000000000381,1,1736160060,1,10,cpc,paid-media,mobile,Safari,Portugal,Lisbon,0,1,/home,0,,,,
8000001019,9000000000000382,1,1736309640,3,4,cpc,paid-media,desktop,Edge,United Kingdom,England,0,1,/product/featured-item,0,/checkout,72300,/product/featured-item,178039
8000003230,9000000000000383,1,1738224420,4,8,email,newsletter,mobile,Safari,Germany,Berlin,0,1,/home,0,,,,
8000001988,9000000000000384,1,1737409920,1,21,(none),(direct),desktop,Safari,Germany,Berlin,0,1,/catalog/apparel,0,/catalog/accessories,63393,,
8000001841,9000000000000385,1,1736852220,2,10,email,newsletter,desktop,Firefox,Germany,Berlin,0,2,/catalog/apparel,0,/checkout,4453,,
8000001314,9000000000000386,1,1735938660,5,21,(none),(direct),mobile,Firefox,Spain,Madrid,0,1,/product/featured-item,0,/product/featured-item,39110,,
8000002699,9000000000000387,1,1735951740,6,0,organic,search-engine,mobile,Edge,Spain,Madrid,0,1,/product/featured-item,0,/catalog/apparel,6170,/basket,83013
8000002556,9000000000000388,0,1738010700,1,20,email,newsletter,desktop,Chrome,Spain,Madrid,0,1,/catalog/electronics,0,/catalog/apparel,12480,/catalog/electronics,75829
8000003368,9000000000000389,1,1737140820,5,19,organic,search-engine,mobile,Safari,France,Ile-de-France,0,1,/catalog/apparel,0,/checkout,30298,/product/featured-item,100387
8000000792,9000000000000390,1,1737758640,5,22,referral,partner.example,mobile,Edge,Spain,Madrid,0,2,/catalog/apparel,0,/basket,77571,/catalog/accessories,126489
8000003246,9000000000000391,1,1736398920,4,5,(none),(direct),desktop,Firefox,France,Ile-de-France,0,3,/product/featured-item,0,,,,
8000001330,9000000000000392,1,1737151260,5,22,cpc,paid-media,mobile,Safari,Germany,Berlin,0,1,/product/featured-item,0,,,,
8000003050,9000000000000393,1,1736688660,7,13,email,newsletter,tablet,Firefox,Germany,Berlin,1,1,/product/featured-item,0,,,,
8000000554,9000000000000394,1,1736876460,2,17,organic,search-engine,desktop,Safari,Spain,Madrid,0,1,/catalog/electronics,0,/catalog/electronics,69013,/product/featured-item,143931
8000001457,9000000000000395,1,1736303400,3,2,referral,partner.example,desktop,Safari,United Kingdom,England,0,2,/catalog/accessories,0,/catalog/electronics,54402,,
8000003248,9000000000000396,1,1737586980,3,23,referral,partner.example,desktop,Chrome,United Kingdom,England,0,2,/product/featured-item,0,,,,
8000001563,9000000000000397,1,1735998180,6,13,organic,search-engine,mobile,Chrome,France,Ile-de-France,0,1,/catalog/electronics,0,/product/featured-item,31716,/catalog/accessories,131715
8000000222,9000000000000398,1,1736888040,2,20,(none),(direct),desktop,Edge,United Kingdom,England,0,4,/product/featured-item,0,/catalog/electronics,8621,,
8000002357,9000000000000399,1,1737674220,4,23,organic,search-engine,desktop,Edge,France,Ile-de-France,0,1,/home,0,,,,
8000002246,9000000000000400,1,1737259260,7,4,email,newsletter,desktop,Safari,United Kingdom,England,0,1,/product/featured-item,0,/checkout,27966,/catalog/electronics,93910
8000001009,9000000000000401,1,1736642400,7,0,organic,search-engine,desktop,Chrome,Germany,Berlin,0,2,/catalog/apparel,0,/basket,47653,/basket,74620
8000001433,9000000000000402,0,1738112640,3,1,cpc,paid-media,mobile,Safari,Germany,Berlin,0,3,/catalog/apparel,0,/catalog/accessories,13247,/product/featured-item,29975
8000003410,9000000000000403,1,1736820780,2,2,organic,search-engine,desktop,Firefox,Portugal,Lisbon,0,1,/product/featured-item,0,/product/featured-item,29770,/catalog/electronics,58482
8000002990,9000000000000404,1,1736245380,2,10,organic,search-engine,desktop,Chrome,United Kingdom,England,0,1,/catalog/accessories,0,/catalog/accessories,82997,/catalog/electronics,120554
8000002716,9000000000000405,1,1738285200,5,1,email,newsletter,mobile,Chrome,Portugal,Lisbon,0,1,/product/featured-item,0,/checkout,15055,/basket,58402
8000001876,9000000000000406,1,1737894300,7,12,organic,search-engine,desktop,Safari,United Kingdom,England,1,4,/product/featured-item,0,/product/featured-item,48125,/catalog/electronics,96705
8000001130,9000000000000407,1,1735933380,5,19,email,newsletter,mobile,Firefox,Portugal,Lisbon,0,2,/catalog/apparel,0,,,,
8000000360,9000000000000408,1,1737192480,6,9,(none),(direct),tablet,Safari,United Kingdom,England,0,1,/catalog/accessories,0,,,,
8000002480,9000000000000409,1,1736984400,3,23,cpc,paid-media,desktop,Safari,Spain,Madrid,0,2,/catalog/accessories,0,,,,
8000002821,9000000000000410,1,1737749280,5,20,referral,partner.example,desktop,Chrome,Spain,Madrid,0,1,/home,0,,,,
8000000755,9000000000000411,1,1736938440,3,10,referral,partner.example,mobile,Edge,France,Ile-de-France,0,2,/catalog/accessories,0,,,,
8000000623,9000000000000412,1,1736428560,4,13,organic,search-engine,desktop,Safari,Portugal,Lisbon,0,1,/catalog/apparel,0,,,,
8000002816,9000000000000413,1,1735792140,4,4,email,newsletter,desktop,Safari,Germany,Berlin,0,1,/home,0,/basket,52785,/product/featured-item,119199
8000001674,9000000000000414,0,1735748580,3,16,email,newsletter,tablet,Chrome,Spain,Madrid,0,1,/catalog/electronics,0,,,,
8000002528,9000000000000415,1,1737616080,4,7,email,newsletter,mobile,Chrome,Spain,Madrid,0,1,/catalog/electronics,0,/catalog/apparel,43012,,
8000001872,9000000000000416,1,1735856340,4,22,referral,partner.example,desktop,Chrome,Germany,Berlin,0,1,/catalog/electronics,0,,,,
8000001631,9000000000000417,0,1736887140,2,20,email,newsletter,desktop,Edge,Germany,Berlin,0,1,/product/featured-item,0,/catalog/apparel,62762,,
8000000464,9000000000000418,1,1736396460,4,4,(none),(direct),mobile,Safari,United Kingdom,England,0,2,/home,0,/product/featured-item,79373,/catalog/accessories,198894
8000001025,9000000000000419,0,1736963880,3,17,referral,partner.example,mobile,Safari,Portugal,Lisbon,0,1,/catalog/electronics,0,/checkout,52343,/product/featured-item,149615
8000000180,9000000000000420,0,1736361540,3,18,email,newsletter,mobile,Edge,Spain,Madrid,0,1,/catalog/apparel,0,/catalog/accessories,42569,/catalog/accessories,140272
8000000482,9000000000000421,1,1736206920,1,23,referral,partner.example,desktop,Edge,France,Ile-de-France,0,1,/product/featured-item,0,/product/featured-item,2753,,
8000002702,9000000000000422,0,1737560160,3,15,cpc,paid-media,desktop,Safari,Portugal,Lisbon,0,1,/catalog/apparel,0,/catalog/apparel,84396,/checkout,159475
8000000226,9000000000000423,1,1738258380,4,17,email,newsletter,desktop,Chrome,Portugal,Lisbon,0,1,/catalog/electronics,0,,,,
8000000731,9000000000000424,1,1736323980,3,8,email,newsletter,mobile,Firefox,United Kingdom,England,0,1,/catalog/electronics,0,/basket,49210,/basket,55907
8000003360,9000000000000425,1,1735955640,6,1,cpc,paid-media,mobile,Safari,Portugal,Lisbon,0,1,/home,0,/catalog/accessories,56232,/product/featured-item,126998
8000002341,9000000000000426,0,1738162800,3,15,(none),(direct),tablet,Firefox,Germany,Berlin,0,1,/catalog/accessories,0,,,,
8000001064,9000000000000427,1,1737755520,5,21,(none),(direct),tablet,Edge,France,Ile-de-France,0,1,/catalog/apparel,0,,,,
8000002497,9000000000000428,0,1736604660,6,14,email,newsletter,tablet,Edge,Portugal,Lisbon,0,1,/catalog/accessories,0,/product/featured-item,29175,,
8000001433,9000000000000429,1,1737893220,7,12,referral,partner.example,desktop,Firefox,Spain,Madrid,0,1,/catalog/accessories,0,,,,
8000003142,9000000000000430,1,1735713660,3,6,organic,search-engine,mobile,Firefox,France,Ile-de-France,0,3,/catalog/electronics,0,/basket,25020,,
8000001944,9000000000000431,1,1735829400,4,14,referral,partner.example,desktop,Edge,Germany,Berlin,0,3,/home,0,,,,
8000003421,9000000000000432,0,1737738540,5,17,email,newsletter,mobile,Firefox,France,Ile-de-France,0,2,/catalog/accessories,0,/catalog/apparel,48346,/product/featured-item,59024
8000001537,9000000000000433,1,1738153140,3,12,(none),(direct),mobile,Firefox,United Kingdom,England,0,1,/catalog/accessories,0,/catalog/accessories,42407,,
8000001696,9000000000000434,1,1736030880,6,22,cpc,paid-media,mobile,Safari,France,Ile-de-France,0,3,/catalog/electronics,0,/catalog/electronics,51049,/product/featured-item,155933
8000002073,9000000000000435,1,1735787640,4,3,cpc,paid-media,mobile,Chrome,Spain,Madrid,0,2,/product/featured-item,0,/product/featured-item,44904,,
8000002772,9000000000000436,1,1736211420,2,0,referral,partner.example,mobile,Edge,Germany,Berlin,0,2,/home,0,/basket,79894,/product/featured-item,196172
8000002133,9000000000000437,1,1738280820,4,23,email,newsletter,desktop,Firefox,France,Ile-de-France,0,1,/catalog/accessories,0,,,,
8000003166,9000000000000438,1,1737424080,2,1,organic,search-engine,desktop,Firefox,Spain,Madrid,0,1,/catalog/accessories,0,/catalog/apparel,15418,,
8000000580,9000000000000439,1,1736803440,1,21,(none),(direct),desktop,Chrome,Portugal,Lisbon,0,1,/home,0,/catalog/electronics,5800,,
8000000353,9000000000000440,1,1737366480,1,9,cpc,paid-media,desktop,Edge,United Kingdom,England,0,1,/catalog/accessories,0,,,,
8000001362,9000000000000441,1,1736468700,5,0,(none),(direct),desktop,Firefox,Germany,Berlin,0,1,/catalog/electronics,0,/catalog/apparel,63377,,
8000001928,9000000000000442,1,1736600640,6,13,referral,partner.example,desktop,Chrome,United Kingdom,England,0,1,/catalog/accessories,0,/catalog/electronics,44567,/product/featured-item,105979
8000001961,9000000000000443,1,1737503220,2,23,referral,partner.example,desktop,Chrome,France,Ile-de-France,0,2,/product/featured-item,0,/catalog/accessories,16022,,
8000001889,9000000000000444,1,1737265620,7,5,(none),(direct),desktop,Edge,United Kingdom,England,0,2,/catalog/electronics,0,/catalog/accessories,46658,,
8000002324,9000000000000445,0,1737035160,4,13,(none),(direct),mobile,Edge,Spain,Madrid,0,1,/product/featured-item,0,,,,
8000001897,9000000000000446,0,1736968980,3,19,(none),(direct),desktop,Firefox,Germany,Berlin,0,1,/home,0,/product/featured-item,80172,/catalog/accessories,183273
8000000371,9000000000000447,1,1736545260,5,21,referral,partner.example,mobile,Firefox,Portugal,Lisbon,0,1,/product/featured-item,0,,,,
8000001832,9000000000000448,1,1736458980,4,21,referral,partner.example,mobile,Edge,France,Ile-de-France,0,2,/catalog/accessories,0,/checkout,47123,/basket,60826
8000000256,9000000000000449,1,1737141420,5,19,(none),(direct),tablet,Firefox,Portugal,Lisbon,0,2,/catalog/apparel,0,,,,
8000001769,9000000000000450,1,1738010160,1,20,cpc,paid-media,mobile,Edge,Germany,Berlin,0,2,/catalog/accessories,0,/product/featured-item,64242,,
8000003441,9000000000000451,1,1737330180,7,23,referral,partner.example,desktop,Safari,Spain,Madrid,0,1,/catalog/electronics,0,/catalog/apparel,65792,,
8000001868,9000000000000452,1,1738066260,2,12,cpc,paid-media,mobile,Chrome,Germany,Berlin,0,1,/catalog/apparel,0,/basket,31588,,
8000002917,9000000000000453,1,1737662460,4,20,email,newsletter,desktop,Edge,United Kingdom,England,0,3,/home,0,/catalog/apparel,50310,,
8000000582,9000000000000454,1,1737759480,5,22,email,newsletter,desktop,Firefox,Portugal,Lisbon,0,1,/catalog/accessories,0,/basket,88997,/basket,178647
8000002192,9000000000000455,0,1735731960,3,11,cpc,paid-media,desktop,Firefox,Germany,Berlin,0,2,/product/featured-item,0,/catalog/electronics,6630,/product/featured-item,99731
8000001067,9000000000000456,1,1735931100,5,19,cpc,paid-media,mobile,Safari,United Kingdom,England,0,1,/catalog/accessories,0,/catalog/electronics,39593,,
8000001033,9000000000000457,1,1736210760,2,0,(none),(direct),desktop,Firefox,France,Ile-de-France,0,2,/catalog/accessories,0,/catalog/apparel,21809,,
8000003206,9000000000000458,1,1736618340,6,17,cpc,paid-media,desktop,Safari,United Kingdom,England,0,1,/catalog/apparel,0,,,,
8000003431,9000000000000459,1,1737639720,4,13,cpc,paid-media,mobile,Firefox,Spain,Madrid,0,1,/catalog/accessories,0,,,,
8000003095,9000000000000460,1,1736145660,1,6,organic,search-engine,desktop,Edge,Germany,Berlin,0,1,/catalog/apparel,0,/product/featured-item,71798,,
8000002173,9000000000000461,1,1737399000,1,18,organic,search-engine,desktop,Firefox,Germany,Berlin,0,3,/catalog/electronics,0,/catalog/electronics,7376,,
8000002501,9000000000000462,1,1738253580,4,16,email,newsletter,desktop,Edge,France,Ile-de-France,0,2,/catalog/apparel,0,,,,
8000003008,9000000000000463,1,1738331520,5,13,(none),(direct),mobile,Chrome,United Kingdom,England,0,1,/home,0,/checkout,3386,,
8000002152,9000000000000464,0,1736098140,7,17,cpc,paid-media,desktop,Safari,France,Ile-de-France,0,3,/home,0,/catalog/apparel,79874,/catalog/accessories,167936
8000002901,9000000000000465,1,1736161320,1,11,organic,search-engine,mobile,Firefox,Spain,Madrid,0,1,/home,0,/checkout,16528,,
8000002617,9000000000000466,1,1737472560,2,15,email,newsletter,mobile,Firefox,France,Ile-de-France,0,1,/home,0,/catalog/apparel,45601,/catalog/accessories,55473
8000002015,9000000000000467,1,1736478660,5,3,(none),(direct),desktop,Edge,Germany,Berlin,0,1,/home,0,/basket,86323,,
8000000143,9000000000000468,1,1735976280,6,7,organic,search-engine,mobile,Chrome,France,Ile-de-France,0,3,/catalog/electronics,0,,,,
8000001092,9000000000000469,1,1736285700,2,21,email,newsletter,mobile,Chrome,United Kingdom,England,0,1,/home,0,/checkout,59154,,
8000001575,9000000000000470,0,1737585120,3,22,organic,search-engine,mobile,Firefox,France,Ile-de-France,0,1,/catalog/apparel,0,/catalog/electronics,46572,/catalog/accessories,59117
8000002272,9000000000000471,1,1735844220,4,18,cpc,paid-media,mobile,Firefox,France,Ile-de-France,0,1,/catalog/electronics,0,,,,
8000003012,9000000000000472,1,1736434560,4,14,referral,partner.example,desktop,Chrome,Portugal,Lisbon,0,2,/catalog/accessories,0,,,,
8000002047,9000000000000473,1,1737789120,6,7,cpc,paid-media,tablet,Edge,Portugal,Lisbon,0,3,/product/featured-item,0,/catalog/apparel,29745,/catalog/accessories,137533
8000000611,9000000000000474,1,1737967680,1,8,referral,partner.example,mobile,Chrome,Portugal,Lisbon,0,1,/catalog/apparel,0,,,,
8000000059,9000000000000475,1,1736366880,3,20,organic,search-engine,mobile,Safari,Portugal,Lisbon,0,1,/catalog/apparel,0,/catalog/accessories,15937,,
8000001746,9000000000000476,1,1737016080,4,8,cpc,paid-media,desktop,Firefox,United Kingdom,England,0,1,/catalog/accessories,0,/catalog/electronics,7975,,
8000000579,9000000000000477,0,1737322020,7,21,referral,partner.example,mobile,Edge,United Kingdom,England,0,2,/home,0,/catalog/accessories,15102,,
8000001995,9000000000000478,1,1736007000,6,16,organic,search-engine,desktop,Edge,Portugal,Lisbon,0,1,/catalog/apparel,0,,,,
8000000587,9000000000000479,1,1738205460,4,2,email,newsletter,desktop,Chrome,Germany,Berlin,0,1,/catalog/accessories,0,/catalog/accessories,25593,,
8000001425,9000000000000480,1,1737336300,1,1,organic,search-engine,mobile,Edge,Spain,Madrid,0,2,/catalog/apparel,0,/basket,72742,,
8000001133,9000000000000481,1,1735898220,5,9,referral,partner.example,desktop,Safari,Spain,Madrid,0,1,/home,0,,,,
8000000222,9000000000000482,1,1738225260,4,8,email,newsletter,desktop,Chrome,Germany,Berlin,0,3,/catalog/apparel,0,/basket,7677,,
8000000648,9000000000000483,1,1735803840,4,7,cpc,paid-media,desktop,Firefox,Portugal,Lisbon,0,1,/catalog/accessories,0,,,,
8000000943,9000000000000484,1,1736122620,1,0,email,newsletter,desktop,Safari,Spain,Madrid,0,1,/product/featured-item,0,,,,
8000001985,9000000000000485,0,1735903260,5,11,cpc,paid-media,desktop,Safari,United Kingdom,England,0,1,/home,0,/product/featured-item,84840,/basket,133841
8000002836,9000000000000486,1,1737925680,7,21,organic,search-engine,desktop,Firefox,Portugal,Lisbon,0,1,/catalog/accessories,0,,,,
8000002473,9000000000000487,1,1736306100,3,3,(none),(direct),mobile,Edge,United Kingdom,England,0,2,/catalog/apparel,0,,,,
8000002424,9000000000000488,1,1737551400,3,13,cpc,paid-media,desktop,Safari,Germany,Berlin,0,2,/product/featured-item,0,,,,
8000000611,9000000000000489,1,1737945480,1,2,organic,search-engine,desktop,Edge,Portugal,Lisbon,0,2,/home,0,/product/featured-item,57797,,
8000001854,9000000000000490,1,1737637140,4,12,referral,partner.example,desktop,Firefox,Portugal,Lisbon,0,1,/home,0,,,,
8000000066,9000000000000491,1,1737576180,3,20,email,newsletter,desktop,Edge,Germany,Berlin,0,1,/catalog/apparel,0,,,,
8000002881,9000000000000492,1,1737283500,7,10,referral,partner.example,mobile,Chrome,France,Ile-de-France,0,1,/catalog/accessories,0,,,,
8000002175,9000000000000493,1,1735818180,4,11,email,newsletter,desktop,Safari,France,Ile-de-France,0,2,/home,0,,,,
8000002542,9000000000000494,1,1737009600,4,6,organic,search-engine,desktop,Chrome,France,Ile-de-France,0,1,/catalog/apparel,0,,,,
8000002655,9000000000000495,0,1737886800,7,10,organic,search-engine,mobile,Safari,Spain,Madrid,0,2,/catalog/apparel,0,/catalog/electronics,78037,/catalog/accessories,194217
8000001313,9000000000000496,1,1737076500,5,1,email,newsletter,desktop,Firefox,Germany,Berlin,0,1,/catalog/accessories,0,/catalog/apparel,71033,/basket,181765
8000003277,9000000000000497,1,1738337100,5,15,organic,search-engine,desktop,Firefox,Germany,Berlin,0,1,/catalog/apparel,0,/product/featured-item,12085,,
8000002033,9000000000000498,1,1736281380,2,20,referral,partner.example,desktop,Chrome,Portugal,Lisbon,0,1,/home,0,/checkout,47442,,
8000000091,9000000000000499,1,1736603100,6,13,(none),(direct),mobile,Edge,Germany,Berlin,0,1,/product/featured-item,0,/checkout,79772,,
8000000541,9000000000000500,1,1736894760,2,22,referral,partner.example,mobile,Safari,Spain,Madrid,0,1,/catalog/apparel,0,/catalog/electronics,48284,,
8000002916,9000000000000501,1,1737794520,6,8,email,newsletter,desktop,Safari,Spain,Madrid,0,1,/home,0,,,,
8000000169,9000000000000502,0,1736934600,3,9,(none),(direct),desktop,Safari,France,Ile-de-France,0,1,/product/featured-item,0,/catalog/accessories,43542,,
8000000666,9000000000000503,1,1737787920,6,6,email,newsletter,desktop,Firefox,Portugal,Lisbon,0,1,/catalog/accessories,0,/product/featured-item,43971,,
8000001942,9000000000000504,1,1736829240,2,4,(none),(direct),mobile,Chrome,United Kingdom,England,0,2,/home,0,,,,
8000000572,9000000000000505,1,1738355580,5,20,(none),(direct),desktop,Safari,Portugal,Lisbon,0,2,/catalog/accessories,0,/catalog/accessories,81711,/catalog/accessories,167769
8000000802,9000000000000506,0,1735778220,4,0,organic,search-engine,desktop,Edge,Germany,Berlin,0,1,/catalog/accessories,0,,,,
8000002471,9000000000000507,1,1738068840,2,12,(none),(direct),mobile,Firefox,France,Ile-de-France,0,1,/catalog/electronics,0,/checkout,50867,,
8000002298,9000000000000508,1,1736034000,6,23,referral,partner.example,mobile,Safari,Germany,Berlin,0,2,/catalog/electronics,0,,,,
8000002985,9000000000000509,0,1737318240,7,20,referral,partner.example,mobile,Chrome,United Kingdom,England,0,1,/catalog/accessories,0,/catalog/accessories,10665,/checkout,90086
8000001698,9000000000000510,1,1736377260,3,23,(none),(direct),desktop,Edge,United Kingdom,England,0,1,/catalog/electronics,0,,,,
8000000173,9000000000000511,0,1736877060,2,17,(none),(direct),desktop,Safari,United Kingdom,England,0,1,/catalog/electronics,0,,,,
8000000509,9000000000000512,1,1738260480,4,18,email,newsletter,desktop,Firefox,Germany,Berlin,0,1,/home,0,,,,
8000002454,9000000000000513,1,1737112080,5,11,(none),(direct),desktop,Chrome,Germany,Berlin,0,1,/product/featured-item,0,,,,
8000000072,9000000000000514,1,1736710140,7,19,referral,partner.example,mobile,Firefox,Spain,Madrid,0,1,/catalog/accessories,0,/checkout,49338,/catalog/electronics,106324
8000002170,9000000000000515,1,1738201980,4,1,organic,search-engine,desktop,Firefox,Spain,Madrid,0,2,/catalog/accessories,0,,,,
8000001112,9000000000000516,1,1737115080,5,11,organic,search-engine,desktop,Firefox,France,Ile-de-France,0,2,/catalog/electronics,0,,,,
8000001394,9000000000000517,0,1736330640,3,10,organic,search-engine,desktop,Chrome,United Kingdom,England,0,1,/home,0,/catalog/accessories,70898,,
8000000478,9000000000000518,1,1736205600,1,23,organic,search-engine,desktop,Firefox,France,Ile-de-France,0,1,/catalog/accessories,0,,,,
8000000118,9000000000000519,1,1736155920,1,9,referral,partner.example,desktop,Chrome,Spain,Madrid,0,1,/home,0,,,,
8000000319,9000000000000520,1,1735763520,3,20,cpc,paid-media,mobile,Firefox,Portugal,Lisbon,0,1,/catalog/accessories,0,/catalog/apparel,9768,,
8000002735,9000000000000521,0,1735729980,3,11,organic,search-engine,mobile,Firefox,United Kingdom,England,0,3,/catalog/accessories,0,/catalog/accessories,21078,/product/featured-item,133946
8000001443,9000000000000522,1,1736320920,3,7,(none),(direct),mobile,Firefox,United Kingdom,England,0,1,/product/featured-item,0,/basket,71315,/checkout,101757
8000000018,9000000000000523,1,1736077620,7,11,referral,partner.example,mobile,Safari,Germany,Berlin,0,1,/catalog/accessories,0,/basket,48507,/catalog/accessories,100263
8000000507,9000000000000524,1,1737521580,3,4,organic,search-engine,desktop,Chrome,Germany,Berlin,0,1,/catalog/electronics,0,,,,
8000000474,9000000000000525,1,1737202620,6,12,email,newsletter,desktop,Edge,France,Ile-de-France,0,1,/catalog/electronics,0,,,,
8000000774,9000000000000526,1,1735963260,6,4,cpc,paid-media,mobile,Chrome,France,Ile-de-France,0,1,/catalog/electronics,0,/checkout,59417,,
8000001641,9000000000000527,1,1738011720,1,21,organic,search-engine,mobile,Edge,Spain,Madrid,0,2,/catalog/accessories,0,/catalog/accessories,54990,/checkout,73080
8000003133,9000000000000528,1,1737977760,1,11,(none),(direct),desktop,Safari,Germany,Berlin,0,2,/home,0,/checkout,65508,,
8000000501,9000000000000529,1,1736675340,7,9,cpc,paid-media,desktop,Firefox,Spain,Madrid,0,1,/product/featured-item,0,/checkout,5506,/catalog/accessories,30980
8000002553,9000000000000530,1,1736068380,7,9,organic,search-engine,mobile,Edge,United Kingdom,England,0,1,/catalog/accessories,0,,,,
8000002222,9000000000000531,1,1737040740,4,15,(none),(direct),desktop,Edge,Portugal,Lisbon,0,1,/catalog/electronics,0,,,,
8000001813,9000000000000532,0,1737497040,2,22,organic,search-engine,desktop,Safari,United Kingdom,England,0,1,/catalog/apparel,0,,,,
8000001280,9000000000000533,1,1737219480,6,16,cpc,paid-media,mobile,Edge,United Kingdom,England,0,1,/catalog/apparel,0,,,,
8000002076,9000000000000534,1,1735908720,5,12,cpc,paid-media,desktop,Firefox,United Kingdom,England,0,1,/home,0,,,,
8000002419,9000000000000535,0,1735866960,5,1,referral,partner.example,mobile,Firefox,France,Ile-de-France,0,1,/catalog/electronics,0,,,,
8000001414,9000000000000536,1,1737094800,5,6,cpc,paid-media,desktop,Firefox,Spain,Madrid,0,1,/product/featured-item,0,/checkout,10585,/catalog/accessories,126478
8000001336,9000000000000537,1,1735836540,4,16,cpc,paid-media,mobile,Firefox,Germany,Berlin,0,1,/catalog/electronics,0,/product/featured-item,43486,/basket,94996
8000000410,9000000000000538,1,1738344240,5,17,referral,partner.example,desktop,Firefox,United Kingdom,England,0,1,/catalog/electronics,0,,,,
8000000827,9000000000000539,0,1737643680,4,14,organic,search-engine,mobile,Chrome,United Kingdom,England,0,1,/product/featured-item,0,/catalog/electronics,31607,/checkout,115470
8000000389,9000000000000540,1,1738016880,1,22,email,newsletter,desktop,Chrome,United Kingdom,England,0,1,/catalog/accessories,0,,,,
8000002068,9000000000000541,0,1736868840,2,15,cpc,paid-media,mobile,Safari,France,Ile-de-France,0,1,/catalog/apparel,0,/product/featured-item,73770,/checkout,99441
8000002707,9000000000000542,0,1737527040,3,6,email,newsletter,mobile,Chrome,United Kingdom,England,0,1,/catalog/accessories,0,,,,
8000001895,9000000000000543,0,1736270520,2,17,referral,partner.example,desktop,Chrome,France,Ile-de-France,0,1,/catalog/electronics,0,,,,
8000001094,9000000000000544,1,1736818260,2,1,referral,partner.example,desktop,Edge,United Kingdom,England,1,1,/home,0,/catalog/accessories,42703,/catalog/electronics,105541
8000000828,9000000000000545,1,1736316180,3,6,email,newsletter,desktop,Chrome,France,Ile-de-France,0,3,/catalog/electronics,0,,,,
8000003205,9000000000000546,0,1735767840,3,21,organic,search-engine,mobile,Chrome,Portugal,Lisbon,0,1,/catalog/apparel,0,/catalog/electronics,55347,,
8000000967,9000000000000547,1,1736129700,1,2,(none),(direct),mobile,Chrome,Portugal,Lisbon,0,1,/home,0,/basket,35004,,
8000003167,9000000000000548,0,1736921940,3,6,email,newsletter,mobile,Safari,Germany,Berlin,0,1,/catalog/apparel,0,,,,
8000000877,9000000000000549,1,1736769120,1,11,cpc,paid-media,desktop,Firefox,United Kingdom,England,0,2,/catalog/apparel,0,/basket,57545,/catalog/accessories,121785
8000001487,9000000000000550,1,1737558240,3,15,email,newsletter,mobile,Chrome,Portugal,Lisbon,0,1,/catalog/apparel,0,,,,
8000001037,9000000000000551,1,1737862980,7,3,cpc,paid-media,desktop,Safari,France,Ile-de-France,0,2,/catalog/electronics,0,,,,
8000000033,9000000000000552,1,1737234840,6,21,email,newsletter,desktop,Chrome,Spain,Madrid,0,1,/home,0,/catalog/accessories,86466,,
8000003372,9000000000000553,0,1737622980,4,9,cpc,paid-media,mobile,Safari,France,Ile-de-France,0,1,/product/featured-item,0,,,,
8000000272,9000000000000554,1,1737073140,5,0,cpc,paid-media,mobile,Chrome,United Kingdom,England,0,1,/catalog/apparel,0,,,,
8000002582,9000000000000555,1,1737433080,2,4,referral,partner.example,desktop,Safari,Spain,Madrid,0,1,/catalog/apparel,0,,,,
8000003470,9000000000000556,1,1738025340,2,0,cpc,paid-media,mobile,Chrome,France,Ile-de-France,0,1,/catalog/apparel,0,/checkout,44936,/catalog/electronics,151731
8000001612,9000000000000557,1,1737173280,6,4,(none),(direct),desktop,Chrome,Portugal,Lisbon,0,4,/catalog/apparel,0,,,,
8000001073,9000000000000558,1,1736353140,3,16,organic,search-engine,desktop,Edge,Germany,Berlin,0,2,/catalog/electronics,0,/catalog/accessories,76349,/product/featured-item,93730
8000003389,9000000000000559,1,1738338300,5,15,cpc,paid-media,desktop,Safari,Spain,Madrid,0,4,/catalog/accessories,0,/catalog/electronics,58532,/basket,172773
8000002977,9000000000000560,0,1738352400,5,19,referral,partner.example,desktop,Safari,Germany,Berlin,0,1,/catalog/apparel,0,,,,
8000001515,9000000000000561,1,1737981660,1,12,cpc,paid-media,desktop,Edge,Germany,Berlin,0,2,/catalog/accessories,0,/catalog/electronics,29815,,
8000000300,9000000000000562,1,1736064240,7,8,(none),(direct),desktop,Chrome,France,Ile-de-France,0,1,/product/featured-item,0,,,,
8000002539,9000000000000563,0,1737187500,6,8,email,newsletter,tablet,Edge,France,Ile-de-France,0,1,/catalog/accessories,0,/basket,68027,/catalog/electronics,134624
8000002910,9000000000000564,0,1737775260,6,3,cpc,paid-media,desktop,Edge,Portugal,Lisbon,0,1,/catalog/accessories,0,/catalog/accessories,38831,,
8000002511,9000000000000565,1,1736726700,1,0,(none),(direct),desktop,Edge,Spain,Madrid,0,1,/catalog/apparel,0,/product/featured-item,88169,,
8000000224,9000000000000566,1,1736593440,6,11,referral,partner.example,desktop,Edge,France,Ile-de-France,1,1,/catalog/apparel,0,/product/featured-item,48729,/basket,143662
8000000507,9000000000000567,0,1737064260,4,21,organic,search-engine,desktop,Safari,France,Ile-de-France,0,1,/home,0,/catalog/accessories,75825,,
8000002155,9000000000000568,1,1737934020,7,23,referral,partner.example,desktop,Chrome,Portugal,Lisbon,0,1,/product/featured-item,0,/product/featured-item,5402,,
8000000435,9000000000000569,1,1736961780,3,17,referral,partner.example,desktop,Firefox,Germany,Berlin,0,1,/home,0,,,,
8000001350,9000000000000570,0,1735861980,4,23,(none),(direct),tablet,Safari,France,Ile-de-France,0,1,/home,0,,,,
8000003284,9000000000000571,1,1738220460,4,7,email,newsletter,desktop,Chrome,Portugal,Lisbon,0,1,/catalog/apparel,0,,,,
8000000984,9000000000000572,1,1737258180,7,3,organic,search-engine,desktop,Firefox,Spain,Madrid,0,3,/product/featured-item,0,/product/featured-item,66336,/catalog/electronics,173337
8000000538,9000000000000573,1,1737101400,5,8,organic,search-engine,mobile,Chrome,United Kingdom,England,0,2,/catalog/accessories,0,/product/featured-item,75801,,
8000002515,9000000000000574,1,1736422380,4,11,cpc,paid-media,mobile,Safari,Portugal,Lisbon,0,3,/product/featured-item,0,/catalog/electronics,86883,,
8000002579,9000000000000575,1,1738234560,4,10,(none),(direct),desktop,Edge,Germany,Berlin,0,1,/home,0,/product/featured-item,41375,/catalog/electronics,153677
8000002257,9000000000000576,1,1735990500,6,11,organic,search-engine,desktop,Chrome,United Kingdom,England,0,1,/catalog/electronics,0,/catalog/apparel,48590,/checkout,83995
8000000736,9000000000000577,1,1736406060,4,7,cpc,paid-media,desktop,Edge,Germany,Berlin,0,2,/catalog/electronics,0,,,,
8000002556,9000000000000578,1,1736731860,1,1,email,newsletter,tablet,Chrome,Spain,Madrid,0,1,/home,0,/catalog/apparel,15936,,
8000000055,9000000000000579,1,1736364840,3,19,cpc,paid-media,desktop,Edge,Germany,Berlin,0,1,/product/featured-item,0,,,,
8000001478,9000000000000580,1,1738339080,5,15,cpc,paid-media,mobile,Edge,Portugal,Lisbon,0,1,/catalog/apparel,0,/catalog/apparel,26670,/catalog/accessories,141262
8000001785,9000000000000581,1,1738151340,3,11,(none),(direct),desktop,Chrome,France,Ile-de-France,0,1,/catalog/apparel,0,,,,
8000003027,9000000000000582,1,1737440400,2,6,cpc,paid-media,desktop,Edge,Germany,Berlin,1,4,/catalog/electronics,0,/catalog/accessories,3032,/basket,18488
8000003020,9000000000000583,0,1737964980,1,8,(none),(direct),mobile,Edge,France,Ile-de-France,0,1,/home,0,/product/featured-item,82149,,
8000002164,9000000000000584,1,1735764360,3,20,cpc,paid-media,mobile,Edge,United Kingdom,England,0,1,/catalog/accessories,0,/checkout,83618,/basket,170314
8000002975,9000000000000585,0,1736445360,4,17,cpc,paid-media,desktop,Edge,Spain,Madrid,0,1,/catalog/accessories,0,/basket,80918,,
8000002962,9000000000000586,0,1737224580,6,18,cpc,paid-media,mobile,Safari,France,Ile-de-France,0,1,/home,0,,,,
8000002733,9000000000000587,1,1737588360,3,23,referral,partner.example,desktop,Safari,Spain,Madrid,0,1,/home,0,/catalog/apparel,66713,,
8000001470,9000000000000588,1,1736715120,7,20,email,newsletter,mobile,Chrome,Spain,Madrid,0,1,/home,0,,,,
8000002530,9000000000000589,1,1736580960,6,7,organic,search-engine,mobile,Safari,Germany,Berlin,0,2,/product/featured-item,0,/catalog/electronics,75010,,
8000002476,9000000000000590,0,1738322100,5,11,organic,search-engine,mobile,Chrome,Germany,Berlin,0,2,/product/featured-item,0,,,,
8000003204,9000000000000591,0,1736090160,7,15,(none),(direct),desktop,Edge,Portugal,Lisbon,0,2,/catalog/electronics,0,/catalog/apparel,22582,,
8000003001,9000000000000592,1,1736080020,7,12,referral,partner.example,mobile,Edge,France,Ile-de-France,0,2,/home,0,,,,
8000001005,9000000000000593,1,1737552120,3,13,email,newsletter,desktop,Safari,Spain,Madrid,0,2,/product/featured-item,0,/catalog/electronics,84502,,
8000001728,9000000000000594,0,1736586840,6,9,referral,partner.example,mobile,Firefox,Germany,Berlin,0,3,/catalog/electronics,0,,,,
8000000597,9000000000000595,1,1735728660,3,10,(none),(direct),mobile,Chrome,Portugal,Lisbon,0,1,/catalog/apparel,0,/product/featured-item,10056,,
8000002354,9000000000000596,0,1735916880,5,15,(none),(direct),tablet,Chrome,Germany,Berlin,0,2,/product/featured-item,0,/checkout,43116,,
8000002501,9000000000000597,1,1736267040,2,16,cpc,paid-media,desktop,Edge,Spain,Madrid,0,1,/catalog/electronics,0,,,,
8000003177,9000000000000598,0,1736465340,4,23,email,newsletter,desktop,Firefox,United Kingdom,England,0,1,/product/featured-item,0,/checkout,70219,,
8000002261,9000000000000599,0,1736917380,3,5,(none),(direct),desktop,Chrome,Spain,Madrid,0,2,/catalog/accessories,0,/basket,41838,,
8000001064,9000000000000600,1,1738155000,3,12,(none),(direct),desktop,Chrome,Portugal,Lisbon,0,1,/catalog/apparel,0,,,,
8000003299,9000000000000601,1,1737976500,1,11,(none),(direct),mobile,Safari,United Kingdom,England,0,1,/product/featured-item,0,,,,
8000003021,9000000000000602,1,1736663280,7,6,organic,search-engine,desktop,Edge,United Kingdom,England,0,2,/catalog/electronics,0,/catalog/electronics,56008,/catalog/electronics,68748
8000000880,9000000000000603,1,1737443940,2,7,organic,search-engine,desktop,Edge,United Kingdom,England,0,4,/catalog/electronics,0,/basket,36562,,
8000002998,9000000000000604,1,1737328980,7,23,referral,partner.example,desktop,Edge,Spain,Madrid,0,1,/catalog/apparel,0,/product/featured-item,17474,/checkout,110499
8000002290,9000000000000605,1,1737141840,5,19,organic,search-engine,mobile,Firefox,Germany,Berlin,0,4,/catalog/accessories,0,/catalog/electronics,22093,,
8000001205,9000000000000606,0,1737600300,4,2,organic,search-engine,mobile,Firefox,Spain,Madrid,0,2,/catalog/apparel,0,,,,
8000000750,9000000000000607,0,1737611580,4,5,organic,search-engine,desktop,Edge,France,Ile-de-France,0,2,/product/featured-item,0,/catalog/apparel,61293,/checkout,107572
8000000544,9000000000000608,0,1736234280,2,7,(none),(direct),mobile,Chrome,Germany,Berlin,0,2,/product/featured-item,0,,,,
8000001678,9000000000000609,1,1737212220,6,14,referral,partner.example,mobile,Safari,France,Ile-de-France,0,1,/product/featured-item,0,/checkout,86661,,
8000002581,9000000000000610,1,1736904000,3,1,(none),(direct),mobile,Edge,United Kingdom,England,0,1,/home,0,/basket,76743,,
8000000493,9000000000000611,1,1738277940,4,22,(none),(direct),desktop,Chrome,Portugal,Lisbon,0,1,/home,0,/catalog/accessories,71932,/checkout,153473
8000001393,9000000000000612,1,1737408000,1,21,referral,partner.example,desktop,Chrome,United Kingdom,England,0,1,/catalog/electronics,0,/catalog/electronics,39401,/catalog/accessories,60279
8000002780,9000000000000613,0,1736354880,3,16,organic,search-engine,mobile,Firefox,France,Ile-de-France,0,1,/home,0,/checkout,20672,/basket,76781
8000000213,9000000000000614,1,1736486040,5,5,referral,partner.example,mobile,Firefox,United Kingdom,England,0,1,/catalog/electronics,0,/basket,17083,,
8000000269,9000000000000615,1,1737593400,4,0,organic,search-engine,desktop,Chrome,Spain,Madrid,0,1,/product/featured-item,0,,,,
8000002669,9000000000000616,1,1736183340,1,17,email,newsletter,mobile,Safari,Germany,Berlin,0,2,/product/featured-item,0,/checkout,20660,,
8000001736,9000000000000617,1,1737872520,7,6,cpc,paid-media,desktop,Safari,Germany,Berlin,0,1,/catalog/electronics,0,,,,
8000001120,9000000000000618,1,1738040460,2,5,email,newsletter,mobile,Firefox,Germany,Berlin,0,1,/product/featured-item,0,,,,
8000002307,9000000000000619,0,1735964580,6,4,email,newsletter,desktop,Edge,Portugal,Lisbon,0,1,/product/featured-item,0,,,,
8000003286,9000000000000620,0,1736941200,3,11,email,newsletter,mobile,Firefox,Germany,Berlin,0,1,/catalog/apparel,0,/checkout,62266,,
8000002648,9000000000000621,0,1735697640,3,2,(none),(direct),desktop,Edge,Portugal,Lisbon,0,2,/product/featured-item,0,,,,
8000000333,9000000000000622,0,1738241940,4,12,organic,search-engine,desktop,Firefox,Germany,Berlin,0,1,/home,0,,,,
8000000512,9000000000000623,1,1737508980,3,1,email,newsletter,mobile,Firefox,Germany,Berlin,0,2,/catalog/apparel,0,/checkout,48900,/product/featured-item,76001
8000000960,9000000000000624,1,1737631320,4,11,email,newsletter,desktop,Safari,Germany,Berlin,0,4,/catalog/electronics,0,,,,
8000000455,9000000000000625,1,1736780160,1,14,(none),(direct),desktop,Chrome,Spain,Madrid,0,1,/home,0,/checkout,81032,,
8000000522,9000000000000626,0,1736710440,7,19,(none),(direct),mobile,Chrome,United Kingdom,England,0,4,/product/featured-item,0,,,,
8000002517,9000000000000627,0,1736684100,7,12,(none),(direct),mobile,Chrome,Portugal,Lisbon,0,2,/catalog/accessories,0,,,,
8000001772,9000000000000628,1,1737289500,7,12,email,newsletter,desktop,Edge,United Kingdom,England,0,1,/catalog/accessories,0,/catalog/electronics,31431,,
8000000022,9000000000000629,1,1737230400,6,20,referral,partner.example,desktop,Edge,United Kingdom,England,0,3,/catalog/apparel,0,,,,
8000000807,9000000000000630,0,1736336340,3,11,email,newsletter,desktop,Firefox,Portugal,Lisbon,0,1,/catalog/electronics,0,/product/featured-item,84090,,
8000000977,9000000000000631,0,1737029640,4,12,organic,search-engine,mobile,Edge,United Kingdom,England,0,2,/catalog/electronics,0,,,,
8000002372,9000000000000632,1,1736180400,1,16,organic,search-engine,tablet,Edge,Portugal,Lisbon,0,1,/home,0,/checkout,59923,/catalog/electronics,69104
8000002291,9000000000000633,1,1735894860,5,9,email,newsletter,mobile,Edge,Germany,Berlin,0,2,/product/featured-item,0,/product/featured-item,83789,/checkout,87179
8000002537,9000000000000634,1,1736087820,7,14,email,newsletter,mobile,Chrome,Portugal,Lisbon,0,1,/catalog/apparel,0,/catalog/electronics,3610,,
8000002348,9000000000000635,1,1736184960,1,17,(none),(direct),desktop,Edge,Germany,Berlin,0,1,/catalog/accessories,0,/basket,7776,/catalog/electronics,17704
8000001275,9000000000000636,1,1737984660,1,13,(none),(direct),mobile,Safari,Spain,Madrid,0,1,/product/featured-item,0,/basket,69853,/product/featured-item,148718
8000003356,9000000000000637,1,1737889440,7,11,organic,search-engine,desktop,Chrome,Spain,Madrid,0,1,/catalog/electronics,0,,,,
8000002846,9000000000000638,1,1737527460,3,6,(none),(direct),mobile,Chrome,United Kingdom,England,0,1,/home,0,/catalog/electronics,23270,,
8000002617,9000000000000639,1,1736566560,6,3,referral,partner.example,desktop,Safari,Spain,Madrid,0,2,/home,0,/checkout,51271,,
8000001487,9000000000000640,0,1735728480,3,10,organic,search-engine,desktop,Safari,United Kingdom,England,0,1,/catalog/apparel,0,/catalog/electronics,49174,/checkout,56928
8000000897,9000000000000641,1,1736719800,7,22,referral,partner.example,desktop,Edge,United Kingdom,England,0,1,/home,0,/catalog/accessories,4751,/product/featured-item,115730
8000001387,9000000000000642,0,1736516280,5,13,email,newsletter,desktop,Edge,France,Ile-de-France,0,2,/home,0,,,,
8000000486,9000000000000643,0,1736257500,2,13,referral,partner.example,mobile,Safari,Spain,Madrid,0,2,/catalog/accessories,0,/checkout,85380,/checkout,119433
8000003235,9000000000000644,0,1736273760,2,18,email,newsletter,desktop,Edge,France,Ile-de-France,0,1,/home,0,,,,
8000003214,9000000000000645,1,1737540300,3,10,(none),(direct),desktop,Firefox,United Kingdom,England,0,1,/product/featured-item,0,/checkout,70012,,
8000002845,9000000000000646,1,1737589980,3,23,cpc,paid-media,desktop,Safari,United Kingdom,England,0,1,/catalog/accessories,0,/basket,28607,,
8000001741,9000000000000647,1,1737172320,6,3,(none),(direct),desktop,Chrome,France,Ile-de-France,0,1,/product/featured-item,0,/catalog/apparel,70002,/catalog/accessories,118083
8000001378,9000000000000648,1,1737365100,1,9,cpc,paid-media,desktop,Chrome,Germany,Berlin,1,1,/home,0,/product/featured-item,59892,/basket,92535
8000001207,9000000000000649,1,1737662580,4,20,(none),(direct),desktop,Chrome,Portugal,Lisbon,0,1,/product/featured-item,0,,,,
8000000821,9000000000000650,0,1737001980,4,4,referral,partner.example,mobile,Firefox,France,Ile-de-France,0,1,/catalog/accessories,0,/checkout,81171,,
8000001155,9000000000000651,1,1737052560,4,18,cpc,paid-media,mobile,Safari,United Kingdom,England,1,2,/catalog/apparel,0,,,,
8000000930,9000000000000652,0,1736514840,5,13,cpc,paid-media,desktop,Edge,United Kingdom,England,0,1,/home,0,,,,
8000001283,9000000000000653,1,1736428200,4,13,cpc,paid-media,mobile,Safari,Germany,Berlin,0,1,/home,0,/product/featured-item,20212,,
8000002048,9000000000000654,1,1738280280,4,23,email,newsletter,desktop,Chrome,Germany,Berlin,0,1,/home,0,/product/featured-item,41274,,
8000000570,9000000000000655,1,1736293920,2,23,email,newsletter,mobile,Edge,United Kingdom,England,0,1,/catalog/electronics,0,,,,
8000000261,9000000000000656,1,1737791280,6,7,cpc,paid-media,desktop,Safari,Portugal,Lisbon,0,1,/product/featured-item,0,/product/featured-item,24468,,
8000002002,9000000000000657,1,1735795080,4,5,referral,partner.example,desktop,Safari,Germany,Berlin,0,1,/catalog/electronics,0,/catalog/accessories,9530,/checkout,59849
8000001602,9000000000000658,1,1736307060,3,3,organic,search-engine,desktop,Edge,Germany,Berlin,0,1,/product/featured-item,0,/catalog/apparel,28958,/catalog/electronics,71558
8000001272,9000000000000659,1,1737999660,1,17,referral,partner.example,desktop,Safari,Germany,Berlin,0,1,/product/featured-item,0,/catalog/apparel,54328,,
8000002011,9000000000000660,1,1737499140,2,22,cpc,paid-media,mobile,Edge,Portugal,Lisbon,0,1,/catalog/apparel,0,/product/featured-item,24954,/product/featured-item,81355
8000002862,9000000000000661,0,1737925440,7,21,organic,search-engine,desktop,Safari,Portugal,Lisbon,0,3,/catalog/electronics,0,/catalog/accessories,10748,/checkout,104242
8000003121,9000000000000662,0,1737863340,7,3,organic,search-engine,tablet,Edge,Portugal,Lisbon,0,1,/catalog/accessories,0,,,,
8000000850,9000000000000663,1,1737679500,5,0,organic,search-engine,desktop,Firefox,Portugal,Lisbon,0,2,/catalog/apparel,0,,,,
8000001625,9000000000000664,1,1735838100,4,17,organic,search-engine,desktop,Edge,Spain,Madrid,0,1,/catalog/accessories,0,/checkout,73883,/basket,162000
8000003448,9000000000000665,1,1736324100,3,8,referral,partner.example,mobile,Firefox,United Kingdom,England,0,1,/catalog/accessories,0,/catalog/electronics,90000,/basket,192085
8000000729,9000000000000666,1,1736541540,5,20,organic,search-engine,mobile,Firefox,United Kingdom,England,0,1,/product/featured-item,0,/checkout,88512,/checkout,208084
8000000020,9000000000000667,0,1735880940,5,5,cpc,paid-media,mobile,Chrome,Spain,Madrid,0,1,/home,0,/catalog/accessories,3908,/catalog/accessories,50094
8000003265,9000000000000668,1,1738300980,5,5,referral,partner.example,mobile,Safari,Portugal,Lisbon,0,3,/catalog/electronics,0,/catalog/apparel,84154,,
8000001753,9000000000000669,1,1736164620,1,11,referral,partner.example,desktop,Firefox,France,Ile-de-France,1,1,/catalog/accessories,0,/catalog/apparel,29887,/product/featured-item,92019
8000000180,9000000000000670,1,1735954320,6,1,referral,partner.example,desktop,Chrome,United Kingdom,England,0,1,/catalog/electronics,0,/catalog/apparel,76606,,
8000002777,9000000000000671,1,1736212260,2,1,email,newsletter,desktop,Chrome,France,Ile-de-France,0,1,/product/featured-item,0,,,,
8000001839,9000000000000672,0,1737193140,6,9,(none),(direct),mobile,Chrome,Spain,Madrid,0,1,/catalog/electronics,0,/checkout,82786,,
8000003102,9000000000000673,0,1736647260,7,2,(none),(direct),desktop,Edge,Spain,Madrid,0,2,/catalog/accessories,0,/catalog/electronics,6968,/basket,40171
8000000550,9000000000000674,1,1736783220,1,15,email,newsletter,mobile,Firefox,Portugal,Lisbon,0,1,/catalog/apparel,0,/product/featured-item,5105,,
8000002210,9000000000000675,1,1735902180,5,11,referral,partner.example,mobile,Edge,Spain,Madrid,0,1,/catalog/apparel,0,/product/featured-item,84546,,
8000000214,9000000000000676,1,1738183980,3,20,referral,partner.example,mobile,Chrome,Spain,Madrid,0,1,/catalog/electronics,0,/basket,28787,,
8000001276,9000000000000677,0,1736335080,3,11,referral,partner.example,desktop,Edge,Spain,Madrid,0,1,/catalog/accessories,0,/catalog/electronics,28398,/basket,66031
8000001632,9000000000000678,0,1737174840,6,4,referral,partner.example,desktop,Edge,Germany,Berlin,0,2,/catalog/accessories,0,/checkout,65176,/catalog/electronics,69772
8000002438,9000000000000679,1,1737801900,6,10,referral,partner.example,mobile,Safari,Spain,Madrid,0,1,/catalog/apparel,0,/product/featured-item,81432,/product/featured-item,146457
8000000634,9000000000000680,1,1736435220,4,15,organic,search-engine,desktop,Edge,United Kingdom,England,0,3,/catalog/accessories,0,,,,
8000001574,9000000000000681,1,1737614580,4,6,email,newsletter,mobile,Edge,United Kingdom,England,0,3,/catalog/accessories,0,/catalog/apparel,76135,,
8000002088,9000000000000682,1,1737610920,4,5,email,newsletter,mobile,Chrome,Germany,Berlin,0,3,/catalog/accessories,0,,,,
8000002585,9000000000000683,1,1738349400,5,18,organic,search-engine,mobile,Safari,Spain,Madrid,0,1,/home,0,/product/featured-item,34429,,
8000002640,9000000000000684,1,1737200880,6,11,cpc,paid-media,mobile,Firefox,Portugal,Lisbon,0,1,/product/featured-item,0,/catalog/accessories,57950,,
8000002698,9000000000000685,0,1737194760,6,10,(none),(direct),desktop,Chrome,Germany,Berlin,0,1,/catalog/accessories,0,,,,
8000003336,9000000000000686,1,1736250720,2,11,email,newsletter,mobile,Edge,Germany,Berlin,1,1,/home,0,,,,
8000003170,9000000000000687,1,1737332580,1,0,(none),(direct),desktop,Safari,France,Ile-de-France,0,1,/catalog/apparel,0,,,,
8000002059,9000000000000688,1,1736123040,1,0,cpc,paid-media,mobile,Edge,Spain,Madrid,0,1,/product/featured-item,0,/catalog/apparel,27150,,
8000000448,9000000000000689,1,1738192140,3,23,referral,partner.example,desktop,Chrome,Portugal,Lisbon,0,1,/catalog/accessories,0,/catalog/electronics,64638,/catalog/accessories,130233
8000003080,9000000000000690,0,1735717980,3,7,(none),(direct),mobile,Firefox,Portugal,Lisbon,0,3,/catalog/electronics,0,/basket,70167,,
8000003101,9000000000000691,1,1737014820,4,8,(none),(direct),desktop,Safari,France,Ile-de-France,0,3,/catalog/electronics,0,,,,
8000001551,9000000000000692,0,1738091340,2,19,organic,search-engine,tablet,Edge,France,Ile-de-France,1,2,/catalog/apparel,0,,,,
8000000106,9000000000000693,1,1738056360,2,9,organic,search-engine,mobile,Edge,France,Ile-de-France,0,1,/catalog/electronics,0,,,,
8000002110,9000000000000694,1,1737314040,7,19,referral,partner.example,desktop,Safari,France,Ile-de-France,0,1,/catalog/electronics,0,/catalog/electronics,44667,,
8000003028,9000000000000695,0,1738098360,2,21,organic,search-engine,desktop,Edge,Germany,Berlin,0,1,/catalog/apparel,0,,,,
8000002917,9000000000000696,0,1736252520,2,12,(none),(direct),mobile,Edge,United Kingdom,England,0,1,/catalog/electronics,0,/product/featured-item,73925,,
8000000474,9000000000000697,1,1737585540,3,22,(none),(direct),desktop,Firefox,Spain,Madrid,0,3,/catalog/accessories,0,/checkout,5830,,
8000000903,9000000000000698,1,1736702580,7,17,cpc,paid-media,tablet,Edge,Portugal,Lisbon,0,1,/catalog/accessories,0,,,,
8000000917,9000000000000699,1,1737954360,1,5,(none),(direct),desktop,Edge,France,Ile-de-France,0,2,/catalog/apparel,0,/checkout,87710,,
8000001062,9000000000000700,1,1736144460,1,6,email,newsletter,desktop,Safari,Portugal,Lisbon,0,2,/catalog/electronics,0,/basket,17218,,
8000002364,9000000000000701,0,1735696200,3,1,email,newsletter,desktop,Safari,United Kingdom,England,0,1,/product/featured-item,0,/product/featured-item,49844,,
8000002420,9000000000000702,0,1736563080,6,2,organic,search-engine,desktop,Firefox,United Kingdom,England,0,2,/catalog/electronics,0,,,,
8000002786,9000000000000703,0,1737481800,2,17,referral,partner.example,mobile,Chrome,Spain,Madrid,0,1,/catalog/accessories,0,,,,
8000002058,9000000000000704,1,1736175060,1,14,email,newsletter,tablet,Firefox,United Kingdom,England,0,1,/catalog/apparel,0,/catalog/accessories,51375,,
8000003474,9000000000000705,1,1736574600,6,5,organic,search-engine,mobile,Safari,Spain,Madrid,0,4,/product/featured-item,0,,,,
8000001607,9000000000000706,1,1737016320,4,8,cpc,paid-media,mobile,Firefox,France,Ile-de-France,0,1,/catalog/apparel,0,,,,
8000002872,9000000000000707,0,1737844440,6,22,cpc,paid-media,desktop,Firefox,France,Ile-de-France,0,1,/catalog/apparel,0,,,,
8000002365,9000000000000708,0,1736230500,2,6,cpc,paid-media,mobile,Safari,France,Ile-de-France,0,2,/home,0,,,,
8000001484,9000000000000709,1,1737953220,1,4,organic,search-engine,mobile,Edge,Spain,Madrid,0,1,/home,0,/product/featured-item,9383,,
8000000481,9000000000000710,1,1737716340,5,10,email,newsletter,mobile,Safari,Spain,Madrid,0,1,/catalog/accessories,0,,,,
8000002818,9000000000000711,1,1738033740,2,3,referral,partner.example,mobile,Chrome,Germany,Berlin,0,2,/catalog/electronics,0,,,,
8000001128,9000000000000712,1,1738176000,3,18,cpc,paid-media,desktop,Edge,Portugal,Lisbon,0,1,/home,0,/catalog/apparel,68813,,
8000003254,9000000000000713,1,1738020840,1,23,referral,partner.example,desktop,Chrome,Germany,Berlin,0,1,/product/featured-item,0,/catalog/accessories,72452,/catalog/accessories,98685
8000003210,9000000000000714,0,1737773940,6,2,cpc,paid-media,desktop,Safari,United Kingdom,England,0,1,/catalog/electronics,0,/checkout,17378,/catalog/electronics,43058
8000003279,9000000000000715,0,1736925420,3,7,organic,search-engine,desktop,Firefox,United Kingdom,England,0,1,/product/featured-item,0,/catalog/accessories,6588,/product/featured-item,19678
8000000703,9000000000000716,0,1737353100,1,6,organic,search-engine,desktop,Edge,Portugal,Lisbon,0,1,/catalog/electronics,0,,,,
8000002848,9000000000000717,1,1736920080,3,5,(none),(direct),mobile,Safari,France,Ile-de-France,0,1,/catalog/apparel,0,/basket,7863,/catalog/accessories,40940
8000000550,9000000000000718,1,1738057320,2,9,(none),(direct),desktop,Safari,France,Ile-de-France,0,1,/home,0,/checkout,35419,,
8000001042,9000000000000719,1,1738349760,5,18,cpc,paid-media,mobile,Safari,Spain,Madrid,0,1,/product/featured-item,0,/catalog/apparel,84984,,
8000002693,9000000000000720,0,1738236720,4,11,(none),(direct),mobile,Edge,Germany,Berlin,0,1,/product/featured-item,0,,,,
8000001014,9000000000000721,1,1735994400,6,12,email,newsletter,desktop,Chrome,Portugal,Lisbon,0,1,/catalog/accessories,0,,,,
8000003187,9000000000000722,0,1736764020,1,10,referral,partner.example,mobile,Safari,Spain,Madrid,0,1,/catalog/accessories,0,/catalog/apparel,15762,/catalog/electronics,120356
8000002412,9000000000000723,1,1737614820,4,6,organic,search-engine,desktop,Chrome,United Kingdom,England,0,1,/catalog/electronics,0,,,,
8000000741,9000000000000724,1,1737046860,4,17,(none),(direct),mobile,Firefox,Germany,Berlin,0,1,/catalog/accessories,0,/catalog/accessories,88188,/checkout,106751
8000002898,9000000000000725,0,1736669100,7,8,(none),(direct),desktop,Safari,Germany,Berlin,0,1,/home,0,/catalog/electronics,38152,,
8000001252,9000000000000726,1,1737288060,7,12,email,newsletter,mobile,Firefox,Portugal,Lisbon,0,1,/catalog/electronics,0,/catalog/accessories,9525,,
8000003311,9000000000000727,1,1735731600,3,11,cpc,paid-media,mobile,Edge,Spain,Madrid,0,1,/catalog/apparel,0,/basket,71783,,
8000003406,9000000000000728,1,1735718220,3,7,cpc,paid-media,mobile,Chrome,France,Ile-de-France,0,1,/catalog/apparel,0,/checkout,71220,,
8000002763,9000000000000729,0,1737748140,5,19,referral,partner.example,desktop,Edge,France,Ile-de-France,0,1,/catalog/apparel,0,,,,
8000001529,9000000000000730,0,1736134800,1,3,email,newsletter,mobile,Firefox,Spain,Madrid,0,1,/catalog/accessories,0,,,,
8000001085,9000000000000731,0,1736527380,5,16,organic,search-engine,mobile,Chrome,United Kingdom,England,0,3,/product/featured-item,0,/catalog/electronics,69571,,
8000003475,9000000000000732,1,1737609540,4,5,organic,search-engine,desktop,Chrome,United Kingdom,England,0,1,/catalog/apparel,0,/catalog/electronics,26400,/catalog/accessories,81099
8000000348,9000000000000733,1,1737770040,6,1,(none),(direct),mobile,Edge,Germany,Berlin,0,2,/product/featured-item,0,/product/featured-item,53820,/product/featured-item,104881
8000003325,9000000000000734,1,1736749200,1,6,organic,search-engine,tablet,Firefox,Germany,Berlin,0,1,/catalog/electronics,0,/catalog/electronics,28013,,
8000001725,9000000000000735,0,1736991960,4,1,organic,search-engine,desktop,Chrome,Spain,Madrid,0,1,/product/featured-item,0,,,,
8000002030,9000000000000736,0,1736190660,1,19,email,newsletter,mobile,Chrome,Germany,Berlin,0,1,/catalog/accessories,0,/checkout,16382,,
8000002049,9000000000000737,1,1735743240,3,14,referral,partner.example,desktop,Chrome,France,Ile-de-France,0,2,/catalog/apparel,0,/basket,39940,,
8000002530,9000000000000738,0,1736289180,2,22,(none),(direct),desktop,Safari,France,Ile-de-France,0,1,/catalog/electronics,0,,,,
8000000813,9000000000000739,1,1737553020,3,13,organic,search-engine,mobile,Chrome,United Kingdom,England,0,1,/home,0,/catalog/accessories,85162,,
8000001122,9000000000000740,1,1736445240,4,17,referral,partner.example,desktop,Edge,United Kingdom,England,0,1,/product/featured-item,0,/catalog/apparel,85009,/checkout,117342
8000001750,9000000000000741,1,1738221360,4,7,organic,search-engine,desktop,Chrome,France,Ile-de-France,0,1,/catalog/accessories,0,/catalog/electronics,8233,,
8000000869,9000000000000742,1,1736811480,1,23,cpc,paid-media,desktop,Chrome,United Kingdom,England,0,1,/catalog/apparel,0,/catalog/accessories,41892,/basket,58510
8000001357,9000000000000743,0,1737107400,5,9,email,newsletter,mobile,Safari,United Kingdom,England,0,1,/product/featured-item,0,/catalog/electronics,52338,/product/featured-item,65771
8000000493,9000000000000744,1,1735850940,4,20,(none),(direct),tablet,Firefox,Spain,Madrid,0,2,/catalog/apparel,0,/product/featured-item,73641,,
8000002186,9000000000000745,0,1736293860,2,23,organic,search-engine,desktop,Firefox,Germany,Berlin,0,1,/home,0,/catalog/electronics,75445,,
8000001787,9000000000000746,1,1735955820,6,1,cpc,paid-media,desktop,Safari,United Kingdom,England,0,1,/product/featured-item,0,,,,
8000000250,9000000000000747,1,1736437440,4,15,cpc,paid-media,desktop,Edge,United Kingdom,England,0,1,/catalog/electronics,0,,,,
8000001642,9000000000000748,1,1738077240,2,15,email,newsletter,desktop,Firefox,Portugal,Lisbon,1,1,/catalog/apparel,0,/catalog/accessories,69213,,
8000001214,9000000000000749,1,1736745420,1,5,(none),(direct),desktop,Chrome,Spain,Madrid,0,1,/catalog/apparel,0,/catalog/accessories,38406,/catalog/electronics,57834
8000003373,9000000000000750,1,1736515200,5,13,(none),(direct),desktop,Firefox,France,Ile-de-France,0,2,/catalog/electronics,0,,,,
8000002505,9000000000000751,0,1736849160,2,10,email,newsletter,tablet,Safari,Portugal,Lisbon,0,1,/home,0,,,,
8000002202,9000000000000752,1,1738274220,4,21,(none),(direct),desktop,Safari,Germany,Berlin,0,2,/catalog/apparel,0,,,,
8000001329,9000000000000753,0,1736746500,1,5,referral,partner.example,mobile,Chrome,Germany,Berlin,0,1,/catalog/electronics,0,/catalog/accessories,21442,,
8000000758,9000000000000754,1,1736382060,4,0,referral,partner.example,mobile,Safari,Spain,Madrid,0,2,/product/featured-item,0,,,,
8000000770,9000000000000755,1,1735962660,6,3,referral,partner.example,desktop,Chrome,Spain,Madrid,0,1,/catalog/electronics,0,/checkout,71045,,
8000001573,9000000000000756,1,1735771020,3,22,organic,search-engine,mobile,Firefox,Portugal,Lisbon,1,2,/home,0,/catalog/apparel,3231,/checkout,108995
8000000829,9000000000000757,1,1736237040,2,8,cpc,paid-media,mobile,Safari,Germany,Berlin,0,1,/catalog/accessories,0,,,,
8000002571,9000000000000758,1,1737827160,6,17,organic,search-engine,desktop,Edge,Portugal,Lisbon,0,1,/catalog/accessories,0,/catalog/electronics,31401,/basket,36546
8000000926,9000000000000759,0,1737202440,6,12,organic,search-engine,desktop,Safari,Portugal,Lisbon,0,1,/product/featured-item,0,/catalog/electronics,49250,/checkout,62365
8000001372,9000000000000760,1,1738047360,2,6,referral,partner.example,mobile,Firefox,Spain,Madrid,0,1,/home,0,,,,
8000001111,9000000000000761,0,1737652680,4,17,email,newsletter,mobile,Safari,Portugal,Lisbon,0,1,/catalog/electronics,0,,,,
8000001830,9000000000000762,1,1737570840,3,18,organic,search-engine,desktop,Safari,Germany,Berlin,0,1,/catalog/electronics,0,,,,
8000001445,9000000000000763,1,1736945160,3,12,cpc,paid-media,desktop,Edge,Germany,Berlin,0,1,/catalog/apparel,0,/checkout,74002,/catalog/electronics,141158
8000001576,9000000000000764,1,1736018340,6,19,(none),(direct),mobile,Chrome,United Kingdom,England,0,1,/home,0,/checkout,13436,,
8000001485,9000000000000765,0,1737885180,7,9,cpc,paid-media,tablet,Edge,Portugal,Lisbon,0,1,/catalog/apparel,0,/catalog/electronics,20892,/catalog/electronics,132370
8000000229,9000000000000766,1,1736231400,2,6,organic,search-engine,tablet,Chrome,Spain,Madrid,0,1,/product/featured-item,0,/catalog/apparel,9088,,
8000000648,9000000000000767,0,1735808280,4,8,referral,partner.example,desktop,Edge,Portugal,Lisbon,0,2,/product/featured-item,0,/catalog/apparel,21623,,
8000002862,9000000000000768,1,1736867280,2,15,cpc,paid-media,desktop,Chrome,France,Ile-de-France,0,1,/catalog/apparel,0,/checkout,22432,,
8000002062,9000000000000769,1,1736320080,3,7,organic,search-engine,desktop,Firefox,Germany,Berlin,0,3,/product/featured-item,0,,,,
8000001254,9000000000000770,0,1736583420,6,8,cpc,paid-media,mobile,Safari,France,Ile-de-France,0,2,/catalog/electronics,0,,,,
8000002536,9000000000000771,1,1735909740,5,13,referral,partner.example,desktop,Edge,United Kingdom,England,0,2,/catalog/apparel,0,/catalog/apparel,43050,,
8000000224,9000000000000772,1,1737150300,5,21,cpc,paid-media,desktop,Safari,Portugal,Lisbon,0,1,/home,0,/catalog/electronics,5676,,
8000000868,9000000000000773,1,1738037520,2,4,organic,search-engine,mobile,Chrome,France,Ile-de-France,0,1,/catalog/electronics,0,/catalog/accessories,37280,,
8000000188,9000000000000774,1,1735878480,5,4,email,newsletter,desktop,Edge,France,Ile-de-France,0,2,/catalog/apparel,0,/catalog/electronics,67564,,
8000002879,9000000000000775,1,1738342560,5,16,organic,search-engine,desktop,Edge,United Kingdom,England,0,1,/home,0,/catalog/accessories,6903,/basket,46929
8000002943,9000000000000776,0,1736600160,6,12,referral,partner.example,mobile,Firefox,Spain,Madrid,0,1,/catalog/apparel,0,,,,
8000001389,9000000000000777,0,1736833200,2,5,email,newsletter,mobile,Chrome,Germany,Berlin,0,3,/product/featured-item,0,/checkout,29370,,
8000002572,9000000000000778,0,1737645900,4,15,organic,search-engine,mobile,Chrome,Spain,Madrid,0,1,/catalog/electronics,0,,,,
8000001285,9000000000000779,0,1736356920,3,17,email,newsletter,desktop,Firefox,France,Ile-de-France,0,2,/catalog/electronics,0,/catalog/electronics,62390,/catalog/electronics,98199
8000002664,9000000000000780,1,1736241840,2,9,organic,search-engine,tablet,Firefox,Germany,Berlin,0,1,/catalog/electronics,0,/catalog/electronics,18906,/checkout,78686
8000002073,9000000000000781,0,1737459420,2,11,email,newsletter,mobile,Safari,Portugal,Lisbon,0,1,/product/featured-item,0,,,,
8000000033,9000000000000782,1,1736297340,3,0,organic,search-engine,desktop,Edge,Spain,Madrid,0,1,/catalog/apparel,0,/catalog/apparel,47735,/basket,110798
8000002998,9000000000000783,1,1736115600,7,22,cpc,paid-media,mobile,Chrome,Spain,Madrid,0,1,/catalog/electronics,0,/catalog/apparel,64419,/checkout,81403
8000000597,9000000000000784,1,1738207020,4,3,referral,partner.example,desktop,Firefox,Portugal,Lisbon,0,2,/catalog/electronics,0,,,,
8000000875,9000000000000785,1,1735902240,5,11,referral,partner.example,mobile,Edge,Germany,Berlin,0,2,/product/featured-item,0,/checkout,55093,/catalog/electronics,67802
8000000877,9000000000000786,1,1738322700,5,11,email,newsletter,desktop,Safari,Portugal,Lisbon,0,3,/catalog/electronics,0,/product/featured-item,47780,/product/featured-item,104712
8000001453,9000000000000787,1,1737932160,7,22,cpc,paid-media,mobile,Safari,United Kingdom,England,0,1,/catalog/accessories,0,,,,
8000000059,9000000000000788,0,1736281380,2,20,cpc,paid-media,mobile,Edge,Germany,Berlin,0,1,/home,0,,,,
8000001846,9000000000000789,0,1736183940,1,17,cpc,paid-media,mobile,Edge,United Kingdom,England,0,1,/catalog/apparel,0,/catalog/accessories,73576,,
8000000783,9000000000000790,0,1738362000,5,22,(none),(direct),tablet,Chrome,France,Ile-de-France,0,1,/catalog/electronics,0,,,,
8000001696,9000000000000791,1,1737303300,7,16,email,newsletter,desktop,Safari,United Kingdom,England,0,1,/catalog/electronics,0,/catalog/electronics,50905,/catalog/electronics,76091
8000001168,9000000000000792,1,1738283220,5,0,cpc,paid-media,mobile,Chrome,United Kingdom,England,0,2,/home,0,,,,
8000000368,9000000000000793,1,1738243980,4,13,organic,search-engine,mobile,Chrome,Germany,Berlin,0,1,/catalog/electronics,0,/checkout,15068,,
8000000868,9000000000000794,1,1736565960,6,3,cpc,paid-media,mobile,Edge,Portugal,Lisbon,0,1,/catalog/accessories,0,/product/featured-item,62810,,
8000003204,9000000000000795,1,1736570100,6,4,(none),(direct),desktop,Chrome,France,Ile-de-France,0,1,/catalog/accessories,0,/product/featured-item,56336,,
8000003444,9000000000000796,1,1737730200,5,14,(none),(direct),desktop,Edge,Spain,Madrid,0,1,/catalog/electronics,0,,,,
8000003394,9000000000000797,0,1735892400,5,8,(none),(direct),desktop,Safari,Germany,Berlin,0,1,/home,0,,,,
8000002909,9000000000000798,1,1736186340,1,17,(none),(direct),desktop,Firefox,United Kingdom,England,0,2,/catalog/apparel,0,,,,
8000001321,9000000000000799,1,1736490780,5,6,organic,search-engine,desktop,Safari,Germany,Berlin,0,4,/catalog/accessories,0,/basket,12324,/checkout,89270
8000000765,9000000000000800,0,1736632200,6,21,referral,partner.example,desktop,Edge,United Kingdom,England,0,2,/home,0,,,,
8000001127,9000000000000801,0,1736015820,6,18,referral,partner.example,mobile,Chrome,United Kingdom,England,0,1,/catalog/accessories,0,,,,
8000001074,9000000000000802,1,1736399820,4,5,organic,search-engine,desktop,Chrome,France,Ile-de-France,0,1,/catalog/electronics,0,,,,
8000002563,9000000000000803,1,1735989660,6,11,referral,partner.example,mobile,Safari,Germany,Berlin,0,1,/home,0,,,,
8000000732,9000000000000804,1,1738283460,5,0,(none),(direct),mobile,Chrome,Portugal,Lisbon,0,1,/catalog/accessories,0,/catalog/electronics,82478,,
8000000499,9000000000000805,1,1736447880,4,18,(none),(direct),desktop,Safari,Portugal,Lisbon,0,1,/catalog/apparel,0,/catalog/accessories,30437,/product/featured-item,36303
8000001097,9000000000000806,1,1736765700,1,10,cpc,paid-media,desktop,Edge,Portugal,Lisbon,0,3,/catalog/accessories,0,/basket,66985,,
8000000709,9000000000000807,0,1736467680,5,0,email,newsletter,tablet,Edge,Portugal,Lisbon,0,1,/catalog/accessories,0,/basket,65941,/catalog/electronics,124756
8000003342,9000000000000808,1,1736942940,3,12,(none),(direct),desktop,Edge,Germany,Berlin,0,1,/product/featured-item,0,/basket,6424,/catalog/accessories,75448
8000001443,9000000000000809,1,1737255780,7,3,organic,search-engine,desktop,Firefox,France,Ile-de-France,0,1,/catalog/accessories,0,/catalog/accessories,50714,/catalog/accessories,101468
8000002820,9000000000000810,1,1735732440,3,11,email,newsletter,desktop,Edge,United Kingdom,England,0,1,/catalog/apparel,0,,,,
8000002160,9000000000000811,1,1736544660,5,21,organic,search-engine,mobile,Edge,United Kingdom,England,0,1,/catalog/electronics,0,,,,
8000001302,9000000000000812,1,1736948340,3,13,referral,partner.example,desktop,Safari,Germany,Berlin,0,1,/catalog/accessories,0,/catalog/electronics,80830,/catalog/accessories,125674
8000000074,9000000000000813,1,1738220580,4,7,(none),(direct),tablet,Chrome,Germany,Berlin,0,1,/catalog/electronics,0,/product/featured-item,7127,/checkout,53349
8000002963,9000000000000814,1,1736873160,2,16,email,newsletter,desktop,Edge,France,Ile-de-France,0,1,/home,0,/basket,8169,,
8000003454,9000000000000815,1,1737159840,6,0,(none),(direct),desktop,Safari,Spain,Madrid,0,2,/catalog/accessories,0,/catalog/apparel,59105,/product/featured-item,90772
8000003343,9000000000000816,1,1737803340,6,11,organic,search-engine,mobile,Edge,Portugal,Lisbon,0,1,/catalog/apparel,0,/catalog/apparel,45165,/product/featured-item,137332
8000000565,9000000000000817,0,1737983820,1,13,cpc,paid-media,desktop,Edge,France,Ile-de-France,0,1,/home,0,,,,
8000002138,9000000000000818,0,1737764160,6,0,referral,partner.example,mobile,Safari,Germany,Berlin,0,1,/catalog/accessories,0,,,,
8000002914,9000000000000819,1,1736015160,6,18,email,newsletter,mobile,Chrome,Spain,Madrid,0,1,/catalog/electronics,0,,,,
8000000247,9000000000000820,1,1736525040,5,16,organic,search-engine,mobile,Safari,Germany,Berlin,0,2,/product/featured-item,0,,,,
8000002106,9000000000000821,1,1736921760,3,6,email,newsletter,mobile,Firefox,Spain,Madrid,0,1,/catalog/electronics,0,,,,
8000002542,9000000000000822,1,1737708600,5,8,referral,partner.example,mobile,Edge,Spain,Madrid,0,2,/home,0,/product/featured-item,77660,/product/featured-item,164644
8000000986,9000000000000823,1,1735754820,3,18,cpc,paid-media,desktop,Safari,Portugal,Lisbon,0,1,/product/featured-item,0,/basket,74129,/product/featured-item,87147
8000001765,9000000000000824,1,1737686820,5,2,email,newsletter,desktop,Safari,France,Ile-de-France,0,1,/product/featured-item,0,/catalog/apparel,57389,,
8000001131,9000000000000825,1,1737771900,6,2,(none),(direct),desktop,Chrome,Germany,Berlin,0,1,/catalog/apparel,0,/catalog/apparel,30780,,
8000000270,9000000000000826,1,1737781980,6,5,organic,search-engine,desktop,Safari,United Kingdom,England,0,2,/catalog/accessories,0,,,,
8000002029,9000000000000827,1,1736498460,5,8,referral,partner.example,mobile,Chrome,France,Ile-de-France,0,1,/product/featured-item,0,,,,
8000002870,9000000000000828,0,1738135860,3,7,cpc,paid-media,mobile,Edge,Spain,Madrid,0,1,/home,0,/checkout,61666,/catalog/electronics,82256
8000000728,9000000000000829,1,1736727000,1,0,organic,search-engine,desktop,Chrome,Portugal,Lisbon,0,2,/product/featured-item,0,/product/featured-item,34441,,
8000002786,9000000000000830,1,1736832480,2,5,referral,partner.example,desktop,Firefox,Spain,Madrid,0,1,/catalog/accessories,0,,,,
8000002236,9000000000000831,0,1736701500,7,17,cpc,paid-media,desktop,Edge,Germany,Berlin,0,1,/product/featured-item,0,/catalog/electronics,89023,/product/featured-item,203345
8000002983,9000000000000832,1,1738205340,4,2,organic,search-engine,desktop,Edge,Germany,Berlin,0,1,/product/featured-item,0,,,,
8000003036,9000000000000833,1,1737383220,1,14,email,newsletter,desktop,Edge,Portugal,Lisbon,0,4,/product/featured-item,0,/product/featured-item,84167,,
8000000717,9000000000000834,1,1736732820,1,1,email,newsletter,mobile,Edge,Germany,Berlin,0,2,/product/featured-item,0,/catalog/electronics,46993,/catalog/accessories,158329
8000003247,9000000000000835,1,1737054000,4,19,email,newsletter,desktop,Safari,Portugal,Lisbon,0,1,/catalog/accessories,0,/checkout,39982,/catalog/electronics,123744
8000000265,9000000000000836,1,1736848500,2,9,organic,search-engine,desktop,Chrome,Spain,Madrid,0,1,/catalog/apparel,0,/basket,58403,/basket,106573
8000001435,9000000000000837,1,1736803440,1,21,(none),(direct),mobile,Chrome,United Kingdom,England,0,1,/home,0,/catalog/apparel,27785,,
8000001939,9000000000000838,1,1737084060,5,3,referral,partner.example,mobile,Edge,Germany,Berlin,0,1,/catalog/accessories,0,/catalog/apparel,80255,,
8000003295,9000000000000839,1,1737963000,1,7,referral,partner.example,mobile,Edge,Spain,Madrid,0,1,/catalog/electronics,0,/product/featured-item,13219,,
8000003205,9000000000000840,1,1737407520,1,21,organic,search-engine,desktop,Firefox,Germany,Berlin,0,1,/catalog/electronics,0,,,,
8000001911,9000000000000841,1,1737343080,1,3,cpc,paid-media,desktop,Firefox,United Kingdom,England,0,1,/product/featured-item,0,/product/featured-item,41634,/catalog/electronics,146739
8000002317,9000000000000842,1,1736843040,2,8,organic,search-engine,mobile,Chrome,Germany,Berlin,0,1,/home,0,/checkout,9123,/checkout,22219
8000003367,9000000000000843,1,1736832180,2,5,(none),(direct),desktop,Chrome,France,Ile-de-France,0,1,/product/featured-item,0,,,,
8000000591,9000000000000844,1,1737899640,7,13,cpc,paid-media,desktop,Safari,Spain,Madrid,0,1,/home,0,/catalog/electronics,65564,,
8000000627,9000000000000845,1,1738063800,2,11,organic,search-engine,desktop,Edge,Spain,Madrid,0,4,/catalog/apparel,0,/product/featured-item,9294,/checkout,27260
8000003448,9000000000000846,1,1737839340,6,21,email,newsletter,mobile,Chrome,Germany,Berlin,0,1,/catalog/apparel,0,,,,
8000000700,9000000000000847,1,1737700920,5,6,(none),(direct),desktop,Chrome,Germany,Berlin,0,1,/catalog/electronics,0,/checkout,89516,/checkout,127584
8000000607,9000000000000848,1,1735799580,4,6,email,newsletter,desktop,Edge,United Kingdom,England,0,1,/catalog/apparel,0,/basket,48494,/checkout,68752
8000001466,9000000000000849,1,1737658140,4,18,(none),(direct),desktop,Safari,United Kingdom,England,0,1,/catalog/accessories,0,/catalog/apparel,75812,/catalog/electronics,122283
8000001614,9000000000000850,1,1735957800,6,2,cpc,paid-media,desktop,Safari,Germany,Berlin,0,1,/product/featured-item,0,/catalog/accessories,88364,,
8000002379,9000000000000851,1,1737058320,4,20,(none),(direct),mobile,Edge,Germany,Berlin,0,3,/catalog/electronics,0,/catalog/apparel,14653,,
8000001326,9000000000000852,0,1736599980,6,12,referral,partner.example,desktop,Chrome,Spain,Madrid,0,1,/catalog/accessories,0,,,,
8000000469,9000000000000853,1,1735836720,4,16,organic,search-engine,desktop,Safari,France,Ile-de-France,0,1,/catalog/electronics,0,/catalog/apparel,60918,,
8000001793,9000000000000854,1,1738358940,5,21,email,newsletter,desktop,Chrome,Spain,Madrid,0,1,/catalog/apparel,0,/basket,78298,,
8000000022,9000000000000855,1,1737103440,5,8,cpc,paid-media,mobile,Safari,Portugal,Lisbon,0,2,/product/featured-item,0,/checkout,86178,,
8000003390,9000000000000856,0,1737552360,3,13,(none),(direct),desktop,Edge,United Kingdom,England,0,1,/catalog/electronics,0,,,,
8000000291,9000000000000857,1,1737927540,7,21,organic,search-engine,desktop,Safari,United Kingdom,England,0,2,/catalog/accessories,0,/catalog/apparel,72849,,
8000003393,9000000000000858,1,1736678040,7,10,cpc,paid-media,mobile,Safari,Portugal,Lisbon,0,2,/product/featured-item,0,,,,
8000002049,9000000000000859,1,1736917320,3,5,cpc,paid-media,mobile,Firefox,United Kingdom,England,0,1,/home,0,,,,
8000001385,9000000000000860,0,1737346620,1,4,email,newsletter,desktop,Chrome,Portugal,Lisbon,0,1,/home,0,/basket,88944,,
8000003300,9000000000000861,0,1737906720,7,15,(none),(direct),mobile,Edge,Portugal,Lisbon,0,3,/catalog/accessories,0,/catalog/apparel,82272,,
8000002963,9000000000000862,0,1735853700,4,21,organic,search-engine,desktop,Chrome,United Kingdom,England,0,2,/catalog/apparel,0,/catalog/electronics,31852,/product/featured-item,36662
8000002189,9000000000000863,1,1738080840,2,16,cpc,paid-media,mobile,Safari,Portugal,Lisbon,0,1,/home,0,/catalog/apparel,58324,/basket,152249
8000002522,9000000000000864,1,1737135480,5,17,email,newsletter,desktop,Chrome,Germany,Berlin,0,1,/product/featured-item,0,,,,
8000002327,9000000000000865,1,1735869600,5,2,organic,search-engine,mobile,Safari,Spain,Madrid,0,1,/catalog/accessories,0,,,,
8000001433,9000000000000866,1,1738058340,2,9,referral,partner.example,tablet,Safari,Spain,Madrid,0,1,/catalog/accessories,0,/product/featured-item,12011,,
8000000903,9000000000000867,1,1737433620,2,4,email,newsletter,mobile,Firefox,United Kingdom,England,0,3,/product/featured-item,0,/checkout,72964,/product/featured-item,140951
8000001992,9000000000000868,1,1736789700,1,17,organic,search-engine,desktop,Safari,Spain,Madrid,0,1,/catalog/apparel,0,,,,
8000000147,9000000000000869,0,1736614020,6,16,cpc,paid-media,mobile,Firefox,Germany,Berlin,0,1,/catalog/electronics,0,,,,
8000001231,9000000000000870,1,1736021820,6,20,organic,search-engine,desktop,Edge,United Kingdom,England,0,1,/catalog/electronics,0,/catalog/apparel,7821,,
8000002182,9000000000000871,0,1735895040,5,9,email,newsletter,desktop,Firefox,France,Ile-de-France,0,3,/catalog/accessories,0,,,,
8000003319,9000000000000872,0,1738013340,1,21,referral,partner.example,mobile,Chrome,France,Ile-de-France,0,2,/product/featured-item,0,,,,
8000001590,9000000000000873,1,1738355460,5,20,email,newsletter,mobile,Edge,United Kingdom,England,0,1,/catalog/apparel,0,/basket,36091,,
8000000541,9000000000000874,1,1735749300,3,16,email,newsletter,mobile,Firefox,France,Ile-de-France,0,1,/catalog/accessories,0,/catalog/accessories,76852,,
8000003205,9000000000000875,1,1738257420,4,17,(none),(direct),desktop,Edge,France,Ile-de-France,0,1,/home,0,/catalog/electronics,60170,,
8000001470,9000000000000876,1,1737577800,3,20,(none),(direct),desktop,Firefox,Portugal,Lisbon,0,1,/catalog/electronics,0,/catalog/apparel,10394,/checkout,70123
8000000522,9000000000000877,1,1736583840,6,8,referral,partner.example,desktop,Safari,United Kingdom,England,0,1,/catalog/electronics,0,,,,
8000002376,9000000000000878,1,1736937360,3,10,organic,search-engine,mobile,Firefox,Spain,Madrid,0,1,/home,0,/checkout,4112,,
8000002460,9000000000000879,0,1736612460,6,16,email,newsletter,desktop,Edge,United Kingdom,England,0,1,/catalog/electronics,0,/basket,50674,/catalog/electronics,161350
8000001160,9000000000000880,1,1736252160,2,12,organic,search-engine,desktop,Safari,France,Ile-de-France,0,1,/catalog/accessories,0,/product/featured-item,40543,,
8000000615,9000000000000881,0,1738014360,1,21,organic,search-engine,desktop,Firefox,Spain,Madrid,0,3,/catalog/electronics,0,,,,
8000003403,9000000000000882,1,1737980760,1,12,organic,search-engine,mobile,Edge,Spain,Madrid,0,1,/home,0,/checkout,31436,/catalog/accessories,107544
8000003472,9000000000000883,1,1737764820,6,0,organic,search-engine,mobile,Firefox,United Kingdom,England,0,1,/catalog/accessories,0,/catalog/electronics,33985,/checkout,79066
8000003065,9000000000000884,1,1736143380,1,6,referral,partner.example,desktop,Safari,Germany,Berlin,0,1,/catalog/electronics,0,/catalog/electronics,49486,,
8000000942,9000000000000885,1,1737928320,7,21,referral,partner.example,mobile,Safari,Spain,Madrid,0,1,/catalog/accessories,0,,,,
8000001400,9000000000000886,0,1736923680,3,6,organic,search-engine,desktop,Edge,Germany,Berlin,0,1,/home,0,/catalog/accessories,27965,,
8000001715,9000000000000887,1,1736725200,7,23,(none),(direct),mobile,Edge,Germany,Berlin,0,1,/catalog/apparel,0,,,,
8000000300,9000000000000888,1,1736210100,2,0,(none),(direct),mobile,Safari,Germany,Berlin,0,1,/home,0,,,,
8000001380,9000000000000889,0,1737013320,4,7,(none),(direct),mobile,Firefox,Portugal,Lisbon,0,3,/catalog/electronics,0,,,,
8000002584,9000000000000890,0,1737458100,2,11,cpc,paid-media,desktop,Chrome,Germany,Berlin,0,1,/home,0,,,,
8000002432,9000000000000891,1,1738021560,1,23,email,newsletter,mobile,Firefox,Germany,Berlin,0,1,/product/featured-item,0,/product/featured-item,14700,/checkout,47143
8000002152,9000000000000892,0,1737969540,1,9,(none),(direct),mobile,Safari,Germany,Berlin,0,1,/catalog/accessories,0,/product/featured-item,7496,/catalog/electronics,116186
8000002356,9000000000000893,0,1738109700,3,0,email,newsletter,desktop,Firefox,France,Ile-de-France,0,4,/home,0,/catalog/electronics,24193,/basket,64004
8000000949,9000000000000894,0,1738310100,5,7,email,newsletter,desktop,Safari,Spain,Madrid,0,1,/home,0,/basket,7209,,
8000001514,9000000000000895,0,1736488380,5,5,email,newsletter,mobile,Chrome,United Kingdom,England,0,1,/catalog/electronics,0,/product/featured-item,40658,,
8000002021,9000000000000896,1,1736723940,7,23,organic,search-engine,mobile,Chrome,France,Ile-de-France,0,2,/catalog/apparel,0,,,,
8000002980,9000000000000897,1,1735981920,6,9,email,newsletter,desktop,Firefox,France,Ile-de-France,0,2,/home,0,/checkout,11710,,
8000001776,9000000000000898,1,1736084520,7,13,(none),(direct),desktop,Chrome,United Kingdom,England,0,1,/product/featured-item,0,,,,
8000001541,9000000000000899,1,1736555460,6,0,referral,partner.example,desktop,Chrome,Spain,Madrid,0,3,/catalog/apparel,0,/catalog/accessories,28027,,
8000000014,9000000000000900,1,1737397380,1,18,organic,search-engine,desktop,Firefox,United Kingdom,England,0,1,/catalog/apparel,0,/catalog/accessories,84709,/product/featured-item,163241
8000001230,9000000000000901,1,1736601420,6,13,email,newsletter,mobile,Edge,Germany,Berlin,0,1,/catalog/apparel,0,,,,
8000000461,9000000000000902,1,1736819160,2,1,cpc,paid-media,tablet,Edge,France,Ile-de-France,0,1,/catalog/electronics,0,/product/featured-item,88587,/basket,105468
8000003442,9000000000000903,1,1737613080,4,6,(none),(direct),desktop,Firefox,Spain,Madrid,0,1,/catalog/accessories,0,/catalog/electronics,55609,,
8000001685,9000000000000904,0,1737228540,6,19,cpc,paid-media,desktop,Firefox,France,Ile-de-France,0,1,/home,0,,,,
8000001264,9000000000000905,1,1737449760,2,8,cpc,paid-media,desktop,Chrome,Spain,Madrid,0,2,/home,0,/checkout,18936,/checkout,100229
8000003197,9000000000000906,0,1737000120,4,4,email,newsletter,mobile,Edge,United Kingdom,England,0,2,/catalog/apparel,0,/catalog/apparel,28009,,
8000001189,9000000000000907,0,1736324220,3,8,email,newsletter,desktop,Chrome,Spain,Madrid,0,1,/catalog/electronics,0,/catalog/accessories,4625,,
8000000174,9000000000000908,1,1736306700,3,3,email,newsletter,desktop,Chrome,Spain,Madrid,0,2,/catalog/electronics,0,,,,
8000002685,9000000000000909,1,1737265380,7,5,referral,partner.example,mobile,Edge,France,Ile-de-France,0,1,/product/featured-item,0,,,,
8000002478,9000000000000910,1,1736286660,2,21,organic,search-engine,mobile,Chrome,Germany,Berlin,0,1,/catalog/electronics,0,/basket,57725,,
8000000831,9000000000000911,1,1736081520,7,12,email,newsletter,tablet,Safari,United Kingdom,England,0,1,/catalog/electronics,0,/catalog/electronics,75530,/catalog/electronics,114041
8000002981,9000000000000912,1,1737237420,6,21,email,newsletter,mobile,Edge,Portugal,Lisbon,0,1,/catalog/accessories,0,/basket,32423,,
8000001362,9000000000000913,1,1736254920,2,13,organic,search-engine,desktop,Edge,Spain,Madrid,0,1,/product/featured-item,0,/product/featured-item,54847,,
8000003116,9000000000000914,1,1736603520,6,13,organic,search-engine,mobile,Chrome,France,Ile-de-France,0,1,/catalog/apparel,0,/checkout,76096,/catalog/electronics,156572
8000003093,9000000000000915,1,1737901080,7,14,cpc,paid-media,desktop,Edge,France,Ile-de-France,0,1,/home,0,,,,
8000000431,9000000000000916,0,1737363480,1,8,organic,search-engine,desktop,Edge,Portugal,Lisbon,0,1,/product/featured-item,0,/checkout,16898,/catalog/electronics,24017
8000001996,9000000000000917,1,1736239560,2,8,(none),(direct),desktop,Firefox,Portugal,Lisbon,0,1,/catalog/apparel,0,/product/featured-item,37534,,
8000000580,9000000000000918,1,1736830680,2,4,(none),(direct),mobile,Edge,United Kingdom,England,0,1,/catalog/accessories,0,,,,
8000003059,9000000000000919,1,1736221740,2,3,referral,partner.example,desktop,Safari,Germany,Berlin,0,1,/product/featured-item,0,/product/featured-item,2734,/basket,45607
8000001879,9000000000000920,1,1736991240,4,1,organic,search-engine,desktop,Safari,Germany,Berlin,0,1,/catalog/electronics,0,/catalog/apparel,47214,/checkout,131634
8000002394,9000000000000921,1,1736891820,2,21,email,newsletter,mobile,Safari,Germany,Berlin,0,1,/catalog/apparel,0,,,,
8000000422,9000000000000922,1,1736540640,5,20,email,newsletter,desktop,Firefox,United Kingdom,England,0,3,/product/featured-item,0,/basket,45274,,
8000002739,9000000000000923,0,1737551100,3,13,referral,partner.example,desktop,Safari,Spain,Madrid,0,1,/catalog/electronics,0,,,,
8000000002,9000000000000924,1,1736961000,3,17,organic,search-engine,mobile,Edge,Portugal,Lisbon,0,1,/catalog/electronics,0,/product/featured-item,67585,/basket,169200
8000002893,9000000000000925,0,1737555300,3,14,email,newsletter,desktop,Firefox,United Kingdom,England,0,1,/catalog/electronics,0,/catalog/apparel,23773,,
8000002296,9000000000000926,1,1737426180,2,2,cpc,paid-media,mobile,Firefox,France,Ile-de-France,0,1,/catalog/accessories,0,,,,
8000001910,9000000000000927,1,1738324260,5,11,email,newsletter,mobile,Safari,Spain,Madrid,0,1,/catalog/accessories,0,/catalog/accessories,3398,/catalog/electronics,31066
8000001346,9000000000000928,1,1736059620,7,6,email,newsletter,mobile,Firefox,United Kingdom,England,0,1,/catalog/electronics,0,,,,
8000000180,9000000000000929,0,1736684580,7,12,email,newsletter,mobile,Edge,United Kingdom,England,0,1,/catalog/electronics,0,,,,
8000003072,9000000000000930,0,1738235820,4,11,(none),(direct),mobile,Safari,Portugal,Lisbon,0,1,/home,0,/basket,25187,,
8000000230,9000000000000931,0,1737433020,2,4,organic,search-engine,desktop,Firefox,United Kingdom,England,0,2,/catalog/apparel,0,/catalog/accessories,45603,,
8000002404,9000000000000932,1,1737129720,5,16,(none),(direct),desktop,Firefox,Germany,Berlin,0,1,/catalog/electronics,0,/checkout,67735,,
8000000183,9000000000000933,1,1736772960,1,12,(none),(direct),desktop,Firefox,United Kingdom,England,0,1,/catalog/electronics,0,/checkout,2422,,
8000002328,9000000000000934,0,1736028120,6,22,(none),(direct),mobile,Safari,Portugal,Lisbon,0,2,/catalog/apparel,0,/catalog/apparel,79483,/catalog/accessories,163615
8000002614,9000000000000935,0,1737162300,6,1,cpc,paid-media,desktop,Safari,Spain,Madrid,0,1,/catalog/electronics,0,/checkout,27046,,
8000002892,9000000000000936,1,1736818380,2,1,referral,partner.example,desktop,Firefox,United Kingdom,England,0,1,/catalog/electronics,0,/catalog/accessories,28112,,
8000001084,9000000000000937,1,1736052960,7,4,cpc,paid-media,desktop,Edge,France,Ile-de-France,0,1,/product/featured-item,0,/checkout,24344,,
8000000863,9000000000000938,1,1737395580,1,17,email,newsletter,mobile,Safari,France,Ile-de-France,0,1,/catalog/electronics,0,/checkout,37251,,
8000001069,9000000000000939,1,1735813200,4,10,organic,search-engine,desktop,Chrome,Spain,Madrid,0,1,/home,0,/product/featured-item,51533,,
8000002579,9000000000000940,1,1737100740,5,7,organic,search-engine,desktop,Edge,Germany,Berlin,0,1,/home,0,/checkout,48924,,
8000001799,9000000000000941,1,1738114200,3,1,cpc,paid-media,mobile,Firefox,Germany,Berlin,0,1,/catalog/electronics,0,,,,
8000002780,9000000000000942,1,1737266940,7,6,email,newsletter,desktop,Edge,Spain,Madrid,0,1,/catalog/accessories,0,,,,
8000002366,9000000000000943,1,1737265380,7,5,(none),(direct),desktop,Safari,United Kingdom,England,0,1,/catalog/accessories,0,/catalog/electronics,70692,,
8000003230,9000000000000944,1,1735901100,5,10,organic,search-engine,desktop,Chrome,Spain,Madrid,0,1,/catalog/apparel,0,,,,
8000000705,9000000000000945,0,1736874240,2,17,email,newsletter,desktop,Safari,Spain,Madrid,0,1,/catalog/accessories,0,,,,
8000000021,9000000000000946,1,1737566580,3,17,referral,partner.example,desktop,Edge,Germany,Berlin,0,1,/home,0,/product/featured-item,89613,,
8000001588,9000000000000947,1,1736194860,1,20,email,newsletter,mobile,Chrome,Spain,Madrid,0,1,/product/featured-item,0,/catalog/electronics,57652,,
8000000111,9000000000000948,0,1736561280,6,2,(none),(direct),desktop,Chrome,Spain,Madrid,1,1,/catalog/apparel,0,/catalog/electronics,80534,,
8000002048,9000000000000949,1,1736428680,4,13,organic,search-engine,desktop,Edge,Germany,Berlin,0,1,/catalog/electronics,0,/product/featured-item,39350,,
8000000736,9000000000000950,0,1736332620,3,10,cpc,paid-media,mobile,Safari,Portugal,Lisbon,0,1,/product/featured-item,0,/catalog/apparel,55015,/catalog/accessories,162337
8000002077,9000000000000951,0,1737199500,6,11,cpc,paid-media,desktop,Edge,Germany,Berlin,0,1,/catalog/electronics,0,/catalog/apparel,17198,/product/featured-item,98317
8000002917,9000000000000952,1,1737007080,4,5,(none),(direct),tablet,Edge,Portugal,Lisbon,0,2,/home,0,,,,
8000000616,9000000000000953,1,1735716900,3,7,email,newsletter,mobile,Edge,United Kingdom,England,0,1,/home,0,/basket,61636,,
8000002006,9000000000000954,1,1737499320,2,22,email,newsletter,desktop,Firefox,United Kingdom,England,0,2,/home,0,,,,
8000002224,9000000000000955,1,1736740380,1,3,referral,partner.example,desktop,Edge,Germany,Berlin,0,1,/home,0,/catalog/electronics,48824,/catalog/accessories,146756
8000002192,9000000000000956,0,1736061420,7,7,referral,partner.example,mobile,Edge,Germany,Berlin,0,1,/catalog/accessories,0,/catalog/electronics,33994,/basket,144203
8000001527,9000000000000957,0,1735840140,4,17,referral,partner.example,mobile,Firefox,Portugal,Lisbon,0,2,/home,0,/checkout,4933,/product/featured-item,31041
8000003428,9000000000000958,1,1737393900,1,17,organic,search-engine,mobile,Chrome,United Kingdom,England,0,1,/catalog/electronics,0,/catalog/electronics,33949,,
8000000882,9000000000000959,1,1737407700,1,21,email,newsletter,mobile,Safari,Spain,Madrid,0,1,/catalog/electronics,0,/checkout,39344,/basket,77084
8000002692,9000000000000960,1,1736199840,1,21,email,newsletter,desktop,Safari,United Kingdom,England,0,1,/catalog/accessories,0,,,,
8000000906,9000000000000961,1,1735940160,5,21,(none),(direct),desktop,Firefox,United Kingdom,England,0,1,/catalog/electronics,0,,,,
8000002285,9000000000000962,0,1735738980,3,13,email,newsletter,desktop,Edge,France,Ile-de-France,0,1,/catalog/apparel,0,,,,
8000002757,9000000000000963,1,1737223380,6,18,email,newsletter,desktop,Firefox,United Kingdom,England,0,1,/product/featured-item,0,,,,
8000001513,9000000000000964,1,1736885100,2,20,email,newsletter,mobile,Safari,Germany,Berlin,0,1,/product/featured-item,0,,,,
8000001768,9000000000000965,1,1737322980,7,21,organic,search-engine,mobile,Chrome,France,Ile-de-France,0,1,/catalog/apparel,0,/product/featured-item,72463,,
8000000866,9000000000000966,0,1736124600,1,0,(none),(direct),desktop,Edge,Spain,Madrid,0,1,/catalog/apparel,0,,,,
8000001713,9000000000000967,1,1738045920,2,6,email,newsletter,desktop,Firefox,France,Ile-de-France,0,1,/product/featured-item,0,,,,
8000001607,9000000000000968,0,1736574720,6,5,cpc,paid-media,desktop,Edge,Germany,Berlin,0,1,/home,0,/product/featured-item,2437,/catalog/electronics,74254
8000001571,9000000000000969,1,1737970860,1,9,cpc,paid-media,tablet,Chrome,Germany,Berlin,0,1,/catalog/electronics,0,/catalog/apparel,83254,,
8000000094,9000000000000970,0,1736967600,3,19,(none),(direct),desktop,Chrome,United Kingdom,England,0,2,/catalog/electronics,0,,,,
8000002262,9000000000000971,1,1737700200,5,6,referral,partner.example,mobile,Firefox,Spain,Madrid,0,1,/home,0,/checkout,28186,,
8000000848,9000000000000972,1,1737960780,1,6,cpc,paid-media,desktop,Firefox,United Kingdom,England,0,2,/catalog/apparel,0,/catalog/accessories,67564,,
8000001003,9000000000000973,1,1737507060,3,0,organic,search-engine,desktop,Edge,Portugal,Lisbon,0,2,/home,0,,,,
8000003208,9000000000000974,1,1737329640,7,23,email,newsletter,mobile,Chrome,United Kingdom,England,0,1,/catalog/electronics,0,/basket,5109,,
8000003393,9000000000000975,0,1735846500,4,19,email,newsletter,desktop,Chrome,United Kingdom,England,0,1,/catalog/accessories,0,,,,
8000003105,9000000000000976,1,1737969480,1,9,organic,search-engine,mobile,Chrome,France,Ile-de-France,0,1,/catalog/electronics,0,/catalog/electronics,29536,/catalog/electronics,66205
8000003083,9000000000000977,1,1736651880,7,3,email,newsletter,desktop,Safari,Germany,Berlin,0,1,/catalog/accessories,0,/product/featured-item,79912,,
8000000107,9000000000000978,1,1736558640,6,1,email,newsletter,mobile,Safari,France,Ile-de-France,0,1,/catalog/accessories,0,/checkout,59653,/product/featured-item,149900
8000001574,9000000000000979,0,1736701320,7,17,referral,partner.example,desktop,Edge,Spain,Madrid,0,1,/catalog/apparel,0,/catalog/accessories,68662,,
8000001410,9000000000000980,1,1738221300,4,7,referral,partner.example,mobile,Edge,United Kingdom,England,0,1,/home,0,/catalog/electronics,70843,/basket,136026
8000001403,9000000000000981,1,1736573640,6,5,email,newsletter,desktop,Chrome,Spain,Madrid,0,2,/product/featured-item,0,/checkout,48727,,
8000000936,9000000000000982,1,1736485980,5,5,email,newsletter,mobile,Firefox,Germany,Berlin,0,1,/product/featured-item,0,,,,
8000003468,9000000000000983,0,1737804000,6,11,organic,search-engine,tablet,Safari,Portugal,Lisbon,0,1,/catalog/electronics,0,/basket,25944,/product/featured-item,118344
8000000727,9000000000000984,1,1735847760,4,19,(none),(direct),desktop,Chrome,France,Ile-de-France,0,1,/catalog/apparel,0,/catalog/accessories,19373,,
8000002399,9000000000000985,0,1737975240,1,10,cpc,paid-media,desktop,Chrome,United Kingdom,England,0,1,/home,0,,,,
8000001811,9000000000000986,1,1736017440,6,19,cpc,paid-media,desktop,Chrome,United Kingdom,England,0,1,/catalog/electronics,0,/basket,78246,,
8000003185,9000000000000987,1,1738216500,4,5,referral,partner.example,mobile,Edge,United Kingdom,England,0,1,/catalog/electronics,0,,,,
8000002586,9000000000000988,1,1736383740,4,0,email,newsletter,desktop,Firefox,United Kingdom,England,0,1,/home,0,/checkout,38082,/checkout,128928
8000003100,9000000000000989,1,1736405940,4,6,cpc,paid-media,desktop,Safari,United Kingdom,England,0,1,/home,0,/catalog/accessories,14395,/basket,129382
8000003125,9000000000000990,1,1736601060,6,13,referral,partner.example,desktop,Firefox,France,Ile-de-France,0,1,/catalog/electronics,0,/basket,29563,/product/featured-item,106406
8000003219,9000000000000991,0,1736365020,3,19,referral,partner.example,mobile,Firefox,Spain,Madrid,0,1,/catalog/accessories,0,/basket,56645,,
8000001934,9000000000000992,1,1736883420,2,19,email,newsletter,desktop,Firefox,France,Ile-de-France,0,1,/catalog/electronics,0,,,,
8000003124,9000000000000993,0,1737329760,7,23,organic,search-engine,mobile,Safari,Germany,Berlin,0,1,/catalog/accessories,0,/product/featured-item,37940,/catalog/electronics,42493
8000001208,9000000000000994,1,1737158160,5,23,organic,search-engine,desktop,Firefox,Germany,Berlin,0,1,/catalog/apparel,0,/basket,82944,,
8000000658,9000000000000995,1,1736969400,3,19,cpc,paid-media,mobile,Edge,United Kingdom,England,0,1,/home,0,/catalog/apparel,65837,,
8000002620,9000000000000996,1,1737037080,4,14,email,newsletter,desktop,Chrome,Germany,Berlin,0,1,/catalog/electronics,0,,,,
8000003377,9000000000000997,1,1736286360,2,21,referral,partner.example,mobile,Firefox,United Kingdom,England,0,1,/catalog/apparel,0,/catalog/apparel,88598,/product/featured-item,124770
8000003163,9000000000000998,0,1735956960,6,2,email,newsletter,tablet,Safari,France,Ile-de-France,0,1,/catalog/apparel,0,,,,
8000001888,9000000000000999,1,1737113820,5,11,email,newsletter,desktop,Edge,France,Ile-de-France,0,2,/home,0,/checkout,86179,,
8000003407,9000000000001000,1,1737767340,6,1,organic,search-engine,mobile,Firefox,United Kingdom,England,0,1,/home,0,/basket,44869,/catalog/accessories,150433
8000003009,9000000000001001,0,1735986660,6,10,(none),(direct),desktop,Chrome,United Kingdom,England,0,1,/catalog/electronics,0,,,,
8000002499,9000000000001002,0,1738246140,4,14,referral,partner.example,mobile,Safari,Germany,Berlin,0,1,/home,0,,,,
8000000745,9000000000001003,0,1738236960,4,11,(none),(direct),desktop,Chrome,United Kingdom,England,0,1,/catalog/accessories,0,,,,
8000000027,9000000000001004,1,1738142040,3,9,cpc,paid-media,desktop,Safari,Spain,Madrid,0,2,/product/featured-item,0,/catalog/accessories,44810,/catalog/electronics,116588
8000001453,9000000000001005,1,1737957840,1,6,referral,partner.example,desktop,Firefox,Spain,Madrid,0,3,/catalog/accessories,0,/catalog/accessories,7171,/checkout,111336
8000001292,9000000000001006,0,1736594400,6,11,referral,partner.example,desktop,Edge,Spain,Madrid,0,1,/catalog/electronics,0,/catalog/electronics,5577,/catalog/electronics,25574
8000000105,9000000000001007,0,1737435240,2,4,referral,partner.example,desktop,Chrome,Germany,Berlin,0,1,/catalog/apparel,0,/catalog/accessories,18338,/basket,32508
8000000493,9000000000001008,1,1737612840,4,6,(none),(direct),desktop,Chrome,France,Ile-de-France,0,3,/home,0,/catalog/accessories,49167,,
8000000030,9000000000001009,1,1737183900,6,7,cpc,paid-media,desktop,Chrome,Portugal,Lisbon,0,1,/catalog/electronics,0,/catalog/electronics,87459,,
8000001931,9000000000001010,1,1735751880,3,17,email,newsletter,mobile,Chrome,France,Ile-de-France,0,1,/catalog/apparel,0,/catalog/accessories,22415,/catalog/accessories,42793
8000003031,9000000000001011,1,1738288560,5,1,email,newsletter,desktop,Safari,Germany,Berlin,0,2,/catalog/apparel,0,,,,
8000001496,9000000000001012,1,1736119740,7,23,referral,partner.example,desktop,Chrome,Spain,Madrid,0,2,/home,0,/checkout,5732,/product/featured-item,110396
8000003011,9000000000001013,1,1736257140,2,13,cpc,paid-media,desktop,Chrome,Germany,Berlin,0,1,/catalog/apparel,0,,,,
8000000378,9000000000001014,0,1737340620,1,2,organic,search-engine,desktop,Chrome,Germany,Berlin,0,1,/catalog/electronics,0,/product/featured-item,19616,,
8000001053,9000000000001015,1,1736193660,1,20,email,newsletter,mobile,Edge,France,Ile-de-France,0,2,/product/featured-item,0,,,,
8000000804,9000000000001016,0,1736184360,1,17,referral,partner.example,desktop,Chrome,Spain,Madrid,0,1,/catalog/accessories,0,/catalog/apparel,39001,,
8000000757,9000000000001017,1,1738282320,5,0,email,newsletter,desktop,Firefox,Germany,Berlin,0,2,/catalog/apparel,0,,,,
8000001344,9000000000001018,0,1737349020,1,4,email,newsletter,mobile,Edge,United Kingdom,England,0,1,/catalog/apparel,0,,,,
8000000747,9000000000001019,1,1735745880,3,15,referral,partner.example,mobile,Edge,Spain,Madrid,0,1,/catalog/apparel,0,/catalog/electronics,47075,/basket,73683
8000001857,9000000000001020,1,1738132680,3,6,email,newsletter,desktop,Firefox,Portugal,Lisbon,0,1,/catalog/apparel,0,,,,
8000001046,9000000000001021,1,1737030360,4,12,cpc,paid-media,mobile,Firefox,Germany,Berlin,0,1,/catalog/accessories,0,,,,
8000001748,9000000000001022,1,1738215180,4,5,organic,search-engine,tablet,Firefox,Spain,Madrid,0,1,/catalog/electronics,0,/product/featured-item,40759,,
8000002267,9000000000001023,1,1736015820,6,18,(none),(direct),desktop,Safari,United Kingdom,England,0,1,/product/featured-item,0,/checkout,48391,/catalog/accessories,119279
8000002151,9000000000001024,1,1735874340,5,3,(none),(direct),desktop,Safari,Spain,Madrid,0,1,/catalog/apparel,0,,,,
8000002601,9000000000001025,1,1738183800,3,20,(none),(direct),desktop,Edge,Spain,Madrid,0,2,/catalog/electronics,0,/basket,54543,/catalog/electronics,95405
8000001319,9000000000001026,1,1736224800,2,4,email,newsletter,desktop,Chrome,France,Ile-de-France,0,1,/catalog/electronics,0,,,,
8000000575,9000000000001027,1,1736254980,2,13,cpc,paid-media,mobile,Firefox,Spain,Madrid,0,1,/catalog/accessories,0,/catalog/accessories,27345,,
8000000576,9000000000001028,1,1737268080,7,6,organic,search-engine,mobile,Firefox,United Kingdom,England,0,2,/home,0,,,,
8000002609,9000000000001029,1,1736150760,1,8,(none),(direct),desktop,Edge,Portugal,Lisbon,0,1,/home,0,,,,
8000002217,9000000000001030,1,1738088340,2,18,cpc,paid-media,desktop,Firefox,France,Ile-de-France,0,1,/catalog/electronics,0,,,,
8000001745,9000000000001031,1,1737989820,1,14,referral,partner.example,mobile,Firefox,Germany,Berlin,0,1,/catalog/electronics,0,,,,
8000003428,9000000000001032,0,1737390120,1,16,cpc,paid-media,desktop,Firefox,Portugal,Lisbon,0,3,/product/featured-item,0,,,,
8000001347,9000000000001033,1,1737339660,1,2,email,newsletter,tablet,Edge,Portugal,Lisbon,0,1,/home,0,/checkout,66877,,
8000003199,9000000000001034,1,1737607920,4,4,(none),(direct),mobile,Chrome,United Kingdom,England,0,1,/home,0,/basket,7518,,
8000003130,9000000000001035,0,1736627820,6,20,email,newsletter,mobile,Edge,United Kingdom,England,0,1,/product/featured-item,0,/product/featured-item,86815,,
8000000153,9000000000001036,1,1737257280,7,3,cpc,paid-media,mobile,Edge,Portugal,Lisbon,0,2,/catalog/accessories,0,/catalog/accessories,56020,/product/featured-item,163126
8000001469,9000000000001037,1,1737042420,4,15,email,newsletter,tablet,Firefox,Spain,Madrid,0,2,/catalog/accessories,0,/catalog/apparel,23049,/product/featured-item,52492
8000003199,9000000000001038,1,1736366100,3,19,cpc,paid-media,mobile,Firefox,France,Ile-de-France,0,1,/home,0,/basket,31828,,
8000002620,9000000000001039,0,1737286260,7,11,email,newsletter,mobile,Edge,Spain,Madrid,0,1,/catalog/electronics,0,,,,
8000001481,9000000000001040,1,1736315640,3,5,referral,partner.example,desktop,Safari,Portugal,Lisbon,0,1,/home,0,/catalog/electronics,75463,,
8000000814,9000000000001041,1,1736056680,7,5,organic,search-engine,mobile,Firefox,Germany,Berlin,0,1,/catalog/electronics,0,,,,
8000000425,9000000000001042,0,1736845260,2,9,(none),(direct),mobile,Chrome,Portugal,Lisbon,0,1,/catalog/apparel,0,/catalog/accessories,22317,/catalog/accessories,111810
8000001005,9000000000001043,1,1736577600,6,6,cpc,paid-media,mobile,Safari,Spain,Madrid,0,1,/product/featured-item,0,/catalog/electronics,65343,/catalog/accessories,177172
8000002380,9000000000001044,0,1737260940,7,4,(none),(direct),mobile,Firefox,Germany,Berlin,0,1,/catalog/accessories,0,,,,
8000000962,9000000000001045,0,1736948460,3,13,(none),(direct),desktop,Edge,Spain,Madrid,0,1,/home,0,/checkout,14664,/checkout,119453
8000003307,9000000000001046,1,1738064940,2,11,referral,partner.example,mobile,Chrome,United Kingdom,England,0,1,/catalog/electronics,0,,,,
8000002037,9000000000001047,1,1738013700,1,21,cpc,paid-media,desktop,Safari,Spain,Madrid,0,1,/catalog/accessories,0,/product/featured-item,47561,,
8000000268,9000000000001048,1,1736775180,1,13,(none),(direct),desktop,Safari,Portugal,Lisbon,0,4,/catalog/apparel,0,,,,
8000002711,9000000000001049,1,1737467340,2,13,email,newsletter,desktop,Firefox,France,Ile-de-France,0,2,/product/featured-item,0,/basket,55364,,
8000000217,9000000000001050,0,1737098640,5,7,(none),(direct),desktop,Safari,Portugal,Lisbon,0,2,/home,0,/basket,34610,/catalog/electronics,115453
8000002660,9000000000001051,0,1737635880,4,12,organic,search-engine,desktop,Edge,Portugal,Lisbon,0,2,/catalog/electronics,0,,,,
8000002853,9000000000001052,1,1737555000,3,14,referral,partner.example,mobile,Edge,Spain,Madrid,0,1,/catalog/accessories,0,/catalog/electronics,67494,/basket,81386
8000002652,9000000000001053,1,1738178640,3,19,organic,search-engine,desktop,Firefox,Portugal,Lisbon,0,1,/home,0,/catalog/apparel,75023,,
8000002168,9000000000001054,1,1735739040,3,13,organic,search-engine,desktop,Edge,France,Ile-de-France,0,1,/catalog/apparel,0,/basket,24595,,
8000001415,9000000000001055,1,1736070840,7,9,referral,partner.example,mobile,Edge,United Kingdom,England,0,1,/home,0,/product/featured-item,25264,,
8000002202,9000000000001056,1,1736162520,1,11,email,newsletter,mobile,Safari,Portugal,Lisbon,0,4,/catalog/accessories,0,/catalog/accessories,15070,,
8000001863,9000000000001057,1,1738278840,4,23,(none),(direct),mobile,Safari,Germany,Berlin,0,1,/catalog/apparel,0,,,,
8000003349,9000000000001058,1,1737619320,4,8,referral,partner.example,mobile,Chrome,Portugal,Lisbon,0,1,/catalog/accessories,0,/product/featured-item,79481,,
8000002160,9000000000001059,1,1737903360,7,14,(none),(direct),mobile,Safari,United Kingdom,England,0,1,/catalog/electronics,0,/basket,19757,,
8000001656,9000000000001060,1,1737400620,1,19,cpc,paid-media,desktop,Firefox,Portugal,Lisbon,0,2,/home,0,/catalog/electronics,42094,,
8000002161,9000000000001061,1,1735853280,4,21,referral,partner.example,mobile,Safari,France,Ile-de-France,0,1,/home,0,,,,
8000002189,9000000000001062,1,1735799520,4,6,organic,search-engine,tablet,Firefox,Germany,Berlin,0,1,/home,0,/basket,70679,/basket,183988
8000000879,9000000000001063,1,1736077500,7,11,cpc,paid-media,mobile,Safari,Spain,Madrid,0,1,/product/featured-item,0,,,,
8000000064,9000000000001064,1,1735867440,5,1,cpc,paid-media,desktop,Firefox,Portugal,Lisbon,1,4,/catalog/electronics,0,,,,
8000003386,9000000000001065,0,1736587560,6,9,email,newsletter,mobile,Edge,Germany,Berlin,0,1,/catalog/accessories,0,/catalog/accessories,35840,,
8000000840,9000000000001066,1,1738258620,4,17,email,newsletter,desktop,Edge,Portugal,Lisbon,0,1,/catalog/electronics,0,/product/featured-item,65991,/catalog/electronics,101207
8000000528,9000000000001067,1,1738296420,5,4,referral,partner.example,desktop,Edge,Portugal,Lisbon,0,1,/catalog/accessories,0,/product/featured-item,35619,/checkout,126866
8000001167,9000000000001068,1,1737931320,7,22,email,newsletter,desktop,Chrome,Portugal,Lisbon,0,1,/home,0,/catalog/accessories,67269,,
8000000457,9000000000001069,1,1736588640,6,9,organic,search-engine,mobile,Safari,Spain,Madrid,0,1,/home,0,/checkout,82651,,
8000002716,9000000000001070,0,1737669900,4,22,referral,partner.example,mobile,Firefox,France,Ile-de-France,0,1,/home,0,/catalog/apparel,34873,,
8000001603,9000000000001071,1,1737183900,6,7,referral,partner.example,mobile,Edge,United Kingdom,England,0,1,/catalog/apparel,0,/catalog/accessories,59523,,
8000002465,9000000000001072,1,1737767940,6,1,email,newsletter,mobile,Safari,Spain,Madrid,0,2,/catalog/accessories,0,/catalog/electronics,72028,/catalog/accessories,76316
8000001518,9000000000001073,1,1735840680,4,17,referral,partner.example,mobile,Safari,Spain,Madrid,0,2,/home,0,/catalog/apparel,76311,,
8000002309,9000000000001074,1,1737834900,6,19,organic,search-engine,desktop,Edge,Germany,Berlin,0,1,/catalog/apparel,0,,,,
8000002798,9000000000001075,0,1737618540,4,7,(none),(direct),desktop,Edge,Germany,Berlin,0,4,/catalog/apparel,0,/catalog/accessories,39599,/product/featured-item,125104
8000001508,9000000000001076,0,1735771920,3,22,cpc,paid-media,mobile,Safari,Spain,Madrid,0,2,/catalog/accessories,0,/product/featured-item,31751,,
8000000853,9000000000001077,1,1737285240,7,11,cpc,paid-media,mobile,Firefox,Germany,Berlin,0,1,/catalog/electronics,0,,,,
8000000546,9000000000001078,1,1737773340,6,2,referral,partner.example,desktop,Edge,Spain,Madrid,0,1,/catalog/accessories,0,/checkout,62735,,
8000000875,9000000000001079,0,1737234240,6,21,referral,partner.example,desktop,Edge,United Kingdom,England,0,1,/catalog/apparel,0,,,,
8000001384,9000000000001080,1,1737858900,7,2,referral,partner.example,mobile,Safari,United Kingdom,England,0,1,/product/featured-item,0,/product/featured-item,89424,/catalog/electronics,114013
8000003203,9000000000001081,0,1736467380,5,0,referral,partner.example,desktop,Chrome,Germany,Berlin,0,1,/home,0,/checkout,82258,/basket,153803
8000000352,9000000000001082,1,1735773960,3,23,organic,search-engine,mobile,Chrome,Portugal,Lisbon,0,1,/catalog/accessories,0,/catalog/apparel,21739,/product/featured-item,51658
8000002390,9000000000001083,1,1737445740,2,7,cpc,paid-media,desktop,Chrome,Spain,Madrid,0,1,/product/featured-item,0,/catalog/apparel,21925,,
8000001679,9000000000001084,0,1736311980,3,4,(none),(direct),mobile,Safari,Germany,Berlin,0,4,/catalog/apparel,0,,,,
8000001823,9000000000001085,1,1736071260,7,10,organic,search-engine,desktop,Safari,Germany,Berlin,0,1,/home,0,/product/featured-item,49498,/catalog/accessories,109292
8000002015,9000000000001086,1,1738331040,5,13,(none),(direct),desktop,Safari,France,Ile-de-France,0,1,/catalog/electronics,0,,,,
8000000613,9000000000001087,0,1736125920,1,1,referral,partner.example,tablet,Firefox,France,Ile-de-France,1,2,/catalog/apparel,0,/catalog/apparel,79374,/basket,136127
8000002103,9000000000001088,0,1736791560,1,18,(none),(direct),mobile,Firefox,Portugal,Lisbon,0,1,/catalog/electronics,0,/catalog/accessories,36486,/catalog/electronics,97328
8000002701,9000000000001089,1,1736005080,6,15,email,newsletter,mobile,Chrome,Spain,Madrid,0,1,/catalog/apparel,0,,,,
8000001926,9000000000001090,0,1737183840,6,7,cpc,paid-media,desktop,Edge,France,Ile-de-France,0,1,/catalog/accessories,0,,,,
8000000543,9000000000001091,0,1737051060,4,18,email,newsletter,mobile,Firefox,Germany,Berlin,0,2,/home,0,/catalog/apparel,13114,,
8000000095,9000000000001092,0,1736194980,1,20,organic,search-engine,desktop,Chrome,Spain,Madrid,0,2,/catalog/accessories,0,/catalog/accessories,13453,,
8000002530,9000000000001093,1,1735966320,6,4,referral,partner.example,mobile,Chrome,Germany,Berlin,0,1,/catalog/apparel,0,,,,
8000000818,9000000000001094,1,1736008680,6,16,referral,partner.example,desktop,Safari,Portugal,Lisbon,0,1,/catalog/apparel,0,/checkout,52711,/catalog/accessories,96707
8000002901,9000000000001095,1,1737637200,4,13,(none),(direct),mobile,Chrome,Germany,Berlin,0,1,/catalog/apparel,0,/checkout,60001,,
8000001079,9000000000001096,1,1736255400,2,13,(none),(direct),mobile,Safari,Spain,Madrid,0,2,/catalog/apparel,0,,,,
8000000666,9000000000001097,1,1737241440,6,23,(none),(direct),desktop,Firefox,Germany,Berlin,0,1,/catalog/apparel,0,/catalog/electronics,33558,/product/featured-item,105098
8000000265,9000000000001098,1,1735931880,5,19,organic,search-engine,desktop,Firefox,Portugal,Lisbon,1,1,/product/featured-item,0,/product/featured-item,13564,/basket,57297
8000002778,9000000000001099,0,1735948620,5,23,(none),(direct),desktop,Firefox,France,Ile-de-France,0,1,/catalog/apparel,0,/checkout,41353,,
8000000935,9000000000001100,1,1737998640,1,17,referral,partner.example,desktop,Edge,France,Ile-de-France,0,1,/home,0,/product/featured-item,62868,/basket,124135
8000000572,9000000000001101,1,1736934960,3,9,cpc,paid-media,tablet,Edge,Spain,Madrid,0,1,/catalog/accessories,0,/catalog/apparel,26105,/catalog/electronics,56546
8000001382,9000000000001102,1,1736467200,5,0,organic,search-engine,desktop,Safari,Spain,Madrid,0,1,/home,0,/basket,67422,/catalog/electronics,126157
8000001448,9000000000001103,1,1736106420,7,19,organic,search-engine,tablet,Firefox,Germany,Berlin,0,1,/catalog/accessories,0,/catalog/accessories,56571,/basket,122862
8000002583,9000000000001104,1,1736910960,3,3,(none),(direct),desktop,Edge,Portugal,Lisbon,0,1,/catalog/electronics,0,/basket,18794,/product/featured-item,69233
8000001516,9000000000001105,0,1737329280,7,23,referral,partner.example,desktop,Edge,France,Ile-de-France,0,2,/product/featured-item,0,,,,
8000001396,9000000000001106,1,1737959280,1,6,email,newsletter,mobile,Safari,Spain,Madrid,0,1,/product/featured-item,0,,,,
8000000971,9000000000001107,1,1736669040,7,8,cpc,paid-media,mobile,Firefox,Portugal,Lisbon,0,1,/catalog/electronics,0,/catalog/apparel,12657,/catalog/electronics,84024
8000003185,9000000000001108,1,1736449200,4,19,email,newsletter,mobile,Chrome,France,Ile-de-France,0,1,/product/featured-item,0,,,,
8000001977,9000000000001109,1,1737898980,7,13,referral,partner.example,mobile,Chrome,France,Ile-de-France,0,1,/home,0,/catalog/electronics,86651,,
8000003013,9000000000001110,1,1736456100,4,20,(none),(direct),mobile,Chrome,France,Ile-de-France,0,1,/catalog/electronics,0,/product/featured-item,28770,/catalog/accessories,49652
8000000323,9000000000001111,1,1737139080,5,18,cpc,paid-media,mobile,Firefox,Spain,Madrid,0,1,/catalog/apparel,0,/product/featured-item,43168,,
8000002893,9000000000001112,1,1738074600,2,14,cpc,paid-media,desktop,Edge,United Kingdom,England,0,1,/catalog/electronics,0,/catalog/apparel,50342,/product/featured-item,70921
8000002648,9000000000001113,1,1736963160,3,17,cpc,paid-media,desktop,Chrome,United Kingdom,England,0,2,/home,0,,,,
8000002961,9000000000001114,1,1736208120,2,0,cpc,paid-media,desktop,Firefox,Portugal,Lisbon,0,4,/catalog/accessories,0,/catalog/apparel,32803,,
8000000333,9000000000001115,1,1737312120,7,18,email,newsletter,mobile,Chrome,Germany,Berlin,0,2,/catalog/electronics,0,/catalog/apparel,53903,,
8000000652,9000000000001116,1,1736142720,1,5,email,newsletter,desktop,Safari,Portugal,Lisbon,0,1,/home,0,,,,
8000000898,9000000000001117,1,1736604420,6,14,referral,partner.example,tablet,Edge,Spain,Madrid,1,1,/home,0,/catalog/electronics,39963,/basket,106480
8000000820,9000000000001118,1,1738008240,1,20,organic,search-engine,desktop,Safari,United Kingdom,England,0,1,/catalog/apparel,0,/catalog/electronics,50249,,
8000002197,9000000000001119,1,1735718460,3,8,(none),(direct),desktop,Firefox,United Kingdom,England,0,1,/catalog/accessories,0,/product/featured-item,35590,/catalog/electronics,81431
8000001850,9000000000001120,1,1735802880,4,7,cpc,paid-media,mobile,Edge,United Kingdom,England,0,2,/catalog/apparel,0,,,,
8000000820,9000000000001121,1,1737931740,7,22,email,newsletter,mobile,Chrome,Spain,Madrid,0,1,/catalog/apparel,0,,,,
8000002322,9000000000001122,1,1736681760,7,11,referral,partner.example,desktop,Edge,France,Ile-de-France,0,4,/product/featured-item,0,/catalog/accessories,52930,,
8000003088,9000000000001123,1,1736339400,3,12,cpc,paid-media,desktop,Chrome,United Kingdom,England,0,2,/product/featured-item,0,/checkout,82788,,
8000000205,9000000000001124,1,1735733640,3,12,email,newsletter,mobile,Safari,France,Ile-de-France,0,4,/catalog/accessories,0,/checkout,9017,,
8000000312,9000000000001125,1,1736790480,1,17,cpc,paid-media,mobile,Firefox,France,Ile-de-France,0,1,/catalog/apparel,0,,,,
8000000493,9000000000001126,1,1738193220,3,23,organic,search-engine,mobile,Firefox,Germany,Berlin,0,1,/product/featured-item,0,/catalog/apparel,77992,/catalog/electronics,171076
8000001965,9000000000001127,1,1735938420,5,21,referral,partner.example,desktop,Edge,Germany,Berlin,0,1,/home,0,,,,
8000002363,9000000000001128,1,1735862700,5,0,organic,search-engine,tablet,Firefox,France,Ile-de-France,0,1,/catalog/accessories,0,,,,
8000000771,9000000000001129,1,1736612940,6,16,cpc,paid-media,mobile,Edge,Portugal,Lisbon,0,2,/home,0,,,,
8000001174,9000000000001130,1,1737121020,5,13,organic,search-engine,mobile,Firefox,Germany,Berlin,0,2,/product/featured-item,0,,,,
8000000597,9000000000001131,0,1736950680,3,14,email,newsletter,desktop,Edge,United Kingdom,England,0,1,/catalog/electronics,0,/product/featured-item,21350,,
8000001476,9000000000001132,0,1737387120,1,15,organic,search-engine,mobile,Safari,Spain,Madrid,0,2,/catalog/accessories,0,/catalog/electronics,72675,,
8000002075,9000000000001133,0,1738147440,3,10,referral,partner.example,mobile,Safari,United Kingdom,England,0,4,/catalog/apparel,0,,,,
8000003378,9000000000001134,1,1737248100,7,0,organic,search-engine,mobile,Chrome,Portugal,Lisbon,0,1,/product/featured-item,0,,,,
8000002723,9000000000001135,0,1736337180,3,11,referral,partner.example,mobile,Edge,France,Ile-de-France,0,1,/catalog/accessories,0,/catalog/electronics,73886,,
8000003072,9000000000001136,0,1737293880,7,13,organic,search-engine,desktop,Chrome,Germany,Berlin,0,1,/home,0,/checkout,2078,,
8000002847,9000000000001137,1,1736895000,2,22,referral,partner.example,mobile,Safari,France,Ile-de-France,0,1,/home,0,,,,
8000001212,9000000000001138,1,1736165640,1,12,referral,partner.example,desktop,Chrome,Portugal,Lisbon,0,1,/catalog/accessories,0,/product/featured-item,48860,,
8000001406,9000000000001139,0,1737214260,6,15,email,newsletter,desktop,Edge,Germany,Berlin,0,1,/home,0,/product/featured-item,66400,,
8000001048,9000000000001140,0,1737551820,3,13,cpc,paid-media,mobile,Edge,Portugal,Lisbon,0,1,/catalog/electronics,0,/basket,66265,,
8000003110,9000000000001141,1,1736031000,6,22,cpc,paid-media,desktop,Firefox,Portugal,Lisbon,0,1,/catalog/electronics,0,/checkout,14321,,
8000000141,9000000000001142,1,1736959140,3,16,email,newsletter,mobile,Safari,Germany,Berlin,0,1,/product/featured-item,0,/product/featured-item,5700,/catalog/electronics,74061
8000001590,9000000000001143,0,1737795900,6,9,organic,search-engine,desktop,Firefox,Portugal,Lisbon,0,2,/home,0,,,,
8000001190,9000000000001144,1,1738053300,2,8,email,newsletter,desktop,Safari,Spain,Madrid,0,1,/catalog/apparel,0,,,,
8000003165,9000000000001145,0,1737170880,6,3,organic,search-engine,desktop,Chrome,Spain,Madrid,0,1,/catalog/apparel,0,/checkout,60283,,
8000000541,9000000000001146,1,1738069320,2,13,(none),(direct),desktop,Edge,Germany,Berlin,0,1,/catalog/accessories,0,/checkout,50272,/checkout,135480
8000001788,9000000000001147,1,1737880920,7,8,cpc,paid-media,desktop,Chrome,Portugal,Lisbon,0,1,/product/featured-item,0,/checkout,33880,/basket,150637
8000000766,9000000000001148,1,1738303020,5,5,referral,partner.example,desktop,Safari,United Kingdom,England,0,1,/catalog/apparel,0,/catalog/electronics,17184,/catalog/electronics,92540
8000003059,9000000000001149,1,1737225900,6,18,organic,search-engine,desktop,Chrome,United Kingdom,England,0,1,/catalog/apparel,0,,,,
8000001309,9000000000001150,1,1736647740,7,2,cpc,paid-media,mobile,Safari,Spain,Madrid,0,1,/product/featured-item,0,,,,
8000003293,9000000000001151,0,1735968420,6,5,referral,partner.example,mobile,Firefox,United Kingdom,England,0,3,/catalog/accessories,0,/catalog/apparel,34383,/catalog/accessories,118557
8000001665,9000000000001152,1,1735924200,5,17,cpc,paid-media,desktop,Firefox,France,Ile-de-France,0,1,/product/featured-item,0,,,,
8000003426,9000000000001153,0,1736573220,6,5,referral,partner.example,desktop,Safari,United Kingdom,England,0,1,/product/featured-item,0,,,,
8000001179,9000000000001154,1,1737644400,4,15,organic,search-engine,desktop,Firefox,Portugal,Lisbon,0,1,/catalog/accessories,0,/basket,7236,/catalog/electronics,57669
8000001244,9000000000001155,1,1737794400,6,8,(none),(direct),desktop,Safari,France,Ile-de-France,0,1,/home,0,,,,
8000002833,9000000000001156,1,1737615060,4,6,email,newsletter,desktop,Firefox,United Kingdom,England,0,2,/product/featured-item,0,,,,
8000002104,9000000000001157,1,1736585460,6,8,email,newsletter,mobile,Firefox,France,Ile-de-France,0,1,/catalog/accessories,0,,,,
8000002121,9000000000001158,0,1738348080,5,18,cpc,paid-media,desktop,Firefox,United Kingdom,England,0,1,/catalog/accessories,0,/checkout,20255,/checkout,127406
8000002919,9000000000001159,0,1737823860,6,16,(none),(direct),desktop,Firefox,Germany,Berlin,0,1,/catalog/electronics,0,/catalog/accessories,28965,/product/featured-item,109363
8000001536,9000000000001160,1,1736655420,7,4,cpc,paid-media,desktop,Firefox,France,Ile-de-France,0,1,/catalog/accessories,0,,,,
8000000510,9000000000001161,1,1737170280,6,3,(none),(direct),tablet,Firefox,Portugal,Lisbon,0,1,/catalog/electronics,0,/catalog/electronics,74174,,
8000000816,9000000000001162,1,1736734320,1,2,organic,search-engine,tablet,Chrome,Germany,Berlin,0,1,/home,0,/product/featured-item,25737,/product/featured-item,43847
8000001137,9000000000001163,1,1736112120,7,21,(none),(direct),desktop,Safari,Spain,Madrid,0,1,/product/featured-item,0,,,,
8000000246,9000000000001164,1,1735728300,3,10,organic,search-engine,desktop,Safari,United Kingdom,England,0,1,/product/featured-item,0,,,,
8000003080,9000000000001165,0,1736738400,1,3,(none),(direct),desktop,Edge,Spain,Madrid,0,1,/product/featured-item,0,/basket,24523,,
8000000072,9000000000001166,1,1736320260,3,7,organic,search-engine,mobile,Chrome,United Kingdom,England,0,1,/catalog/electronics,0,,,,
8000000906,9000000000001167,1,1736641260,7,0,cpc,paid-media,mobile,Firefox,Spain,Madrid,0,1,/product/featured-item,0,,,,
8000003480,9000000000001168,1,1737210120,6,14,cpc,paid-media,desktop,Safari,Portugal,Lisbon,0,2,/catalog/electronics,0,,,,
8000003485,9000000000001169,1,1738108080,2,23,cpc,paid-media,desktop,Chrome,France,Ile-de-France,0,1,/product/featured-item,0,/checkout,70673,,
8000001589,9000000000001170,1,1737428340,2,2,(none),(direct),desktop,Edge,Spain,Madrid,0,1,/catalog/electronics,0,,,,
8000000849,9000000000001171,0,1736546520,5,22,email,newsletter,desktop,Safari,France,Ile-de-France,0,1,/home,0,/catalog/electronics,63566,,
8000001853,9000000000001172,1,1735775580,3,23,cpc,paid-media,mobile,Safari,France,Ile-de-France,0,1,/catalog/accessories,0,/product/featured-item,13725,/basket,73050
8000001961,9000000000001173,0,1736311260,3,4,referral,partner.example,desktop,Chrome,United Kingdom,England,0,4,/catalog/accessories,0,,,,
8000000197,9000000000001174,0,1736588400,6,9,organic,search-engine,mobile,Edge,Spain,Madrid,0,1,/catalog/apparel,0,/checkout,70846,,
8000001786,9000000000001175,0,1736784720,1,16,referral,partner.example,desktop,Safari,France,Ile-de-France,0,1,/catalog/electronics,0,/catalog/apparel,77053,/catalog/accessories,164855
8000001734,9000000000001176,1,1736349900,3,15,referral,partner.example,desktop,Edge,Spain,Madrid,0,1,/catalog/accessories,0,/catalog/apparel,25426,/catalog/accessories,97412
8000002963,9000000000001177,1,1736393100,4,3,referral,partner.example,desktop,Chrome,Spain,Madrid,0,1,/catalog/apparel,0,/catalog/apparel,69272,/catalog/electronics,177873
8000000199,9000000000001178,1,1737534000,3,8,referral,partner.example,mobile,Firefox,Spain,Madrid,0,1,/catalog/electronics,0,,,,
8000000718,9000000000001179,1,1736121600,1,0,referral,partner.example,desktop,Chrome,United Kingdom,England,0,1,/product/featured-item,0,,,,
8000003273,9000000000001180,1,1737616140,4,7,cpc,paid-media,mobile,Firefox,Germany,Berlin,0,2,/product/featured-item,0,,,,
8000002943,9000000000001181,0,1737282900,7,10,email,newsletter,desktop,Chrome,Germany,Berlin,0,1,/catalog/electronics,0,/product/featured-item,80616,/catalog/accessories,130785
8000001568,9000000000001182,0,1737167820,6,2,email,newsletter,desktop,Safari,France,Ile-de-France,0,1,/catalog/accessories,0,/catalog/apparel,79388,/catalog/electronics,185003
8000001624,9000000000001183,1,1736650980,7,3,referral,partner.example,desktop,Edge,Spain,Madrid,0,1,/catalog/apparel,0,,,,
8000001898,9000000000001184,0,1736202360,1,22,cpc,paid-media,tablet,Firefox,Spain,Madrid,0,1,/catalog/accessories,0,,,,
8000001906,9000000000001185,1,1737209580,6,14,cpc,paid-media,desktop,Firefox,France,Ile-de-France,0,1,/product/featured-item,0,/basket,64843,,
8000000680,9000000000001186,1,1735733040,3,12,organic,search-engine,desktop,Edge,United Kingdom,England,0,1,/product/featured-item,0,/catalog/apparel,50662,,
8000001886,9000000000001187,1,1737053760,4,18,(none),(direct),desktop,Chrome,France,Ile-de-France,0,1,/product/featured-item,0,/basket,65899,,
8000002985,9000000000001188,1,1737916560,7,18,(none),(direct),desktop,Edge,Spain,Madrid,0,2,/catalog/accessories,0,,,,
8000000590,9000000000001189,1,1736248740,2,11,referral,partner.example,desktop,Safari,Germany,Berlin,1,1,/catalog/apparel,0,/catalog/accessories,19424,/product/featured-item,46916
8000001749,9000000000001190,1,1737840660,6,21,(none),(direct),desktop,Edge,Spain,Madrid,0,3,/catalog/apparel,0,/catalog/apparel,65263,/catalog/accessories,170418
8000002756,9000000000001191,0,1737630000,4,11,organic,search-engine,desktop,Firefox,Germany,Berlin,0,2,/catalog/accessories,0,,,,
8000002364,9000000000001192,1,1737885960,7,10,(none),(direct),mobile,Firefox,France,Ile-de-France,0,2,/catalog/apparel,0,,,,
8000000927,9000000000001193,0,1735776960,4,0,cpc,paid-media,desktop,Edge,France,Ile-de-France,0,1,/product/featured-item,0,,,,
8000001231,9000000000001194,0,1736702640,7,17,organic,search-engine,mobile,Firefox,United Kingdom,England,0,1,/catalog/electronics,0,/catalog/accessories,22087,,
8000001718,9000000000001195,0,1737917400,7,18,email,newsletter,desktop,Chrome,Spain,Madrid,0,1,/catalog/electronics,0,/product/featured-item,43150,,
8000000631,9000000000001196,1,1737318360,7,20,cpc,paid-media,tablet,Edge,France,Ile-de-France,0,3,/catalog/electronics,0,,,,
8000002411,9000000000001197,1,1736531160,5,17,cpc,paid-media,desktop,Edge,Spain,Madrid,0,2,/home,0,/basket,80378,,
8000000337,9000000000001198,1,1736013240,6,17,organic,search-engine,desktop,Chrome,Germany,Berlin,0,1,/catalog/apparel,0,/catalog/apparel,86930,,
8000000134,9000000000001199,1,1736214420,2,1,email,newsletter,tablet,Chrome,France,Ile-de-France,0,1,/catalog/accessories,0,,,,
8000001353,9000000000001200,0,1736082660,7,13,organic,search-engine,tablet,Safari,Portugal,Lisbon,0,2,/catalog/electronics,0,,,,
8000003376,9000000000001201,1,1737617760,4,7,organic,search-engine,desktop,Firefox,France,Ile-de-France,0,1,/product/featured-item,0,/basket,10512,/checkout,73111
8000000394,9000000000001202,1,1737641580,4,14,(none),(direct),desktop,Firefox,France,Ile-de-France,0,1,/catalog/electronics,0,/catalog/electronics,61311,,
8000001713,9000000000001203,1,1736614140,6,16,email,newsletter,mobile,Chrome,Spain,Madrid,0,1,/catalog/electronics,0,/catalog/accessories,9700,,
8000000517,9000000000001204,1,1736276760,2,19,organic,search-engine,desktop,Edge,France,Ile-de-France,0,1,/product/featured-item,0,,,,
8000002988,9000000000001205,1,1738000380,1,17,email,newsletter,mobile,Edge,Spain,Madrid,0,1,/home,0,,,,
8000000201,9000000000001206,1,1735812960,4,10,email,newsletter,desktop,Firefox,Germany,Berlin,0,2,/catalog/electronics,0,/product/featured-item,60931,,
8000002697,9000000000001207,0,1736927340,3,7,(none),(direct),mobile,Firefox,Spain,Madrid,0,1,/catalog/apparel,0,/catalog/accessories,65818,,
8000000984,9000000000001208,1,1737705900,5,8,(none),(direct),desktop,Chrome,France,Ile-de-France,0,1,/catalog/accessories,0,,,,
8000003278,9000000000001209,0,1738107360,2,23,email,newsletter,desktop,Firefox,Portugal,Lisbon,0,1,/product/featured-item,0,/basket,88332,/catalog/electronics,202762
8000002419,9000000000001210,1,1738097880,2,20,(none),(direct),desktop,Firefox,Portugal,Lisbon,0,1,/product/featured-item,0,/checkout,61826,,
8000002569,9000000000001211,1,1735936500,5,20,cpc,paid-media,mobile,Safari,Germany,Berlin,0,3,/product/featured-item,0,,,,
8000000913,9000000000001212,1,1737456180,2,10,email,newsletter,desktop,Edge,Portugal,Lisbon,0,1,/product/featured-item,0,,,,
8000000939,9000000000001213,0,1735849020,4,20,referral,partner.example,tablet,Edge,Germany,Berlin,0,1,/catalog/accessories,0,/catalog/apparel,37865,/catalog/accessories,110022
8000003150,9000000000001214,0,1738049820,2,7,organic,search-engine,desktop,Edge,United Kingdom,England,0,1,/catalog/accessories,0,/checkout,32780,,
8000000726,9000000000001215,0,1737832860,6,19,referral,partner.example,desktop,Safari,Germany,Berlin,1,1,/catalog/accessories,0,/checkout,19023,/basket,119249
8000001703,9000000000001216,1,1736326020,3,8,cpc,paid-media,desktop,Safari,Spain,Madrid,0,2,/home,0,/catalog/electronics,85757,/checkout,96747
8000000982,9000000000001217,1,1735949040,6,0,email,newsletter,tablet,Edge,Portugal,Lisbon,0,1,/catalog/electronics,0,,,,
8000002737,9000000000001218,1,1738105380,2,23,email,newsletter,mobile,Safari,France,Ile-de-France,0,1,/catalog/accessories,0,,,,
8000002971,9000000000001219,1,1735761240,3,19,(none),(direct),mobile,Safari,Portugal,Lisbon,0,1,/catalog/accessories,0,,,,
8000000123,9000000000001220,1,1737027240,4,11,cpc,paid-media,mobile,Edge,Germany,Berlin,0,2,/home,0,/basket,23957,,
8000003051,9000000000001221,1,1736581200,6,7,cpc,paid-media,mobile,Chrome,Germany,Berlin,1,4,/catalog/accessories,0,/checkout,26652,/catalog/accessories,29139
8000002658,9000000000001222,1,1737021480,4,9,cpc,paid-media,mobile,Chrome,Portugal,Lisbon,0,1,/product/featured-item,0,,,,
8000003139,9000000000001223,0,1736147640,1,7,(none),(direct),desktop,Firefox,Germany,Berlin,0,1,/product/featured-item,0,/basket,83912,,
8000003368,9000000000001224,0,1737363240,1,8,email,newsletter,desktop,Safari,Portugal,Lisbon,0,1,/catalog/electronics,0,/catalog/electronics,35853,,
8000000305,9000000000001225,1,1737777420,6,3,email,newsletter,desktop,Firefox,France,Ile-de-France,0,1,/home,0,,,,
8000000563,9000000000001226,0,1737753780,5,21,(none),(direct),mobile,Safari,Portugal,Lisbon,0,1,/product/featured-item,0,/catalog/apparel,43721,,
8000003279,9000000000001227,1,1735999560,6,14,referral,partner.example,desktop,Chrome,France,Ile-de-France,0,2,/product/featured-item,0,,,,
8000002365,9000000000001228,1,1737836760,6,20,email,newsletter,mobile,Firefox,France,Ile-de-France,0,1,/home,0,/product/featured-item,57072,,
8000000561,9000000000001229,1,1735959900,6,3,organic,search-engine,mobile,Safari,United Kingdom,England,0,1,/catalog/apparel,0,/product/featured-item,16010,/product/featured-item,52650
8000000759,9000000000001230,1,1738239540,4,12,(none),(direct),mobile,Safari,Portugal,Lisbon,0,1,/product/featured-item,0,,,,
8000000978,9000000000001231,1,1737293520,7,13,organic,search-engine,mobile,Edge,France,Ile-de-France,0,1,/catalog/electronics,0,/checkout,73770,,
8000000789,9000000000001232,1,1737764880,6,0,email,newsletter,desktop,Firefox,Germany,Berlin,0,1,/home,0,,,,
8000002896,9000000000001233,1,1737341940,1,2,email,newsletter,mobile,Chrome,Germany,Berlin,0,3,/catalog/apparel,0,/catalog/apparel,18802,/catalog/electronics,96380
8000000543,9000000000001234,1,1735847640,4,19,referral,partner.example,tablet,Safari,Portugal,Lisbon,0,1,/home,0,,,,
8000002354,9000000000001235,1,1735700640,3,3,referral,partner.example,mobile,Firefox,Portugal,Lisbon,0,1,/catalog/electronics,0,/catalog/electronics,86929,/catalog/electronics,191898
8000001552,9000000000001236,1,1738282920,5,0,(none),(direct),mobile,Edge,Germany,Berlin,0,1,/catalog/apparel,0,,,,
8000002007,9000000000001237,1,1737612060,4,6,email,newsletter,desktop,Chrome,France,Ile-de-France,0,2,/catalog/apparel,0,/product/featured-item,70718,/catalog/accessories,110607
8000001161,9000000000001238,1,1736787960,1,17,referral,partner.example,desktop,Firefox,Portugal,Lisbon,0,2,/catalog/electronics,0,/basket,86443,/basket,117844
8000001105,9000000000001239,1,1736320500,3,7,cpc,paid-media,desktop,Safari,Spain,Madrid,0,1,/catalog/accessories,0,/catalog/accessories,74318,,
8000002139,9000000000001240,1,1736691540,7,14,organic,search-engine,desktop,Chrome,United Kingdom,England,0,1,/catalog/accessories,0,,,,
8000001033,9000000000001241,1,1736650200,7,2,(none),(direct),mobile,Edge,United Kingdom,England,0,4,/home,0,,,,
8000000611,9000000000001242,0,1735766520,3,21,email,newsletter,mobile,Firefox,United Kingdom,England,0,1,/catalog/accessories,0,/catalog/electronics,42152,/catalog/electronics,138639
8000002402,9000000000001243,1,1736473920,5,1,cpc,paid-media,mobile,Firefox,United Kingdom,England,0,1,/catalog/apparel,0,/catalog/electronics,34097,/basket,78658
8000002182,9000000000001244,1,1737000660,4,4,cpc,paid-media,desktop,Chrome,United Kingdom,England,0,1,/product/featured-item,0,/catalog/apparel,7751,/catalog/electronics,36615
8000001808,9000000000001245,1,1736223240,2,4,referral,partner.example,mobile,Edge,Spain,Madrid,0,2,/home,0,/catalog/apparel,38754,/checkout,125035
8000001396,9000000000001246,1,1736620320,6,18,(none),(direct),desktop,Safari,France,Ile-de-France,0,1,/catalog/accessories,0,,,,
8000002217,9000000000001247,1,1736346360,3,14,organic,search-engine,mobile,Firefox,Germany,Berlin,0,1,/product/featured-item,0,,,,
8000002388,9000000000001248,0,1736591340,6,10,(none),(direct),desktop,Safari,Germany,Berlin,0,1,/home,0,,,,
8000002570,9000000000001249,1,1737937620,1,0,organic,search-engine,mobile,Safari,Spain,Madrid,0,1,/home,0,/catalog/accessories,27671,/catalog/accessories,138103
8000002711,9000000000001250,1,1737456960,2,10,referral,partner.example,mobile,Safari,Portugal,Lisbon,0,1,/home,0,/checkout,58599,/product/featured-item,80774
8000000702,9000000000001251,1,1737162300,6,1,organic,search-engine,desktop,Safari,Germany,Berlin,0,1,/product/featured-item,0,/catalog/accessories,58966,/catalog/electronics,91015
8000002924,9000000000001252,0,1737871920,7,6,(none),(direct),mobile,Edge,United Kingdom,England,0,1,/product/featured-item,0,,,,
8000002183,9000000000001253,1,1738286820,5,1,(none),(direct),desktop,Safari,Germany,Berlin,0,3,/home,0,/basket,43383,,
8000000804,9000000000001254,0,1737285300,7,11,email,newsletter,desktop,Safari,United Kingdom,England,0,2,/product/featured-item,0,/catalog/apparel,18617,,
8000000464,9000000000001255,1,1737891840,7,11,cpc,paid-media,desktop,Safari,United Kingdom,England,0,1,/catalog/apparel,0,,,,
8000003273,9000000000001256,1,1736186700,1,18,referral,partner.example,mobile,Chrome,United Kingdom,England,0,1,/product/featured-item,0,,,,
8000000384,9000000000001257,1,1736710560,7,19,email,newsletter,desktop,Safari,Spain,Madrid,0,1,/catalog/apparel,0,,,,
8000002863,9000000000001258,1,1738191420,3,22,organic,search-engine,desktop,Firefox,United Kingdom,England,0,4,/catalog/accessories,0,/product/featured-item,44184,,
8000000123,9000000000001259,1,1735819740,4,12,organic,search-engine,mobile,Safari,Portugal,Lisbon,0,2,/product/featured-item,0,,,,
8000000333,9000000000001260,0,1736014500,6,18,referral,partner.example,desktop,Chrome,Portugal,Lisbon,0,1,/catalog/accessories,0,/basket,84686,,
8000001282,9000000000001261,1,1737180060,6,6,organic,search-engine,mobile,Chrome,United Kingdom,England,0,1,/catalog/apparel,0,,,,
8000002460,9000000000001262,1,1738316820,5,9,(none),(direct),desktop,Chrome,France,Ile-de-France,0,1,/catalog/electronics,0,/catalog/apparel,7565,/product/featured-item,50736
8000000108,9000000000001263,1,1735863180,5,0,(none),(direct),desktop,Chrome,France,Ile-de-France,0,1,/product/featured-item,0,,,,
8000001127,9000000000001264,1,1737773760,6,2,referral,partner.example,desktop,Firefox,United Kingdom,England,0,1,/catalog/apparel,0,/product/featured-item,44158,/product/featured-item,94597
8000003216,9000000000001265,1,1737957720,1,6,cpc,paid-media,mobile,Safari,United Kingdom,England,0,1,/product/featured-item,0,,,,
8000002516,9000000000001266,0,1737884760,7,9,cpc,paid-media,mobile,Safari,Portugal,Lisbon,0,1,/home,0,,,,
8000001097,9000000000001267,1,1735874340,5,3,organic,search-engine,mobile,Chrome,France,Ile-de-France,0,1,/catalog/accessories,0,,,,
8000002637,9000000000001268,1,1736387340,4,1,(none),(direct),mobile,Safari,Germany,Berlin,0,1,/home,0,,,,
8000001638,9000000000001269,1,1736742600,1,4,referral,partner.example,desktop,Firefox,Portugal,Lisbon,0,1,/catalog/apparel,0,/product/featured-item,24396,,
8000000085,9000000000001270,1,1736643960,7,1,cpc,paid-media,mobile,Firefox,Spain,Madrid,0,1,/home,0,/checkout,15643,,
8000003368,9000000000001271,1,1737223860,6,18,email,newsletter,mobile,Safari,Germany,Berlin,0,2,/catalog/accessories,0,/catalog/electronics,7546,,
8000001393,9000000000001272,1,1737826560,6,17,referral,partner.example,desktop,Firefox,Portugal,Lisbon,0,2,/product/featured-item,0,,,,
8000002359,9000000000001273,1,1737775020,6,3,(none),(direct),mobile,Safari,Portugal,Lisbon,0,2,/catalog/accessories,0,,,,
8000001359,9000000000001274,1,1736217480,2,2,cpc,paid-media,mobile,Chrome,Portugal,Lisbon,0,4,/catalog/accessories,0,,,,
8000000979,9000000000001275,0,1736494260,5,7,referral,partner.example,desktop,Safari,France,Ile-de-France,0,2,/home,0,/basket,18014,/product/featured-item,71750
8000000388,9000000000001276,1,1738048320,2,7,cpc,paid-media,desktop,Safari,Portugal,Lisbon,0,1,/catalog/apparel,0,/basket,13982,,
8000001659,9000000000001277,0,1738222020,4,7,email,newsletter,tablet,Chrome,Portugal,Lisbon,0,3,/product/featured-item,0,,,,
8000003119,9000000000001278,0,1737674880,4,23,cpc,paid-media,mobile,Edge,France,Ile-de-France,0,2,/product/featured-item,0,,,,
8000000035,9000000000001279,1,1735731540,3,11,referral,partner.example,desktop,Edge,Portugal,Lisbon,0,1,/catalog/apparel,0,,,,
8000003431,9000000000001280,1,1738037820,2,4,(none),(direct),mobile,Edge,Spain,Madrid,0,1,/catalog/accessories,0,,,,
8000003372,9000000000001281,1,1738033440,2,3,organic,search-engine,tablet,Edge,Germany,Berlin,0,1,/catalog/accessories,0,,,,
8000000549,9000000000001282,1,1735917420,5,15,organic,search-engine,desktop,Firefox,Portugal,Lisbon,0,1,/catalog/accessories,0,,,,
8000000926,9000000000001283,0,1736599260,6,12,cpc,paid-media,desktop,Edge,France,Ile-de-France,0,1,/catalog/apparel,0,,,,
8000000884,9000000000001284,1,1738074720,2,14,(none),(direct),desktop,Firefox,Portugal,Lisbon,0,1,/product/featured-item,0,/catalog/electronics,35442,/basket,42223
8000001669,9000000000001285,0,1735858080,4,22,email,newsletter,mobile,Edge,France,Ile-de-France,0,2,/home,0,/product/featured-item,14580,/catalog/accessories,31851
8000000173,9000000000001286,1,1736448240,4,18,organic,search-engine,desktop,Edge,Spain,Madrid,0,1,/catalog/apparel,0,/product/featured-item,5574,,
8000000410,9000000000001287,1,1736379720,3,23,referral,partner.example,desktop,Edge,France,Ile-de-France,0,1,/product/featured-item,0,/product/featured-item,76978,,
8000002639,9000000000001288,0,1736250300,2,11,(none),(direct),desktop,Chrome,United Kingdom,England,0,1,/product/featured-item,0,,,,
8000000021,9000000000001289,1,1737765000,6,0,cpc,paid-media,mobile,Chrome,France,Ile-de-France,0,1,/catalog/accessories,0,/product/featured-item,71285,,
8000002518,9000000000001290,1,1736177700,1,15,organic,search-engine,desktop,Firefox,France,Ile-de-France,0,1,/catalog/apparel,0,/checkout,75985,/catalog/accessories,154117
8000000065,9000000000001291,1,1737471240,2,14,email,newsletter,mobile,Edge,Spain,Madrid,0,2,/catalog/accessories,0,/basket,84046,,
8000003401,9000000000001292,1,1737862860,7,3,(none),(direct),mobile,Safari,Germany,Berlin,0,1,/product/featured-item,0,/basket,77927,/checkout,130271
8000000422,9000000000001293,1,1736847240,2,9,organic,search-engine,mobile,Safari,France,Ile-de-France,0,1,/catalog/apparel,0,/catalog/accessories,16202,,
8000003180,9000000000001294,1,1737379920,1,13,cpc,paid-media,mobile,Edge,Portugal,Lisbon,0,4,/home,0,/checkout,54165,/checkout,140082
8000002630,9000000000001295,1,1737427560,2,2,referral,partner.example,mobile,Firefox,France,Ile-de-France,0,1,/product/featured-item,0,/checkout,89837,/checkout,178677
8000000568,9000000000001296,0,1738274040,4,21,(none),(direct),mobile,Chrome,France,Ile-de-France,0,4,/product/featured-item,0,,,,
8000002499,9000000000001297,1,1737396720,1,18,email,newsletter,desktop,Edge,Spain,Madrid,0,1,/catalog/accessories,0,/catalog/electronics,88627,,
8000001667,9000000000001298,0,1738168200,3,16,organic,search-engine,mobile,Firefox,Spain,Madrid,0,1,/home,0,/product/featured-item,21099,,
8000001032,9000000000001299,0,1736444700,4,17,email,newsletter,desktop,Safari,Spain,Madrid,0,1,/catalog/apparel,0,/catalog/electronics,7316,,
8000000005,9000000000001300,0,1735715160,3,7,(none),(direct),desktop,Chrome,Germany,Berlin,0,2,/catalog/electronics,0,,,,
8000002064,9000000000001301,0,1736484120,5,4,organic,search-engine,desktop,Chrome,Spain,Madrid,0,1,/home,0,,,,
8000001537,9000000000001302,1,1737765000,6,0,organic,search-engine,mobile,Edge,France,Ile-de-France,0,2,/product/featured-item,0,/checkout,44125,,
8000000803,9000000000001303,1,1737979920,1,12,cpc,paid-media,mobile,Firefox,Spain,Madrid,0,1,/home,0,/catalog/electronics,66915,/product/featured-item,126671
8000002926,9000000000001304,1,1737455220,2,10,referral,partner.example,mobile,Chrome,Germany,Berlin,0,2,/catalog/electronics,0,,,,
8000002970,9000000000001305,0,1738148700,3,11,cpc,paid-media,mobile,Chrome,Portugal,Lisbon,0,2,/catalog/accessories,0,,,,
8000000094,9000000000001306,1,1737251760,7,1,(none),(direct),mobile,Safari,France,Ile-de-France,0,1,/catalog/electronics,0,/catalog/accessories,19388,/basket,62570
8000000446,9000000000001307,1,1737526620,3,6,(none),(direct),mobile,Chrome,Germany,Berlin,0,1,/catalog/electronics,0,/catalog/accessories,23414,,
8000000975,9000000000001308,1,1737707940,5,8,email,newsletter,desktop,Firefox,Germany,Berlin,0,1,/product/featured-item,0,/catalog/electronics,11743,/catalog/electronics,130580
8000000202,9000000000001309,1,1736352900,3,16,(none),(direct),desktop,Chrome,Spain,Madrid,0,1,/catalog/accessories,0,,,,
8000000217,9000000000001310,1,1736619540,6,18,cpc,paid-media,desktop,Safari,France,Ile-de-France,0,3,/catalog/electronics,0,,,,
8000002734,9000000000001311,1,1737708300,5,8,referral,partner.example,mobile,Safari,Portugal,Lisbon,0,1,/catalog/apparel,0,/catalog/accessories,79200,,
8000001070,9000000000001312,1,1737732060,5,15,cpc,paid-media,desktop,Edge,United Kingdom,England,0,2,/catalog/apparel,0,/product/featured-item,59400,,
8000003370,9000000000001313,1,1737810420,6,13,referral,partner.example,mobile,Edge,United Kingdom,England,0,3,/home,0,/checkout,46364,,
8000002019,9000000000001314,0,1738004100,1,18,(none),(direct),mobile,Safari,Germany,Berlin,0,2,/home,0,/catalog/apparel,67072,/catalog/accessories,99998
8000001496,9000000000001315,1,1735698420,3,2,cpc,paid-media,desktop,Firefox,Portugal,Lisbon,0,1,/catalog/apparel,0,,,,
8000000354,9000000000001316,1,1737236340,6,21,email,newsletter,desktop,Chrome,France,Ile-de-France,0,1,/catalog/apparel,0,/product/featured-item,55075,,
8000000298,9000000000001317,0,1737933360,7,23,referral,partner.example,desktop,Firefox,Germany,Berlin,0,1,/product/featured-item,0,,,,
8000002495,9000000000001318,0,1737820260,6,15,email,newsletter,mobile,Firefox,Portugal,Lisbon,0,2,/product/featured-item,0,,,,
8000002834,9000000000001319,0,1736593200,6,11,(none),(direct),desktop,Safari,United Kingdom,England,0,1,/product/featured-item,0,,,,
8000001384,9000000000001320,1,1738087140,2,17,(none),(direct),mobile,Edge,Portugal,Lisbon,0,3,/home,0,,,,
8000002848,9000000000001321,0,1738264500,4,19,cpc,paid-media,desktop,Safari,Spain,Madrid,0,1,/product/featured-item,0,/basket,72683,/basket,175491
8000001852,9000000000001322,1,1736770500,1,12,cpc,paid-media,mobile,Edge,United Kingdom,England,0,1,/product/featured-item,0,/checkout,82010,,
8000002354,9000000000001323,1,1737405840,1,20,(none),(direct),desktop,Safari,Spain,Madrid,0,1,/home,0,,,,
8000003239,9000000000001324,1,1738219140,4,6,(none),(direct),desktop,Firefox,United Kingdom,England,0,2,/catalog/electronics,0,/checkout,37301,/catalog/electronics,155040
8000001561,9000000000001325,0,1738125720,3,4,email,newsletter,mobile,Firefox,United Kingdom,England,0,1,/catalog/apparel,0,/checkout,25056,/product/featured-item,129079
8000002145,9000000000001326,1,1737235620,6,21,cpc,paid-media,mobile,Firefox,Spain,Madrid,0,2,/catalog/apparel,0,/basket,19445,/catalog/electronics,111036
8000000797,9000000000001327,0,1737837240,6,20,(none),(direct),mobile,Edge,France,Ile-de-France,0,1,/catalog/accessories,0,/catalog/electronics,46287,/product/featured-item,142976
8000001594,9000000000001328,1,1736348940,3,15,(none),(direct),desktop,Chrome,United Kingdom,England,0,1,/catalog/electronics,0,/checkout,50503,/checkout,65901
8000001513,9000000000001329,1,1737127980,5,15,organic,search-engine,tablet,Edge,Germany,Berlin,0,2,/catalog/accessories,0,/product/featured-item,4048,,
8000003379,9000000000001330,1,1736718660,7,21,referral,partner.example,desktop,Chrome,France,Ile-de-France,0,3,/home,0,,,,
8000001972,9000000000001331,0,1738044960,2,6,cpc,paid-media,desktop,Safari,Spain,Madrid,0,1,/home,0,/checkout,6940,/catalog/electronics,20213
8000001333,9000000000001332,0,1736844240,2,8,cpc,paid-media,desktop,Edge,France,Ile-de-France,0,2,/product/featured-item,0,/catalog/accessories,30110,,
8000000399,9000000000001333,1,1736626020,6,20,cpc,paid-media,desktop,Chrome,France,Ile-de-France,0,1,/catalog/accessories,0,/basket,86320,/catalog/electronics,193489
8000000727,9000000000001334,1,1737485100,2,18,cpc,paid-media,mobile,Safari,Portugal,Lisbon,0,2,/home,0,,,,
8000001113,9000000000001335,0,1737109020,5,10,referral,partner.example,desktop,Edge,United Kingdom,England,0,1,/catalog/accessories,0,/catalog/electronics,75060,/catalog/electronics,183110
8000003166,9000000000001336,1,1737984240,1,13,(none),(direct),desktop,Firefox,Germany,Berlin,0,1,/catalog/accessories,0,/catalog/electronics,46287,/catalog/electronics,115161
8000003002,9000000000001337,1,1738002960,1,18,cpc,paid-media,tablet,Safari,France,Ile-de-France,0,1,/product/featured-item,0,,,,
8000000487,9000000000001338,1,1736015880,6,18,cpc,paid-media,tablet,Safari,Portugal,Lisbon,0,1,/catalog/apparel,0,/catalog/apparel,42218,,
8000000298,9000000000001339,1,1736619240,6,18,referral,partner.example,mobile,Chrome,Portugal,Lisbon,0,1,/catalog/electronics,0,,,,
8000000139,9000000000001340,0,1737741300,5,17,referral,partner.example,mobile,Edge,Germany,Berlin,0,1,/product/featured-item,0,/catalog/accessories,39272,,
8000002936,9000000000001341,1,1737618780,4,7,referral,partner.example,desktop,Safari,Spain,Madrid,0,2,/catalog/apparel,0,/checkout,40360,,
8000001501,9000000000001342,1,1737715860,5,10,referral,partner.example,mobile,Chrome,France,Ile-de-France,0,2,/catalog/apparel,0,/catalog/apparel,24658,,
8000003426,9000000000001343,1,1735936980,5,20,referral,partner.example,desktop,Chrome,Spain,Madrid,0,1,/home,0,,,,
8000000369,9000000000001344,1,1737732660,5,15,referral,partner.example,desktop,Edge,Germany,Berlin,0,1,/home,0,/checkout,71797,,
8000002725,9000000000001345,1,1737482760,2,18,referral,partner.example,mobile,Safari,France,Ile-de-France,0,2,/home,0,/catalog/electronics,36816,/product/featured-item,102233
8000001333,9000000000001346,1,1736249700,2,11,(none),(direct),desktop,Safari,Germany,Berlin,0,1,/home,0,/checkout,53445,,
8000002644,9000000000001347,1,1737532860,3,8,referral,partner.example,desktop,Safari,Spain,Madrid,0,3,/home,0,/checkout,87904,,
8000001335,9000000000001348,1,1736404380,4,6,referral,partner.example,desktop,Safari,United Kingdom,England,0,3,/catalog/electronics,0,,,,
8000003275,9000000000001349,0,1736975220,3,21,(none),(direct),desktop,Safari,France,Ile-de-France,0,1,/catalog/accessories,0,/basket,49669,/catalog/electronics,143743
8000001093,9000000000001350,1,1737332700,1,0,organic,search-engine,desktop,Edge,Germany,Berlin,0,1,/home,0,,,,
8000002339,9000000000001351,1,1736997480,4,3,email,newsletter,mobile,Chrome,United Kingdom,England,0,1,/catalog/electronics,0,,,,
8000002473,9000000000001352,0,1737979140,1,11,cpc,paid-media,desktop,Edge,United Kingdom,England,0,1,/catalog/apparel,0,/catalog/apparel,80105,/product/featured-item,143513
8000002009,9000000000001353,1,1736974920,3,21,referral,partner.example,mobile,Chrome,United Kingdom,England,0,2,/home,0,,,,
8000000552,9000000000001354,1,1737122100,5,13,cpc,paid-media,mobile,Edge,Portugal,Lisbon,0,1,/product/featured-item,0,/catalog/accessories,74641,/catalog/accessories,140728
8000002331,9000000000001355,1,1737413340,1,22,email,newsletter,mobile,Edge,France,Ile-de-France,0,3,/home,0,,,,
8000000828,9000000000001356,0,1735757760,3,18,email,newsletter,tablet,Firefox,Spain,Madrid,0,1,/home,0,,,,
8000001421,9000000000001357,1,1736330520,3,10,referral,partner.example,mobile,Safari,United Kingdom,England,0,1,/catalog/apparel,0,,,,
8000003192,9000000000001358,1,1737997260,1,17,email,newsletter,mobile,Chrome,Portugal,Lisbon,0,1,/catalog/electronics,0,/product/featured-item,82226,/checkout,192130
8000000339,9000000000001359,1,1736516940,5,13,(none),(direct),desktop,Safari,United Kingdom,England,0,2,/home,0,,,,
8000000849,9000000000001360,1,1736308500,3,3,organic,search-engine,mobile,Edge,Germany,Berlin,0,1,/catalog/apparel,0,/checkout,13696,/catalog/accessories,30891
8000000172,9000000000001361,0,1736165220,1,12,(none),(direct),mobile,Safari,Germany,Berlin,0,3,/catalog/apparel,0,/catalog/electronics,59361,,
8000000152,9000000000001362,1,1736844120,2,8,(none),(direct),desktop,Chrome,Germany,Berlin,0,1,/catalog/accessories,0,/basket,89181,/catalog/electronics,197514
8000000722,9000000000001363,1,1736084580,7,13,organic,search-engine,desktop,Firefox,United Kingdom,England,0,2,/product/featured-item,0,,,,
8000002724,9000000000001364,0,1736973960,3,20,referral,partner.example,desktop,Firefox,France,Ile-de-France,0,2,/home,0,/catalog/apparel,50067,,
8000003320,9000000000001365,1,1738265760,4,19,organic,search-engine,mobile,Edge,Spain,Madrid,0,2,/home,0,,,,
8000000938,9000000000001366,1,1737473700,2,15,organic,search-engine,desktop,Safari,Spain,Madrid,0,1,/home,0,/catalog/electronics,52773,,
8000001063,9000000000001367,1,1735984260,6,9,referral,partner.example,desktop,Safari,Germany,Berlin,0,1,/product/featured-item,0,,,,
8000002027,9000000000001368,0,1736782440,1,15,organic,search-engine,desktop,Chrome,United Kingdom,England,0,1,/catalog/apparel,0,/checkout,57862,,
8000000519,9000000000001369,1,1736796060,1,19,(none),(direct),mobile,Safari,Portugal,Lisbon,0,1,/catalog/accessories,0,/catalog/electronics,84802,,
8000000133,9000000000001370,1,1736671440,7,8,organic,search-engine,desktop,Edge,United Kingdom,England,0,2,/catalog/accessories,0,/product/featured-item,85864,,
8000002552,9000000000001371,1,1735944720,5,22,email,newsletter,desktop,Chrome,France,Ile-de-France,0,1,/catalog/accessories,0,/product/featured-item,34935,,
8000001892,9000000000001372,1,1737396840,1,18,organic,search-engine,desktop,Edge,United Kingdom,England,0,1,/home,0,/catalog/apparel,7076,,
8000001841,9000000000001373,1,1737257100,7,3,email,newsletter,mobile,Firefox,Portugal,Lisbon,0,1,/catalog/apparel,0,/product/featured-item,69744,,
8000002428,9000000000001374,1,1735809420,4,9,organic,search-engine,tablet,Edge,Portugal,Lisbon,0,1,/catalog/accessories,0,/catalog/accessories,15325,,
8000000327,9000000000001375,1,1735877520,5,4,email,newsletter,desktop,Edge,United Kingdom,England,0,1,/catalog/apparel,0,,,,
8000000102,9000000000001376,1,1735758120,3,19,(none),(direct),desktop,Edge,France,Ile-de-France,0,1,/home,0,/basket,58293,,
8000002299,9000000000001377,0,1735711080,3,5,email,newsletter,desktop,Edge,Spain,Madrid,0,2,/catalog/electronics,0,/catalog/accessories,59603,,
8000003372,9000000000001378,1,1736275140,2,18,organic,search-engine,desktop,Firefox,Portugal,Lisbon,0,1,/catalog/electronics,0,/catalog/accessories,6205,,
8000000411,9000000000001379,1,1736910900,3,3,email,newsletter,mobile,Edge,Portugal,Lisbon,0,1,/home,0,,,,
8000001034,9000000000001380,0,1735836420,4,16,organic,search-engine,mobile,Firefox,France,Ile-de-France,0,1,/catalog/accessories,0,/basket,75783,,
8000001022,9000000000001381,1,1738315140,5,9,organic,search-engine,desktop,Edge,Spain,Madrid,0,3,/catalog/electronics,0,/basket,79286,,
8000003209,9000000000001382,1,1738072860,2,14,(none),(direct),tablet,Chrome,Spain,Madrid,0,2,/catalog/electronics,0,,,,
8000002470,9000000000001383,1,1737877980,7,7,email,newsletter,desktop,Chrome,Germany,Berlin,0,1,/product/featured-item,0,,,,
8000001091,9000000000001384,1,1736665680,7,7,referral,partner.example,mobile,Firefox,France,Ile-de-France,0,1,/home,0,/catalog/accessories,89783,,
8000002501,9000000000001385,1,1737443580,2,7,organic,search-engine,desktop,Edge,France,Ile-de-France,0,1,/catalog/electronics,0,/product/featured-item,20293,,
8000003358,9000000000001386,0,1737815100,6,14,referral,partner.example,desktop,Firefox,Germany,Berlin,0,1,/product/featured-item,0,/catalog/accessories,84683,,
8000003274,9000000000001387,1,1736018640,6,19,referral,partner.example,desktop,Safari,United Kingdom,England,0,2,/home,0,/basket,78639,,
8000001821,9000000000001388,1,1735777680,4,0,(none),(direct),desktop,Chrome,United Kingdom,England,0,4,/catalog/electronics,0,,,,
8000001066,9000000000001389,1,1736885400,2,20,(none),(direct),desktop,Edge,Portugal,Lisbon,0,4,/catalog/accessories,0,/catalog/electronics,32557,,
8000001793,9000000000001390,0,1735734900,3,12,(none),(direct),desktop,Safari,Portugal,Lisbon,0,1,/home,0,/catalog/apparel,14281,/product/featured-item,124914
8000001227,9000000000001391,1,1738031880,2,2,cpc,paid-media,desktop,Firefox,Portugal,Lisbon,0,2,/product/featured-item,0,,,,
8000002747,9000000000001392,1,1737354720,1,6,(none),(direct),mobile,Chrome,Spain,Madrid,0,1,/product/featured-item,0,/product/featured-item,64539,,
8000001453,9000000000001393,1,1736591340,6,10,organic,search-engine,desktop,Chrome,Portugal,Lisbon,0,1,/product/featured-item,0,,,,
8000002631,9000000000001394,1,1736665200,7,7,referral,partner.example,desktop,Edge,United Kingdom,England,0,1,/home,0,/catalog/electronics,62324,,
8000002478,9000000000001395,1,1737347520,1,4,email,newsletter,mobile,Edge,Germany,Berlin,0,1,/catalog/apparel,0,/catalog/accessories,58270,,
8000000266,9000000000001396,1,1737435240,2,4,organic,search-engine,desktop,Firefox,France,Ile-de-France,0,1,/catalog/apparel,0,/catalog/accessories,33871,/product/featured-item,144073
8000000002,9000000000001397,1,1737665580,4,20,(none),(direct),tablet,Edge,Spain,Madrid,0,1,/catalog/accessories,0,/product/featured-item,82488,,
8000001619,9000000000001398,1,1737575160,3,19,referral,partner.example,tablet,Safari,United Kingdom,England,0,4,/home,0,/basket,10311,/catalog/accessories,24000
8000002403,9000000000001399,0,1736665860,7,7,email,newsletter,mobile,Safari,United Kingdom,England,0,1,/home,0,,,,
8000000953,9000000000001400,1,1736528460,5,17,cpc,paid-media,mobile,Chrome,Portugal,Lisbon,0,3,/catalog/accessories,0,/catalog/accessories,68983,/product/featured-item,83355
8000001141,9000000000001401,1,1736877420,2,17,cpc,paid-media,desktop,Edge,Portugal,Lisbon,0,1,/home,0,/product/featured-item,39899,/catalog/accessories,77760
8000001926,9000000000001402,1,1737593700,4,0,organic,search-engine,mobile,Chrome,Spain,Madrid,0,1,/home,0,,,,
8000001642,9000000000001403,1,1737505140,3,0,(none),(direct),desktop,Edge,France,Ile-de-France,0,1,/catalog/accessories,0,/catalog/electronics,44788,/catalog/accessories,128386
8000002237,9000000000001404,0,1737349680,1,5,(none),(direct),mobile,Edge,United Kingdom,England,0,1,/product/featured-item,0,,,,
8000001804,9000000000001405,1,1736914920,3,4,(none),(direct),desktop,Firefox,France,Ile-de-France,0,4,/home,0,,,,
8000000454,9000000000001406,1,1736177640,1,15,(none),(direct),desktop,Edge,United Kingdom,England,0,4,/catalog/apparel,0,,,,
8000002855,9000000000001407,1,1737189660,6,8,organic,search-engine,desktop,Edge,Portugal,Lisbon,0,1,/catalog/accessories,0,/product/featured-item,80119,,
8000001019,9000000000001408,1,1737304860,7,16,referral,partner.example,desktop,Firefox,United Kingdom,England,0,2,/catalog/accessories,0,/catalog/electronics,3006,,
8000002173,9000000000001409,1,1737971640,1,9,email,newsletter,desktop,Firefox,France,Ile-de-France,0,2,/product/featured-item,0,,,,
8000002513,9000000000001410,1,1737399720,1,19,cpc,paid-media,desktop,Firefox,Portugal,Lisbon,0,1,/catalog/electronics,0,/product/featured-item,42729,/catalog/accessories,85983
8000001393,9000000000001411,1,1737803160,6,11,organic,search-engine,mobile,Chrome,France,Ile-de-France,0,1,/catalog/apparel,0,,,,
8000003205,9000000000001412,1,1737142620,5,19,email,newsletter,mobile,Edge,Germany,Berlin,0,1,/catalog/accessories,0,,,,
8000000222,9000000000001413,1,1736115840,7,22,cpc,paid-media,mobile,Safari,United Kingdom,England,1,1,/catalog/apparel,0,/catalog/accessories,57770,,
8000001205,9000000000001414,1,1736401440,4,5,cpc,paid-media,desktop,Firefox,Germany,Berlin,0,1,/catalog/electronics,0,,,,
8000000114,9000000000001415,1,1736097180,7,17,organic,search-engine,desktop,Chrome,Portugal,Lisbon,0,1,/product/featured-item,0,/basket,69773,,
8000000062,9000000000001416,1,1736115600,7,22,cpc,paid-media,mobile,Firefox,Germany,Berlin,0,1,/home,0,/product/featured-item,12372,,
8000003285,9000000000001417,1,1736763840,1,10,cpc,paid-media,desktop,Edge,Germany,Berlin,0,1,/home,0,,,,
8000000675,9000000000001418,1,1735899840,5,10,referral,partner.example,desktop,Edge,Spain,Madrid,0,1,/product/featured-item,0,,,,
8000002989,9000000000001419,1,1737206880,6,13,(none),(direct),desktop,Safari,United Kingdom,England,0,1,/catalog/accessories,0,/checkout,24915,/product/featured-item,67516
8000001483,9000000000001420,1,1736744760,1,5,organic,search-engine,desktop,Chrome,Germany,Berlin,0,1,/catalog/apparel,0,/checkout,21089,/basket,137104
8000000632,9000000000001421,1,1737449040,2,8,email,newsletter,mobile,Chrome,United Kingdom,England,0,1,/catalog/electronics,0,,,,
8000003130,9000000000001422,1,1736500680,5,9,referral,partner.example,mobile,Edge,Spain,Madrid,0,1,/home,0,/catalog/apparel,24245,/checkout,133677
8000002684,9000000000001423,1,1737824340,6,16,organic,search-engine,mobile,Safari,Portugal,Lisbon,0,1,/product/featured-item,0,/product/featured-item,35414,,
8000003248,9000000000001424,0,1736592180,6,10,email,newsletter,mobile,Firefox,United Kingdom,England,0,2,/catalog/accessories,0,,,,
8000000049,9000000000001425,1,1735830180,4,15,organic,search-engine,desktop,Firefox,Germany,Berlin,0,3,/catalog/accessories,0,/basket,47264,/catalog/accessories,71841
8000001072,9000000000001426,1,1736719380,7,22,cpc,paid-media,desktop,Safari,United Kingdom,England,0,1,/product/featured-item,0,/basket,64273,,
8000000439,9000000000001427,1,1735750800,3,17,email,newsletter,desktop,Edge,United Kingdom,England,0,2,/product/featured-item,0,/basket,35483,/checkout,152057
8000002373,9000000000001428,1,1737363060,1,8,(none),(direct),desktop,Firefox,Spain,Madrid,0,4,/catalog/accessories,0,,,,
8000001972,9000000000001429,1,1737965400,1,8,referral,partner.example,mobile,Chrome,Portugal,Lisbon,0,2,/product/featured-item,0,/product/featured-item,32480,,
8000002214,9000000000001430,1,1737189060,6,8,email,newsletter,desktop,Edge,Spain,Madrid,0,1,/catalog/apparel,0,,,,
8000000976,9000000000001431,1,1737923100,7,20,organic,search-engine,desktop,Edge,Portugal,Lisbon,0,3,/catalog/apparel,0,,,,
8000002321,9000000000001432,1,1736515680,5,13,referral,partner.example,desktop,Safari,United Kingdom,England,0,1,/home,0,,,,
8000000184,9000000000001433,1,1736149500,1,7,organic,search-engine,desktop,Edge,Spain,Madrid,0,1,/catalog/electronics,0,,,,
8000000470,9000000000001434,0,1735867740,5,1,organic,search-engine,desktop,Edge,United Kingdom,England,0,1,/home,0,,,,
8000000046,9000000000001435,1,1737843360,6,22,organic,search-engine,mobile,Chrome,Spain,Madrid,0,1,/home,0,/catalog/apparel,39927,/catalog/electronics,83781
8000003221,9000000000001436,1,1737587160,3,23,email,newsletter,desktop,Firefox,United Kingdom,England,0,2,/home,0,,,,
8000000143,9000000000001437,0,1735703940,3,3,referral,partner.example,mobile,Edge,Portugal,Lisbon,1,1,/home,0,/product/featured-item,38562,,
8000001358,9000000000001438,1,1735766400,3,21,organic,search-engine,desktop,Chrome,Germany,Berlin,0,1,/catalog/apparel,0,/catalog/apparel,41202,/basket,156907
8000001156,9000000000001439,1,1735695780,3,1,cpc,paid-media,desktop,Safari,Portugal,Lisbon,0,1,/product/featured-item,0,/basket,70523,/checkout,153155
8000000829,9000000000001440,1,1736846400,2,9,(none),(direct),desktop,Edge,United Kingdom,England,0,1,/home,0,,,,
8000002163,9000000000001441,1,1736610000,6,15,(none),(direct),desktop,Chrome,United Kingdom,England,0,1,/catalog/accessories,0,/checkout,88561,,
8000003289,9000000000001442,0,1738014900,1,21,cpc,paid-media,desktop,Chrome,Germany,Berlin,0,1,/catalog/apparel,0,,,,
8000000519,9000000000001443,1,1735777140,4,0,organic,search-engine,desktop,Firefox,France,Ile-de-France,0,4,/product/featured-item,0,/checkout,26480,,
8000000024,9000000000001444,1,1737937320,1,0,email,newsletter,mobile,Chrome,Portugal,Lisbon,0,1,/catalog/electronics,0,,,,
8000001192,9000000000001445,1,1736044320,7,2,referral,partner.example,desktop,Edge,Germany,Berlin,0,3,/catalog/electronics,0,/catalog/apparel,14045,/checkout,95809
8000001091,9000000000001446,0,1736385660,4,1,referral,partner.example,desktop,Firefox,Germany,Berlin,0,3,/home,0,/basket,36646,/catalog/accessories,133149
8000003373,9000000000001447,1,1737866220,7,4,email,newsletter,mobile,Firefox,France,Ile-de-France,0,1,/home,0,/catalog/apparel,77756,/checkout,98307
8000002910,9000000000001448,1,1737948660,1,3,organic,search-engine,mobile,Safari,Portugal,Lisbon,0,1,/catalog/electronics,0,/product/featured-item,8925,/product/featured-item,71133
8000000728,9000000000001449,1,1737667860,4,21,referral,partner.example,mobile,Safari,United Kingdom,England,0,1,/catalog/accessories,0,/checkout,9656,,
8000002938,9000000000001450,1,1737469380,2,14,referral,partner.example,desktop,Chrome,Germany,Berlin,0,1,/catalog/accessories,0,/basket,50908,,
8000002304,9000000000001451,0,1738212000,4,4,organic,search-engine,desktop,Chrome,United Kingdom,England,0,1,/catalog/electronics,0,/catalog/apparel,16314,,
8000000332,9000000000001452,1,1735861080,4,23,email,newsletter,desktop,Firefox,Germany,Berlin,1,1,/home,0,/basket,11290,/catalog/accessories,119414
8000001982,9000000000001453,1,1736697900,7,16,organic,search-engine,mobile,Firefox,United Kingdom,England,0,1,/catalog/apparel,0,,,,
8000003267,9000000000001454,1,1737921000,7,19,(none),(direct),desktop,Firefox,United Kingdom,England,0,3,/home,0,/catalog/accessories,19236,,
8000001694,9000000000001455,1,1736035980,7,0,(none),(direct),mobile,Firefox,United Kingdom,England,0,2,/home,0,,,,
8000000874,9000000000001456,1,1735967640,6,5,organic,search-engine,desktop,Firefox,Portugal,Lisbon,0,1,/catalog/accessories,0,/basket,26009,,
8000001794,9000000000001457,1,1736696340,7,15,(none),(direct),mobile,Edge,Spain,Madrid,0,1,/product/featured-item,0,/catalog/accessories,37783,/catalog/accessories,111305
8000002245,9000000000001458,0,1736550840,5,23,email,newsletter,mobile,Firefox,United Kingdom,England,0,1,/catalog/apparel,0,/basket,31864,/catalog/electronics,84015
8000002213,9000000000001459,1,1735876080,5,3,email,newsletter,desktop,Edge,Germany,Berlin,0,1,/product/featured-item,0,,,,
8000001375,9000000000001460,0,1737075420,5,0,organic,search-engine,desktop,Firefox,Germany,Berlin,0,1,/catalog/electronics,0,/basket,72889,/catalog/accessories,118576
8000002577,9000000000001461,1,1736906460,3,2,organic,search-engine,mobile,Edge,United Kingdom,England,0,1,/home,0,/catalog/accessories,62646,/catalog/accessories,166739
8000000583,9000000000001462,1,1736981400,3,22,email,newsletter,mobile,Safari,Germany,Berlin,0,1,/catalog/electronics,0,,,,
8000002938,9000000000001463,1,1738131360,3,6,email,newsletter,mobile,Chrome,France,Ile-de-France,0,1,/home,0,,,,
8000000339,9000000000001464,1,1738311780,5,8,referral,partner.example,desktop,Chrome,France,Ile-de-France,0,1,/catalog/electronics,0,,,,
8000003112,9000000000001465,0,1735889220,5,7,organic,search-engine,desktop,Firefox,France,Ile-de-France,0,1,/product/featured-item,0,/checkout,47485,,
8000001392,9000000000001466,1,1735815360,4,10,cpc,paid-media,desktop,Chrome,Germany,Berlin,0,3,/product/featured-item,0,/product/featured-item,62777,,
8000002761,9000000000001467,0,1737129360,5,15,organic,search-engine,mobile,Safari,Portugal,Lisbon,0,1,/product/featured-item,0,/product/featured-item,41854,/checkout,145154
8000000486,9000000000001468,1,1735701360,3,3,email,newsletter,desktop,Firefox,Portugal,Lisbon,0,1,/product/featured-item,0,,,,
8000001229,9000000000001469,1,1738154460,3,12,(none),(direct),mobile,Safari,Spain,Madrid,0,3,/catalog/accessories,0,,,,
8000001418,9000000000001470,0,1736647560,7,2,email,newsletter,mobile,Chrome,France,Ile-de-France,0,1,/catalog/electronics,0,/catalog/electronics,65818,/catalog/accessories,142449
8000002340,9000000000001471,1,1737374400,1,12,(none),(direct),desktop,Safari,United Kingdom,England,0,1,/catalog/apparel,0,/product/featured-item,33671,/catalog/accessories,98452
8000002713,9000000000001472,1,1736451780,4,19,(none),(direct),mobile,Edge,France,Ile-de-France,0,2,/catalog/apparel,0,/catalog/electronics,53462,,
8000001369,9000000000001473,1,1736979660,3,22,organic,search-engine,desktop,Edge,France,Ile-de-France,0,1,/catalog/apparel,0,,,,
8000001603,9000000000001474,0,1736411700,4,8,email,newsletter,desktop,Safari,United Kingdom,England,0,2,/catalog/accessories,0,/basket,77062,/catalog/electronics,171134
8000001356,9000000000001475,1,1736064120,7,8,organic,search-engine,desktop,Chrome,Portugal,Lisbon,0,1,/product/featured-item,0,/checkout,8081,,
8000002277,9000000000001476,0,1737317520,7,20,(none),(direct),desktop,Firefox,Portugal,Lisbon,0,2,/catalog/accessories,0,/catalog/apparel,19836,/basket,102611
8000001870,9000000000001477,0,1737003240,4,4,(none),(direct),mobile,Edge,United Kingdom,England,0,1,/catalog/electronics,0,/basket,79780,,
8000000191,9000000000001478,1,1736597700,6,12,referral,partner.example,desktop,Firefox,Spain,Madrid,0,1,/catalog/apparel,0,,,,
8000000319,9000000000001479,0,1736695560,7,15,cpc,paid-media,tablet,Chrome,Portugal,Lisbon,0,1,/catalog/accessories,0,,,,
8000003449,9000000000001480,1,1736326980,3,9,referral,partner.example,mobile,Chrome,United Kingdom,England,0,1,/product/featured-item,0,/catalog/accessories,81691,/catalog/electronics,178791
8000003219,9000000000001481,1,1736179080,1,15,(none),(direct),mobile,Edge,Germany,Berlin,0,1,/home,0,,,,
8000002061,9000000000001482,0,1737406080,1,20,referral,partner.example,desktop,Edge,France,Ile-de-France,0,1,/home,0,/catalog/apparel,76576,,
8000001564,9000000000001483,0,1737875880,7,7,(none),(direct),desktop,Edge,Portugal,Lisbon,0,1,/product/featured-item,0,,,,
8000000885,9000000000001484,1,1735953660,6,1,(none),(direct),tablet,Safari,United Kingdom,England,0,2,/catalog/accessories,0,,,,
8000001359,9000000000001485,1,1736912460,3,3,organic,search-engine,mobile,Safari,United Kingdom,England,0,1,/product/featured-item,0,/checkout,9074,,
8000000523,9000000000001486,0,1738148220,3,10,referral,partner.example,desktop,Chrome,Spain,Madrid,0,1,/catalog/accessories,0,/catalog/apparel,87830,/basket,117541
8000002365,9000000000001487,1,1738058460,2,10,referral,partner.example,mobile,Safari,Spain,Madrid,0,4,/catalog/accessories,0,,,,
8000002927,9000000000001488,0,1736276520,2,19,referral,partner.example,mobile,Safari,Spain,Madrid,0,1,/home,0,,,,
8000000999,9000000000001489,1,1737156000,5,23,referral,partner.example,desktop,Chrome,Spain,Madrid,0,1,/product/featured-item,0,/product/featured-item,53887,/catalog/accessories,81713
8000000946,9000000000001490,1,1737419580,2,0,cpc,paid-media,desktop,Safari,Germany,Berlin,0,2,/home,0,,,,
8000002670,9000000000001491,1,1736326200,3,8,(none),(direct),desktop,Safari,Portugal,Lisbon,0,1,/home,0,/product/featured-item,22856,,
8000001080,9000000000001492,1,1736664540,7,6,(none),(direct),mobile,Chrome,Portugal,Lisbon,0,2,/catalog/apparel,0,,,,
8000000486,9000000000001493,0,1737340260,1,2,cpc,paid-media,desktop,Edge,Portugal,Lisbon,0,1,/home,0,/basket,56746,,
8000001570,9000000000001494,0,1736609160,6,15,cpc,paid-media,mobile,Firefox,Portugal,Lisbon,0,1,/home,0,/product/featured-item,39609,/catalog/accessories,143688
8000001807,9000000000001495,1,1737386220,1,15,cpc,paid-media,tablet,Edge,France,Ile-de-France,0,1,/catalog/apparel,0,/catalog/accessories,47061,,
8000000531,9000000000001496,1,1736353860,3,16,cpc,paid-media,desktop,Firefox,Portugal,Lisbon,0,1,/catalog/apparel,0,/catalog/accessories,47026,/basket,134818
8000000416,9000000000001497,1,1738360200,5,21,(none),(direct),mobile,Edge,Portugal,Lisbon,0,1,/catalog/apparel,0,/product/featured-item,82963,,
8000002967,9000000000001498,1,1736913000,3,3,organic,search-engine,mobile,Firefox,United Kingdom,England,0,2,/catalog/apparel,0,,,,
8000002950,9000000000001499,1,1736797380,1,19,cpc,paid-media,tablet,Safari,Spain,Madrid,0,1,/catalog/accessories,0,,,,
8000000829,9000000000001500,1,1735826160,4,13,referral,partner.example,desktop,Firefox,France,Ile-de-France,0,4,/catalog/accessories,0,,,,
8000001515,9000000000001501,0,1737525540,3,5,cpc,paid-media,mobile,Edge,United Kingdom,England,0,1,/catalog/accessories,0,,,,
8000002957,9000000000001502,1,1738189380,3,22,email,newsletter,mobile,Firefox,France,Ile-de-France,0,1,/product/featured-item,0,,,,
8000003183,9000000000001503,1,1737666600,4,21,cpc,paid-media,tablet,Chrome,Portugal,Lisbon,0,1,/product/featured-item,0,/catalog/electronics,50488,/catalog/electronics,55388
8000001255,9000000000001504,1,1737687300,5,2,organic,search-engine,mobile,Firefox,Spain,Madrid,0,1,/catalog/electronics,0,,,,
8000001238,9000000000001505,1,1737445980,2,7,referral,partner.example,desktop,Edge,Spain,Madrid,0,1,/catalog/accessories,0,/catalog/electronics,79136,/product/featured-item,96689
8000000216,9000000000001506,0,1738315080,5,9,email,newsletter,mobile,Firefox,United Kingdom,England,0,1,/home,0,/catalog/accessories,41452,,
8000001855,9000000000001507,1,1737917400,7,18,cpc,paid-media,desktop,Chrome,Germany,Berlin,0,1,/product/featured-item,0,/checkout,86622,,
8000003367,9000000000001508,1,1737090480,5,5,referral,partner.example,desktop,Safari,Portugal,Lisbon,0,1,/catalog/accessories,0,/checkout,75004,,
8000003028,9000000000001509,0,1736382480,4,0,cpc,paid-media,mobile,Edge,United Kingdom,England,0,1,/catalog/electronics,0,,,,
8000000795,9000000000001510,1,1738217220,4,6,referral,partner.example,mobile,Safari,Portugal,Lisbon,0,1,/catalog/electronics,0,,,,
8000001896,9000000000001511,1,1737470700,2,14,referral,partner.example,mobile,Chrome,Germany,Berlin,0,1,/home,0,,,,
8000002645,9000000000001512,0,1735872960,5,2,email,newsletter,mobile,Firefox,Germany,Berlin,0,1,/product/featured-item,0,,,,
8000002697,9000000000001513,1,1735869000,5,1,organic,search-engine,desktop,Safari,Spain,Madrid,0,1,/home,0,/checkout,26419,/catalog/electronics,70334
8000002475,9000000000001514,1,1736873640,2,16,referral,partner.example,tablet,Chrome,Portugal,Lisbon,0,1,/catalog/apparel,0,,,,
8000000144,9000000000001515,1,1736469960,5,0,organic,search-engine,desktop,Edge,United Kingdom,England,0,2,/catalog/accessories,0,/checkout,5511,/basket,86276
8000000524,9000000000001516,1,1737158340,5,23,(none),(direct),desktop,Edge,Spain,Madrid,0,1,/product/featured-item,0,,,,
8000000779,9000000000001517,0,1737742980,5,18,(none),(direct),mobile,Safari,Portugal,Lisbon,0,1,/catalog/electronics,0,/product/featured-item,31105,,
8000001749,9000000000001518,1,1736032080,6,23,(none),(direct),desktop,Safari,Portugal,Lisbon,0,1,/catalog/electronics,0,/catalog/apparel,62177,,
8000003228,9000000000001519,1,1736164560,1,11,(none),(direct),mobile,Safari,Spain,Madrid,0,2,/product/featured-item,0,/catalog/apparel,15077,/catalog/accessories,63505
8000002777,9000000000001520,1,1737892440,7,11,referral,partner.example,mobile,Firefox,Germany,Berlin,0,1,/catalog/accessories,0,,,,
8000003193,9000000000001521,1,1737272400,7,7,cpc,paid-media,desktop,Safari,Germany,Berlin,0,4,/catalog/apparel,0,,,,
8000000581,9000000000001522,0,1736324160,3,8,(none),(direct),desktop,Firefox,Portugal,Lisbon,0,1,/product/featured-item,0,,,,
8000000632,9000000000001523,1,1738304460,5,6,referral,partner.example,desktop,Chrome,France,Ile-de-France,0,3,/catalog/apparel,0,/product/featured-item,46241,/checkout,75905
8000003413,9000000000001524,1,1738188180,3,22,cpc,paid-media,mobile,Safari,Spain,Madrid,0,1,/catalog/accessories,0,/checkout,66458,/catalog/accessories,104604
8000000939,9000000000001525,1,1737887220,7,10,email,newsletter,mobile,Chrome,United Kingdom,England,0,1,/catalog/accessories,0,/catalog/apparel,52510,,
8000002720,9000000000001526,1,1737259680,7,4,referral,partner.example,mobile,Firefox,Germany,Berlin,0,2,/home,0,,,,
8000001481,9000000000001527,1,1736941680,3,11,email,newsletter,mobile,Edge,Spain,Madrid,0,4,/catalog/accessories,0,,,,
8000000295,9000000000001528,0,1735994280,6,12,(none),(direct),mobile,Firefox,France,Ile-de-France,0,1,/catalog/electronics,0,/catalog/electronics,51279,/catalog/accessories,130929
8000001466,9000000000001529,1,1736416500,4,9,organic,search-engine,desktop,Safari,Portugal,Lisbon,0,1,/home,0,,,,
8000002551,9000000000001530,0,1738253460,4,16,cpc,paid-media,desktop,Edge,Portugal,Lisbon,0,1,/product/featured-item,0,/catalog/apparel,58360,,
8000002652,9000000000001531,0,1737474420,2,15,cpc,paid-media,desktop,Safari,United Kingdom,England,0,1,/catalog/electronics,0,/catalog/apparel,32320,/basket,44793
8000002765,9000000000001532,1,1735800900,4,6,cpc,paid-media,tablet,Edge,United Kingdom,England,0,1,/catalog/apparel,0,,,,
8000002585,9000000000001533,0,1737937440,1,0,email,newsletter,desktop,Firefox,United Kingdom,England,1,1,/home,0,/product/featured-item,69173,/catalog/electronics,159268
8000000593,9000000000001534,1,1735869180,5,1,referral,partner.example,desktop,Firefox,Portugal,Lisbon,0,1,/catalog/electronics,0,/catalog/apparel,51563,,
8000003275,9000000000001535,1,1736806680,1,22,cpc,paid-media,desktop,Edge,Portugal,Lisbon,0,1,/catalog/accessories,0,/product/featured-item,42130,,
8000002345,9000000000001536,0,1737450480,2,9,(none),(direct),desktop,Edge,France,Ile-de-France,0,2,/catalog/electronics,0,,,,
8000002829,9000000000001537,0,1735822380,4,12,email,newsletter,mobile,Firefox,Portugal,Lisbon,0,1,/product/featured-item,0,/catalog/accessories,6932,/catalog/electronics,86115
8000000764,9000000000001538,1,1737515700,3,3,cpc,paid-media,desktop,Safari,United Kingdom,England,0,1,/home,0,,,,
8000002846,9000000000001539,1,1737148260,5,21,(none),(direct),desktop,Firefox,Portugal,Lisbon,0,1,/home,0,/catalog/electronics,56201,/checkout,146598
8000003496,9000000000001540,1,1736924340,3,6,(none),(direct),desktop,Firefox,United Kingdom,England,0,1,/catalog/accessories,0,,,,
8000001154,9000000000001541,0,1737317280,7,20,cpc,paid-media,desktop,Firefox,France,Ile-de-France,0,2,/catalog/accessories,0,,,,
8000002905,9000000000001542,0,1736701680,7,17,organic,search-engine,mobile,Safari,France,Ile-de-France,0,2,/catalog/accessories,0,/product/featured-item,34058,,
8000001130,9000000000001543,1,1737963600,1,7,cpc,paid-media,desktop,Safari,United Kingdom,England,0,1,/home,0,,,,
8000002431,9000000000001544,1,1736980080,3,22,(none),(direct),desktop,Firefox,United Kingdom,England,0,1,/catalog/apparel,0,,,,
8000000425,9000000000001545,1,1735720920,3,8,(none),(direct),desktop,Chrome,Portugal,Lisbon,0,1,/catalog/accessories,0,,,,
8000003489,9000000000001546,1,1737728700,5,14,email,newsletter,desktop,Chrome,Germany,Berlin,0,1,/catalog/accessories,0,/product/featured-item,18470,,
8000002322,9000000000001547,0,1737391560,1,16,email,newsletter,desktop,Firefox,Portugal,Lisbon,0,1,/home,0,/basket,20538,/catalog/accessories,140140
8000000836,9000000000001548,0,1737504120,3,0,email,newsletter,mobile,Chrome,France,Ile-de-France,0,1,/catalog/electronics,0,/basket,84313,/product/featured-item,175119
8000003303,9000000000001549,1,1735999740,6,14,(none),(direct),mobile,Safari,Portugal,Lisbon,0,1,/catalog/apparel,0,/catalog/electronics,44894,,
8000002221,9000000000001550,1,1737855120,7,1,email,newsletter,desktop,Safari,Spain,Madrid,0,1,/catalog/electronics,0,/catalog/accessories,89916,/basket,189022
8000001200,9000000000001551,1,1736409600,4,8,email,newsletter,desktop,Edge,Portugal,Lisbon,0,2,/product/featured-item,0,/catalog/accessories,56484,,
8000003405,9000000000001552,1,1735799760,4,6,organic,search-engine,mobile,Firefox,France,Ile-de-France,0,1,/product/featured-item,0,,,,
8000000206,9000000000001553,1,1736291160,2,23,organic,search-engine,mobile,Firefox,Germany,Berlin,0,1,/catalog/apparel,0,/catalog/electronics,6920,/product/featured-item,48516
8000002198,9000000000001554,0,1737131160,5,16,organic,search-engine,desktop,Safari,United Kingdom,England,0,1,/catalog/apparel,0,/catalog/electronics,46141,/product/featured-item,143801
8000002132,9000000000001555,0,1736292420,2,23,(none),(direct),mobile,Safari,Portugal,Lisbon,0,1,/catalog/apparel,0,/catalog/accessories,30249,/checkout,59041
8000001039,9000000000001556,1,1737295020,7,13,cpc,paid-media,desktop,Chrome,Portugal,Lisbon,0,1,/catalog/electronics,0,,,,
8000000582,9000000000001557,1,1737570660,3,18,(none),(direct),mobile,Safari,France,Ile-de-France,0,3,/product/featured-item,0,/checkout,29604,/product/featured-item,38950
8000002278,9000000000001558,1,1736705280,7,18,cpc,paid-media,desktop,Firefox,Portugal,Lisbon,0,1,/product/featured-item,0,/checkout,8116,,
8000003316,9000000000001559,1,1735753980,3,17,organic,search-engine,desktop,Chrome,Spain,Madrid,0,2,/home,0,,,,
8000001800,9000000000001560,1,1737315840,7,19,email,newsletter,mobile,Firefox,United Kingdom,England,0,2,/catalog/electronics,0,/catalog/apparel,85369,,
8000000434,9000000000001561,1,1738136520,3,7,(none),(direct),mobile,Safari,Spain,Madrid,0,1,/catalog/electronics,0,,,,
8000000632,9000000000001562,1,1738354140,5,20,cpc,paid-media,mobile,Edge,France,Ile-de-France,0,1,/product/featured-item,0,/catalog/apparel,78668,/product/featured-item,183158
8000001155,9000000000001563,1,1736691180,7,14,(none),(direct),mobile,Edge,Spain,Madrid,0,1,/home,0,,,,
8000003254,9000000000001564,1,1736422140,4,11,organic,search-engine,desktop,Chrome,Portugal,Lisbon,0,1,/catalog/accessories,0,,,,
8000002820,9000000000001565,1,1737863280,7,3,cpc,paid-media,mobile,Safari,United Kingdom,England,0,1,/catalog/accessories,0,/catalog/apparel,65534,/catalog/accessories,105721
8000000425,9000000000001566,1,1738000740,1,17,(none),(direct),mobile,Safari,France,Ile-de-France,0,1,/catalog/electronics,0,/catalog/electronics,16338,,
8000001589,9000000000001567,1,1736690400,7,14,referral,partner.example,desktop,Firefox,Germany,Berlin,0,1,/catalog/accessories,0,/catalog/apparel,16809,/product/featured-item,68050
8000002422,9000000000001568,1,1738229940,4,9,cpc,paid-media,mobile,Safari,Spain,Madrid,0,1,/catalog/accessories,0,,,,
8000001206,9000000000001569,1,1736877240,2,17,cpc,paid-media,mobile,Edge,Portugal,Lisbon,0,1,/catalog/apparel,0,/basket,45331,,
8000000043,9000000000001570,0,1737160920,6,0,(none),(direct),mobile,Firefox,United Kingdom,England,0,1,/catalog/electronics,0,,,,
8000002036,9000000000001571,0,1736701620,7,17,(none),(direct),mobile,Edge,Spain,Madrid,0,1,/catalog/apparel,0,/checkout,80346,,
8000001853,9000000000001572,0,1737647820,4,15,cpc,paid-media,desktop,Firefox,Spain,Madrid,0,1,/catalog/apparel,0,/catalog/electronics,12558,,
8000003316,9000000000001573,0,1738066920,2,12,referral,partner.example,desktop,Edge,France,Ile-de-France,0,1,/catalog/apparel,0,/catalog/accessories,44281,/product/featured-item,159617
8000002423,9000000000001574,1,1736938980,3,11,email,newsletter,mobile,Firefox,United Kingdom,England,0,1,/catalog/apparel,0,/product/featured-item,24591,/catalog/electronics,134944
8000000176,9000000000001575,1,1737386160,1,15,cpc,paid-media,desktop,Firefox,France,Ile-de-France,0,1,/catalog/apparel,0,,,,
8000002965,9000000000001576,1,1736110200,7,20,referral,partner.example,mobile,Chrome,Portugal,Lisbon,0,1,/catalog/apparel,0,/basket,22582,,
8000000387,9000000000001577,1,1736369400,3,20,organic,search-engine,desktop,Edge,France,Ile-de-France,0,4,/catalog/accessories,0,/catalog/apparel,59074,,
8000000035,9000000000001578,0,1736098440,7,17,(none),(direct),desktop,Chrome,France,Ile-de-France,0,1,/catalog/electronics,0,/basket,19506,/product/featured-item,131235
8000000728,9000000000001579,1,1737930960,7,22,(none),(direct),mobile,Edge,Germany,Berlin,0,1,/catalog/accessories,0,/basket,70259,,
8000001636,9000000000001580,1,1736911680,3,3,organic,search-engine,mobile,Chrome,Spain,Madrid,0,1,/home,0,/checkout,59162,/checkout,167155
8000001252,9000000000001581,0,1735941060,5,21,organic,search-engine,desktop,Chrome,United Kingdom,England,0,1,/product/featured-item,0,/catalog/accessories,65648,,
8000001829,9000000000001582,1,1736292840,2,23,cpc,paid-media,mobile,Chrome,United Kingdom,England,0,1,/product/featured-item,0,,,,
8000002861,9000000000001583,1,1736472720,5,1,organic,search-engine,mobile,Chrome,Portugal,Lisbon,0,1,/catalog/apparel,0,/product/featured-item,24032,/catalog/accessories,118599
8000003064,9000000000001584,1,1736323800,3,8,(none),(direct),desktop,Safari,United Kingdom,England,0,1,/home,0,/catalog/apparel,25522,/catalog/accessories,62931
8000001456,9000000000001585,1,1737864660,7,4,referral,partner.example,mobile,Edge,United Kingdom,England,0,1,/catalog/electronics,0,/basket,61126,,
8000003098,9000000000001586,1,1737404580,1,20,referral,partner.example,mobile,Edge,Spain,Madrid,0,1,/catalog/apparel,0,,,,
8000000879,9000000000001587,1,1737591360,4,0,cpc,paid-media,mobile,Chrome,Portugal,Lisbon,0,1,/product/featured-item,0,/checkout,54755,/checkout,79959
8000001249,9000000000001588,1,1736116860,7,22,organic,search-engine,tablet,Safari,Spain,Madrid,0,1,/product/featured-item,0,/basket,31571,,
8000003479,9000000000001589,1,1737687480,5,2,referral,partner.example,desktop,Chrome,Spain,Madrid,0,1,/catalog/electronics,0,/basket,64504,,
8000002020,9000000000001590,0,1737205980,6,13,organic,search-engine,mobile,Safari,Germany,Berlin,0,1,/product/featured-item,0,,,,
8000002141,9000000000001591,1,1736084580,7,13,email,newsletter,desktop,Edge,Portugal,Lisbon,0,1,/product/featured-item,0,,,,
8000002846,9000000000001592,1,1736124720,1,0,email,newsletter,tablet,Edge,Germany,Berlin,0,1,/home,0,/basket,41178,,
8000002934,9000000000001593,1,1736282040,2,20,cpc,paid-media,desktop,Edge,Germany,Berlin,0,1,/product/featured-item,0,/catalog/accessories,14347,,
8000002078,9000000000001594,1,1738022040,1,23,(none),(direct),mobile,Edge,Spain,Madrid,0,2,/catalog/apparel,0,/catalog/accessories,84349,,
8000002373,9000000000001595,0,1738079640,2,15,organic,search-engine,desktop,Edge,Germany,Berlin,0,1,/product/featured-item,0,/basket,41913,/checkout,52161
8000000016,9000000000001596,1,1737865020,7,4,(none),(direct),desktop,Chrome,Germany,Berlin,0,3,/catalog/apparel,0,/catalog/electronics,39254,,
8000003288,9000000000001597,1,1738081380,2,16,(none),(direct),mobile,Chrome,Portugal,Lisbon,0,4,/catalog/accessories,0,/catalog/accessories,84564,/basket,131569
8000003181,9000000000001598,0,1737987060,1,14,(none),(direct),desktop,Chrome,France,Ile-de-France,0,2,/home,0,/basket,3299,/checkout,48115
8000000672,9000000000001599,0,1737256440,7,3,referral,partner.example,tablet,Safari,Portugal,Lisbon,0,1,/catalog/accessories,0,/catalog/electronics,4369,,
8000001469,9000000000001600,0,1737734640,5,16,organic,search-engine,mobile,Firefox,Portugal,Lisbon,0,1,/product/featured-item,0,/basket,89257,,
8000002258,9000000000001601,0,1736621340,6,18,(none),(direct),mobile,Safari,Germany,Berlin,0,1,/catalog/electronics,0,/checkout,56525,,
8000003229,9000000000001602,1,1737146640,5,20,organic,search-engine,desktop,Firefox,Spain,Madrid,0,1,/home,0,/catalog/electronics,54860,,
8000001465,9000000000001603,1,1737212880,6,15,email,newsletter,desktop,Firefox,France,Ile-de-France,0,1,/product/featured-item,0,,,,
8000000213,9000000000001604,1,1737666060,4,21,cpc,paid-media,mobile,Chrome,Portugal,Lisbon,0,1,/catalog/apparel,0,,,,
8000001752,9000000000001605,0,1737153780,5,22,organic,search-engine,desktop,Safari,France,Ile-de-France,0,1,/home,0,,,,
8000001612,9000000000001606,0,1737592560,4,0,email,newsletter,mobile,Edge,Germany,Berlin,0,1,/catalog/apparel,0,/product/featured-item,41437,,
8000000479,9000000000001607,0,1736962020,3,17,email,newsletter,mobile,Safari,Germany,Berlin,0,1,/catalog/apparel,0,,,,
8000000512,9000000000001608,1,1738084200,2,17,organic,search-engine,desktop,Chrome,Spain,Madrid,0,1,/catalog/accessories,0,,,,
8000001968,9000000000001609,0,1737218400,6,16,email,newsletter,desktop,Safari,France,Ile-de-France,0,1,/catalog/accessories,0,/catalog/accessories,14633,,
8000000026,9000000000001610,1,1737612780,4,6,organic,search-engine,tablet,Safari,France,Ile-de-France,0,1,/catalog/apparel,0,/catalog/electronics,80110,/catalog/electronics,89496
8000000375,9000000000001611,1,1735956900,6,2,cpc,paid-media,desktop,Firefox,Spain,Madrid,0,1,/product/featured-item,0,,,,
8000002997,9000000000001612,1,1736658360,7,5,(none),(direct),desktop,Safari,France,Ile-de-France,0,1,/catalog/accessories,0,,,,
8000000698,9000000000001613,1,1737051180,4,18,referral,partner.example,mobile,Edge,France,Ile-de-France,0,1,/catalog/accessories,0,/catalog/apparel,50266,,
8000000214,9000000000001614,1,1737770040,6,1,organic,search-engine,desktop,Safari,United Kingdom,England,0,1,/product/featured-item,0,/product/featured-item,49988,/product/featured-item,135694
8000002998,9000000000001615,0,1736852700,2,11,organic,search-engine,mobile,Safari,Germany,Berlin,0,1,/catalog/apparel,0,/basket,36073,/checkout,76003
8000002001,9000000000001616,1,1737697140,5,5,(none),(direct),desktop,Safari,Spain,Madrid,0,1,/home,0,/catalog/accessories,33410,/catalog/accessories,143609
8000002102,9000000000001617,1,1737555120,3,14,(none),(direct),desktop,Safari,Spain,Madrid,0,1,/catalog/electronics,0,,,,
8000000805,9000000000001618,1,1735727460,3,10,email,newsletter,mobile,Safari,Germany,Berlin,0,3,/catalog/apparel,0,/checkout,42072,/catalog/electronics,97627
8000001977,9000000000001619,1,1737702300,5,7,organic,search-engine,desktop,Safari,United Kingdom,England,0,1,/catalog/electronics,0,,,,
8000002034,9000000000001620,1,1736034120,6,23,cpc,paid-media,desktop,Chrome,Germany,Berlin,0,4,/catalog/apparel,0,,,,
8000000860,9000000000001621,1,1737246900,7,0,referral,partner.example,mobile,Chrome,United Kingdom,England,0,1,/home,0,/product/featured-item,46755,,
8000000198,9000000000001622,1,1737782520,6,5,(none),(direct),mobile,Chrome,Germany,Berlin,0,1,/catalog/electronics,0,/catalog/apparel,46614,,
8000002718,9000000000001623,0,1737742440,5,18,email,newsletter,mobile,Firefox,Spain,Madrid,0,1,/product/featured-item,0,,,,
8000002967,9000000000001624,1,1737489780,2,20,(none),(direct),desktop,Firefox,Spain,Madrid,0,2,/catalog/apparel,0,/catalog/electronics,45069,,
8000002124,9000000000001625,1,1736126700,1,1,(none),(direct),desktop,Chrome,Spain,Madrid,0,2,/catalog/accessories,0,/checkout,81849,,
8000002167,9000000000001626,0,1737814680,6,14,referral,partner.example,mobile,Firefox,Germany,Berlin,0,3,/catalog/accessories,0,,,,
8000001347,9000000000001627,1,1736078400,7,12,email,newsletter,mobile,Safari,Spain,Madrid,0,2,/home,0,/catalog/accessories,70599,,
8000000860,9000000000001628,1,1737766380,6,0,(none),(direct),desktop,Safari,Germany,Berlin,0,1,/catalog/electronics,0,,,,
8000003418,9000000000001629,1,1737808080,6,12,organic,search-engine,desktop,Safari,France,Ile-de-France,0,2,/catalog/electronics,0,/catalog/apparel,77085,,
8000001917,9000000000001630,0,1737958800,1,6,organic,search-engine,desktop,Firefox,Spain,Madrid,0,1,/catalog/accessories,0,/product/featured-item,30968,,
8000003050,9000000000001631,0,1737673680,4,23,(none),(direct),mobile,Firefox,Germany,Berlin,0,1,/catalog/electronics,0,,,,
8000000082,9000000000001632,0,1736167500,1,12,organic,search-engine,mobile,Firefox,United Kingdom,England,0,1,/catalog/accessories,0,/catalog/accessories,77170,,
8000001432,9000000000001633,0,1736166420,1,12,referral,partner.example,mobile,Chrome,Portugal,Lisbon,0,1,/catalog/accessories,0,/checkout,15246,,
8000000250,9000000000001634,1,1736222880,2,4,email,newsletter,desktop,Edge,Germany,Berlin,0,2,/catalog/apparel,0,/catalog/apparel,71590,,
8000001802,9000000000001635,1,1735999680,6,14,referral,partner.example,mobile,Firefox,United Kingdom,England,0,1,/product/featured-item,0,,,,
8000000248,9000000000001636,1,1735717560,3,7,email,newsletter,desktop,Firefox,Germany,Berlin,0,2,/catalog/electronics,0,/checkout,34284,,
8000000981,9000000000001637,1,1737989040,1,14,cpc,paid-media,mobile,Safari,France,Ile-de-France,0,1,/catalog/apparel,0,/catalog/apparel,82405,/product/featured-item,89987
8000001872,9000000000001638,1,1735800360,4,6,referral,partner.example,desktop,Firefox,Germany,Berlin,0,3,/catalog/accessories,0,,,,
8000000726,9000000000001639,1,1737739140,5,17,organic,search-engine,desktop,Edge,France,Ile-de-France,0,3,/catalog/accessories,0,/checkout,15741,,
8000002600,9000000000001640,1,1736494620,5,7,email,newsletter,desktop,Chrome,France,Ile-de-France,0,1,/catalog/apparel,0,/catalog/electronics,6911,/product/featured-item,33671
8000000034,9000000000001641,1,1736727900,1,0,referral,partner.example,desktop,Edge,Spain,Madrid,0,1,/product/featured-item,0,/basket,35969,,
8000000942,9000000000001642,1,1738017300,1,22,email,newsletter,mobile,Chrome,Portugal,Lisbon,0,1,/catalog/apparel,0,/basket,54708,,
8000002072,9000000000001643,1,1737799500,6,10,email,newsletter,mobile,Safari,United Kingdom,England,0,2,/catalog/accessories,0,/catalog/electronics,47954,,
8000002203,9000000000001644,0,1737473520,2,15,referral,partner.example,mobile,Edge,Portugal,Lisbon,0,2,/catalog/accessories,0,/catalog/accessories,75393,/basket,93097
8000003178,9000000000001645,1,1735827660,4,14,referral,partner.example,desktop,Edge,Spain,Madrid,0,1,/catalog/accessories,0,/basket,28941,,
8000002098,9000000000001646,0,1736564280,6,2,referral,partner.example,desktop,Chrome,France,Ile-de-France,0,1,/home,0,,,,
8000002479,9000000000001647,1,1735738560,3,13,(none),(direct),mobile,Edge,France,Ile-de-France,0,1,/catalog/accessories,0,/checkout,26417,,
8000003226,9000000000001648,0,1736345700,3,14,organic,search-engine,mobile,Chrome,Portugal,Lisbon,0,1,/catalog/accessories,0,,,,
8000001845,9000000000001649,0,1737505560,3,0,referral,partner.example,desktop,Firefox,France,Ile-de-France,0,1,/catalog/apparel,0,/catalog/apparel,79537,,
8000000654,9000000000001650,1,1736754120,1,7,email,newsletter,tablet,Edge,Spain,Madrid,0,1,/catalog/accessories,0,,,,
8000000405,9000000000001651,0,1738183680,3,20,referral,partner.example,desktop,Edge,France,Ile-de-France,0,1,/catalog/apparel,0,/product/featured-item,53088,/checkout,88610
8000001529,9000000000001652,1,1735996800,6,13,cpc,paid-media,mobile,Chrome,Spain,Madrid,0,1,/catalog/accessories,0,/catalog/apparel,15065,/catalog/electronics,31205
8000001568,9000000000001653,1,1737757260,5,22,cpc,paid-media,desktop,Safari,Germany,Berlin,0,2,/home,0,/product/featured-item,87563,/checkout,111823
8000002436,9000000000001654,1,1737007740,4,6,referral,partner.example,desktop,Edge,Germany,Berlin,0,3,/product/featured-item,0,,,,
8000000128,9000000000001655,1,1735728780,3,10,email,newsletter,desktop,Edge,United Kingdom,England,0,1,/catalog/electronics,0,/catalog/apparel,75804,/catalog/electronics,79419
8000000367,9000000000001656,0,1736434740,4,14,organic,search-engine,mobile,Edge,Spain,Madrid,0,1,/catalog/apparel,0,/catalog/apparel,68757,/basket,132703
8000000492,9000000000001657,0,1735787700,4,3,email,newsletter,desktop,Chrome,France,Ile-de-France,0,1,/product/featured-item,0,,,,
8000003309,9000000000001658,0,1735958520,6,2,cpc,paid-media,mobile,Safari,Germany,Berlin,0,1,/catalog/apparel,0,/catalog/accessories,41522,/catalog/electronics,81943
8000000381,9000000000001659,1,1738237380,4,11,cpc,paid-media,desktop,Firefox,France,Ile-de-France,0,1,/catalog/electronics,0,/basket,89073,/catalog/accessories,186811
8000003268,9000000000001660,1,1737555240,3,14,referral,partner.example,desktop,Chrome,Portugal,Lisbon,0,1,/product/featured-item,0,/catalog/accessories,31445,/product/featured-item,50556
8000003352,9000000000001661,1,1736869620,2,15,(none),(direct),desktop,Edge,Spain,Madrid,0,1,/home,0,/catalog/electronics,72785,,
8000000436,9000000000001662,1,1737950460,1,4,organic,search-engine,desktop,Edge,United Kingdom,England,0,1,/product/featured-item,0,/catalog/apparel,55032,/basket,156312
8000001753,9000000000001663,1,1737709500,5,9,cpc,paid-media,desktop,Firefox,Germany,Berlin,0,1,/catalog/apparel,0,/catalog/apparel,37289,,
8000001796,9000000000001664,1,1738274400,4,22,(none),(direct),tablet,Edge,United Kingdom,England,0,1,/home,0,/catalog/apparel,76351,,
8000001654,9000000000001665,0,1737935940,7,23,(none),(direct),mobile,Firefox,Spain,Madrid,0,1,/product/featured-item,0,/checkout,44734,,
8000001791,9000000000001666,1,1736752920,1,7,cpc,paid-media,mobile,Chrome,Portugal,Lisbon,0,1,/catalog/apparel,0,/catalog/apparel,37955,/checkout,96537
8000000817,9000000000001667,1,1737622860,4,9,referral,partner.example,mobile,Safari,France,Ile-de-France,1,1,/home,0,,,,
8000000075,9000000000001668,1,1737846540,6,23,(none),(direct),desktop,Chrome,France,Ile-de-France,0,1,/home,0,,,,
8000002115,9000000000001669,1,1737738600,5,17,(none),(direct),mobile,Chrome,United Kingdom,England,0,1,/home,0,,,,
8000001575,9000000000001670,1,1737921900,7,20,referral,partner.example,mobile,Edge,Spain,Madrid,0,2,/product/featured-item,0,,,,
8000000184,9000000000001671,1,1737216060,6,16,organic,search-engine,desktop,Firefox,France,Ile-de-France,0,1,/home,0,/catalog/apparel,73776,,
8000000208,9000000000001672,0,1735780260,4,1,(none),(direct),mobile,Edge,United Kingdom,England,0,1,/home,0,/checkout,14685,/basket,111451
8000002144,9000000000001673,0,1736024460,6,21,email,newsletter,desktop,Firefox,United Kingdom,England,0,1,/home,0,/catalog/electronics,20549,,
8000000775,9000000000001674,1,1738190100,3,22,email,newsletter,mobile,Edge,Portugal,Lisbon,0,3,/product/featured-item,0,/catalog/accessories,55885,/catalog/electronics,61813
8000002447,9000000000001675,1,1736674140,7,9,email,newsletter,mobile,Chrome,France,Ile-de-France,0,1,/product/featured-item,0,,,,
8000000566,9000000000001676,1,1736739420,1,3,organic,search-engine,mobile,Safari,United Kingdom,England,0,1,/product/featured-item,0,,,,
8000001830,9000000000001677,1,1738034940,2,3,email,newsletter,tablet,Firefox,Spain,Madrid,0,1,/home,0,,,,
8000002036,9000000000001678,1,1736720100,7,22,email,newsletter,mobile,Safari,Germany,Berlin,0,1,/catalog/electronics,0,/catalog/electronics,42838,,
8000000072,9000000000001679,1,1735722660,3,9,email,newsletter,desktop,Chrome,United Kingdom,England,0,1,/home,0,/basket,45517,,
8000002574,9000000000001680,1,1736384340,4,0,email,newsletter,desktop,Firefox,Portugal,Lisbon,0,1,/home,0,/product/featured-item,80854,/catalog/accessories,105515
8000000221,9000000000001681,0,1736024820,6,21,referral,partner.example,mobile,Edge,United Kingdom,England,0,1,/home,0,/catalog/apparel,18666,/catalog/electronics,95088
8000000513,9000000000001682,1,1735805040,4,8,email,newsletter,mobile,Chrome,France,Ile-de-France,0,4,/catalog/accessories,0,/checkout,35888,/product/featured-item,78789
8000002684,9000000000001683,1,1736388360,4,2,referral,partner.example,tablet,Chrome,Germany,Berlin,0,1,/home,0,,,,
8000001364,9000000000001684,0,1736619900,6,18,organic,search-engine,desktop,Firefox,Spain,Madrid,0,1,/product/featured-item,0,,,,
8000001728,9000000000001685,0,1736016240,6,18,cpc,paid-media,tablet,Safari,United Kingdom,England,0,1,/home,0,/catalog/electronics,18543,,
8000002087,9000000000001686,0,1737230940,6,20,cpc,paid-media,mobile,Safari,Germany,Berlin,0,2,/catalog/accessories,0,,,,
8000000314,9000000000001687,0,1738133040,3,6,cpc,paid-media,mobile,Firefox,Germany,Berlin,0,2,/catalog/accessories,0,,,,
8000001939,9000000000001688,1,1737526200,3,6,organic,search-engine,mobile,Edge,United Kingdom,England,0,4,/catalog/apparel,0,/catalog/accessories,16267,/catalog/accessories,123947
8000000515,9000000000001689,1,1736614800,6,17,email,newsletter,mobile,Chrome,Spain,Madrid,0,1,/catalog/accessories,0,/catalog/electronics,51598,,
8000003239,9000000000001690,1,1738195140,3,23,cpc,paid-media,mobile,Safari,United Kingdom,England,0,1,/catalog/electronics,0,,,,
8000002704,9000000000001691,1,1736776440,1,13,email,newsletter,mobile,Edge,Portugal,Lisbon,0,2,/product/featured-item,0,,,,
8000002255,9000000000001692,1,1736005380,6,15,(none),(direct),desktop,Safari,Spain,Madrid,0,2,/product/featured-item,0,/checkout,78907,/product/featured-item,184316
8000002117,9000000000001693,1,1736779680,1,14,(none),(direct),mobile,Chrome,United Kingdom,England,0,1,/catalog/apparel,0,/product/featured-item,14889,/catalog/accessories,123916
8000003339,9000000000001694,1,1737148680,5,21,email,newsletter,desktop,Edge,France,Ile-de-France,0,1,/catalog/apparel,0,/checkout,54618,/catalog/accessories,63297
8000002035,9000000000001695,1,1736249040,2,11,organic,search-engine,mobile,Chrome,United Kingdom,England,0,1,/catalog/accessories,0,/catalog/apparel,28429,/catalog/accessories,44196
8000000133,9000000000001696,0,1735741500,3,14,referral,partner.example,desktop,Edge,Germany,Berlin,0,2,/product/featured-item,0,,,,
8000003370,9000000000001697,0,1737524460,3,5,(none),(direct),desktop,Safari,Portugal,Lisbon,0,2,/catalog/accessories,0,,,,
8000002801,9000000000001698,1,1738115100,3,1,organic,search-engine,mobile,Chrome,France,Ile-de-France,0,1,/home,0,/checkout,45077,/basket,160760
8000000844,9000000000001699,0,1737410100,1,21,email,newsletter,desktop,Edge,United Kingdom,England,0,1,/catalog/electronics,0,/catalog/apparel,60148,/catalog/electronics,130644
8000002453,9000000000001700,1,1735910700,5,13,referral,partner.example,desktop,Safari,Germany,Berlin,0,1,/catalog/apparel,0,/catalog/apparel,82683,,
8000002773,9000000000001701,1,1738032060,2,2,(none),(direct),mobile,Safari,Germany,Berlin,0,1,/catalog/electronics,0,/product/featured-item,65591,,
8000002293,9000000000001702,1,1736106540,7,19,organic,search-engine,desktop,Chrome,France,Ile-de-France,0,1,/catalog/accessories,0,/checkout,48123,,
8000002741,9000000000001703,1,1736842320,2,8,referral,partner.example,mobile,Chrome,Spain,Madrid,0,2,/catalog/electronics,0,/product/featured-item,17930,,
8000002468,9000000000001704,1,1738319760,5,10,cpc,paid-media,mobile,Chrome,Germany,Berlin,0,1,/catalog/accessories,0,/checkout,48728,/basket,59417
8000002855,9000000000001705,0,1736248080,2,11,organic,search-engine,desktop,Edge,Portugal,Lisbon,0,1,/catalog/electronics,0,,,,
8000000040,9000000000001706,1,1736545140,5,21,referral,partner.example,desktop,Safari,United Kingdom,England,0,1,/home,0,,,,
8000002540,9000000000001707,1,1737805860,6,11,referral,partner.example,mobile,Chrome,France,Ile-de-France,0,2,/product/featured-item,0,/catalog/electronics,3339,,
8000003316,9000000000001708,0,1735982880,6,9,organic,search-engine,desktop,Edge,Spain,Madrid,0,1,/catalog/electronics,0,/catalog/apparel,49805,/catalog/accessories,151898
8000002921,9000000000001709,1,1736653200,7,3,referral,partner.example,mobile,Chrome,United Kingdom,England,0,1,/home,0,,,,
8000003360,9000000000001710,0,1736155500,1,9,email,newsletter,mobile,Chrome,Germany,Berlin,0,1,/catalog/apparel,0,/catalog/accessories,78704,,
8000002261,9000000000001711,0,1737014580,4,8,email,newsletter,mobile,Safari,Portugal,Lisbon,0,1,/catalog/accessories,0,/catalog/apparel,45190,,
8000003134,9000000000001712,1,1737902520,7,14,cpc,paid-media,desktop,Edge,France,Ile-de-France,0,1,/catalog/accessories,0,/catalog/accessories,80454,/catalog/accessories,142990
8000003223,9000000000001713,1,1736840580,2,7,cpc,paid-media,mobile,Safari,France,Ile-de-France,0,1,/home,0,,,,
8000001809,9000000000001714,1,1736089680,7,15,organic,search-engine,desktop,Firefox,Portugal,Lisbon,0,2,/catalog/electronics,0,,,,
8000002178,9000000000001715,1,1738210920,4,4,referral,partner.example,desktop,Chrome,Portugal,Lisbon,0,2,/product/featured-item,0,/product/featured-item,26341,/catalog/electronics,144820
8000003468,9000000000001716,1,1736964840,3,18,cpc,paid-media,mobile,Safari,Germany,Berlin,0,2,/catalog/apparel,0,/basket,53698,/product/featured-item,145515
8000002274,9000000000001717,1,1737719340,5,11,email,newsletter,tablet,Edge,Germany,Berlin,0,3,/catalog/apparel,0,/catalog/electronics,51446,/basket,142993
8000001386,9000000000001718,0,1736508420,5,11,(none),(direct),tablet,Edge,Germany,Berlin,0,1,/catalog/electronics,0,/checkout,71338,/checkout,129861
8000002752,9000000000001719,1,1735808340,4,8,email,newsletter,desktop,Chrome,United Kingdom,England,0,1,/catalog/accessories,0,,,,
8000003185,9000000000001720,1,1736614860,6,17,email,newsletter,desktop,Safari,Portugal,Lisbon,0,1,/product/featured-item,0,,,,
8000001713,9000000000001721,0,1736019120,6,19,email,newsletter,mobile,Edge,Germany,Berlin,0,1,/catalog/electronics,0,/catalog/electronics,88014,,
8000002049,9000000000001722,0,1738030680,2,2,cpc,paid-media,desktop,Firefox,France,Ile-de-France,0,1,/catalog/apparel,0,/catalog/accessories,5620,/catalog/accessories,39239
8000001954,9000000000001723,1,1736515560,5,13,cpc,paid-media,mobile,Chrome,Spain,Madrid,0,2,/catalog/electronics,0,/catalog/accessories,86340,/catalog/electronics,107637
8000003401,9000000000001724,1,1737148380,5,21,cpc,paid-media,desktop,Firefox,Portugal,Lisbon,0,1,/product/featured-item,0,,,,
8000001524,9000000000001725,1,1736137920,1,4,email,newsletter,desktop,Chrome,United Kingdom,England,0,1,/catalog/apparel,0,/basket,15574,/product/featured-item,127090
8000000767,9000000000001726,0,1735805940,4,8,referral,partner.example,mobile,Firefox,United Kingdom,England,0,1,/catalog/electronics,0,,,,
8000001101,9000000000001727,0,1737637800,4,13,organic,search-engine,desktop,Edge,United Kingdom,England,0,2,/home,0,/catalog/apparel,12536,/catalog/accessories,66972
8000001403,9000000000001728,1,1735731960,3,11,organic,search-engine,desktop,Safari,Spain,Madrid,0,2,/catalog/electronics,0,/product/featured-item,38655,,
8000000655,9000000000001729,1,1737904140,7,15,email,newsletter,mobile,Safari,Germany,Berlin,0,3,/home,0,,,,
8000003037,9000000000001730,1,1737253380,7,2,email,newsletter,desktop,Firefox,Spain,Madrid,0,1,/product/featured-item,0,,,,
8000000897,9000000000001731,1,1738067400,2,12,referral,partner.example,desktop,Chrome,Spain,Madrid,0,1,/product/featured-item,0,,,,
8000000483,9000000000001732,1,1737213720,6,15,referral,partner.example,desktop,Edge,Portugal,Lisbon,0,1,/catalog/accessories,0,/basket,58419,,
8000003376,9000000000001733,1,1736364480,3,19,cpc,paid-media,mobile,Edge,United Kingdom,England,0,1,/product/featured-item,0,,,,
8000001531,9000000000001734,0,1735781580,4,1,cpc,paid-media,mobile,Edge,United Kingdom,England,0,2,/catalog/accessories,0,,,,
8000003087,9000000000001735,1,1737312720,7,18,organic,search-engine,desktop,Safari,United Kingdom,England,0,1,/home,0,/checkout,24512,,
8000001522,9000000000001736,0,1736866440,2,14,referral,partner.example,mobile,Firefox,France,Ile-de-France,0,3,/catalog/apparel,0,/basket,24721,,
8000000845,9000000000001737,0,1736371080,3,21,organic,search-engine,tablet,Chrome,Spain,Madrid,0,1,/catalog/apparel,0,/catalog/apparel,45435,/product/featured-item,92530
8000001383,9000000000001738,1,1736805060,1,21,email,newsletter,mobile,Safari,Portugal,Lisbon,0,1,/catalog/apparel,0,/product/featured-item,75434,,
8000000790,9000000000001739,1,1736327400,3,9,email,newsletter,mobile,Chrome,Germany,Berlin,0,1,/product/featured-item,0,,,,
8000002643,9000000000001740,0,1736595900,6,11,organic,search-engine,desktop,Chrome,France,Ile-de-France,0,1,/catalog/accessories,0,,,,
8000003078,9000000000001741,0,1738042740,2,5,cpc,paid-media,desktop,Edge,United Kingdom,England,0,1,/catalog/electronics,0,/catalog/accessories,33814,,
8000001884,9000000000001742,1,1736904540,3,1,(none),(direct),desktop,Safari,Spain,Madrid,0,3,/catalog/accessories,0,/catalog/apparel,37153,/checkout,123159
8000002549,9000000000001743,0,1736074080,7,10,(none),(direct),desktop,Firefox,Germany,Berlin,0,1,/catalog/apparel,0,/checkout,54531,/basket,73322
8000002736,9000000000001744,1,1737689820,5,3,cpc,paid-media,desktop,Edge,Portugal,Lisbon,0,1,/catalog/apparel,0,,,,
8000000109,9000000000001745,1,1735707300,3,4,(none),(direct),mobile,Chrome,United Kingdom,England,0,1,/home,0,,,,
8000000258,9000000000001746,1,1737080880,5,2,referral,partner.example,mobile,Chrome,France,Ile-de-France,0,1,/catalog/electronics,0,/catalog/apparel,85866,/catalog/electronics,101637
8000001988,9000000000001747,1,1738014600,1,21,cpc,paid-media,mobile,Safari,France,Ile-de-France,0,1,/catalog/accessories,0,/catalog/accessories,22096,/product/featured-item,36341
8000002574,9000000000001748,0,1738345380,5,17,email,newsletter,mobile,Chrome,United Kingdom,England,0,1,/product/featured-item,0,,,,
8000001979,9000000000001749,1,1737626700,4,10,organic,search-engine,desktop,Safari,Germany,Berlin,0,2,/product/featured-item,0,,,,
8000002415,9000000000001750,1,1737884460,7,9,cpc,paid-media,desktop,Edge,France,Ile-de-France,0,1,/catalog/accessories,0,,,,
8000001775,9000000000001751,1,1736770680,1,12,organic,search-engine,mobile,Safari,France,Ile-de-France,0,2,/product/featured-item,0,,,,
8000000704,9000000000001752,1,1736950380,3,14,cpc,paid-media,mobile,Safari,Germany,Berlin,0,1,/catalog/apparel,0,/catalog/accessories,65210,/checkout,83637
8000003196,9000000000001753,1,1738196880,4,0,email,newsletter,mobile,Safari,Portugal,Lisbon,0,1,/catalog/accessories,0,,,,
8000000036,9000000000001754,1,1736107500,7,20,(none),(direct),desktop,Safari,Germany,Berlin,0,1,/home,0,/catalog/electronics,79199,/checkout,180876
8000003487,9000000000001755,1,1736356200,3,17,referral,partner.example,desktop,Edge,France,Ile-de-France,0,1,/catalog/electronics,0,/basket,3762,,
8000000163,9000000000001756,0,1736217960,2,2,cpc,paid-media,desktop,Chrome,France,Ile-de-France,0,3,/catalog/accessories,0,,,,
8000001763,9000000000001757,1,1736453220,4,20,referral,partner.example,desktop,Chrome,France,Ile-de-France,0,1,/home,0,,,,
8000002355,9000000000001758,0,1736553120,5,23,referral,partner.example,desktop,Safari,Spain,Madrid,0,1,/home,0,/catalog/accessories,14274,/product/featured-item,27656
8000002847,9000000000001759,1,1735873500,5,3,cpc,paid-media,tablet,Edge,United Kingdom,England,0,2,/home,0,/product/featured-item,38829,,
8000001942,9000000000001760,1,1737403680,1,20,referral,partner.example,desktop,Chrome,Spain,Madrid,0,1,/catalog/apparel,0,,,,
8000001897,9000000000001761,1,1736371680,3,21,referral,partner.example,desktop,Safari,Portugal,Lisbon,0,2,/home,0,/product/featured-item,16591,,
8000000051,9000000000001762,0,1738217640,4,6,(none),(direct),desktop,Chrome,Portugal,Lisbon,0,1,/catalog/accessories,0,,,,
8000003347,9000000000001763,0,1736820900,2,2,organic,search-engine,mobile,Chrome,Spain,Madrid,0,1,/catalog/apparel,0,/product/featured-item,64470,/basket,121549
8000003237,9000000000001764,0,1736676600,7,10,(none),(direct),desktop,Chrome,United Kingdom,England,0,1,/catalog/accessories,0,,,,
8000000410,9000000000001765,1,1737701280,5,6,(none),(direct),desktop,Safari,Portugal,Lisbon,0,1,/catalog/apparel,0,,,,
8000000169,9000000000001766,1,1736352900,3,16,email,newsletter,mobile,Firefox,Germany,Berlin,0,2,/product/featured-item,0,/catalog/electronics,37214,/basket,84479
8000003375,9000000000001767,1,1737218100,6,16,(none),(direct),desktop,Firefox,United Kingdom,England,0,2,/catalog/accessories,0,,,,
8000003053,9000000000001768,0,1736575860,6,6,cpc,paid-media,mobile,Firefox,Spain,Madrid,0,1,/home,0,/basket,69596,/basket,128464
8000000014,9000000000001769,0,1738031640,2,2,email,newsletter,desktop,Firefox,France,Ile-de-France,0,1,/catalog/electronics,0,,,,
8000002975,9000000000001770,1,1736784780,1,16,referral,partner.example,desktop,Edge,United Kingdom,England,0,1,/catalog/electronics,0,/catalog/apparel,71944,,
8000003467,9000000000001771,1,1738235820,4,11,cpc,paid-media,mobile,Chrome,France,Ile-de-France,0,1,/catalog/electronics,0,/basket,38150,,
8000000338,9000000000001772,1,1737821700,6,16,cpc,paid-media,mobile,Edge,France,Ile-de-France,0,1,/catalog/electronics,0,,,,
8000003093,9000000000001773,0,1736609040,6,15,cpc,paid-media,mobile,Chrome,Portugal,Lisbon,0,3,/catalog/apparel,0,/catalog/electronics,50859,,
8000001855,9000000000001774,0,1737558840,3,15,referral,partner.example,mobile,Edge,Portugal,Lisbon,0,1,/catalog/apparel,0,/basket,87172,/catalog/accessories,199437
8000001489,9000000000001775,1,1737309240,7,17,cpc,paid-media,desktop,Edge,Portugal,Lisbon,0,1,/catalog/apparel,0,/catalog/accessories,34197,/basket,63889
8000000092,9000000000001776,1,1737280320,7,9,cpc,paid-media,mobile,Chrome,Portugal,Lisbon,0,1,/product/featured-item,0,/catalog/accessories,64308,/catalog/electronics,141626
8000001852,9000000000001777,1,1737687420,5,2,(none),(direct),desktop,Safari,Spain,Madrid,0,1,/catalog/apparel,0,/catalog/electronics,8119,,
8000001248,9000000000001778,1,1738362420,5,22,referral,partner.example,mobile,Edge,United Kingdom,England,0,1,/catalog/accessories,0,,,,
8000003272,9000000000001779,1,1738197060,4,0,email,newsletter,mobile,Edge,France,Ile-de-France,0,2,/home,0,/catalog/accessories,9691,,
8000002233,9000000000001780,1,1737268200,7,6,cpc,paid-media,desktop,Chrome,Germany,Berlin,0,1,/product/featured-item,0,/catalog/apparel,23346,,
8000002382,9000000000001781,1,1736386800,4,1,(none),(direct),mobile,Safari,Portugal,Lisbon,0,1,/product/featured-item,0,,,,
8000000631,9000000000001782,1,1737335880,1,1,email,newsletter,tablet,Chrome,Spain,Madrid,0,1,/catalog/accessories,0,,,,
8000002502,9000000000001783,1,1736721420,7,22,referral,partner.example,desktop,Chrome,France,Ile-de-France,0,1,/catalog/apparel,0,/catalog/accessories,89145,,
8000001339,9000000000001784,0,1736878980,2,18,(none),(direct),mobile,Safari,Portugal,Lisbon,0,1,/catalog/accessories,0,/basket,5510,,
8000003357,9000000000001785,1,1737807480,6,12,cpc,paid-media,desktop,Firefox,France,Ile-de-France,0,1,/catalog/apparel,0,/basket,37593,,
8000003325,9000000000001786,1,1735903080,5,11,referral,partner.example,mobile,Firefox,Portugal,Lisbon,0,1,/home,0,/basket,2731,/basket,55372
8000001408,9000000000001787,0,1738226580,4,8,(none),(direct),mobile,Safari,Portugal,Lisbon,0,3,/product/featured-item,0,/checkout,78142,,
8000000382,9000000000001788,1,1736981580,3,22,organic,search-engine,desktop,Safari,Germany,Berlin,0,1,/catalog/accessories,0,,,,
8000000175,9000000000001789,1,1737444360,2,7,organic,search-engine,desktop,Chrome,United Kingdom,England,0,1,/catalog/electronics,0,,,,
8000000616,9000000000001790,0,1737768480,6,1,referral,partner.example,mobile,Firefox,Germany,Berlin,0,2,/home,0,/checkout,41209,,
8000002706,9000000000001791,0,1735765200,3,21,cpc,paid-media,desktop,Safari,United Kingdom,England,0,1,/catalog/electronics,0,,,,
8000002586,9000000000001792,0,1736773320,1,13,organic,search-engine,desktop,Safari,United Kingdom,England,0,2,/catalog/electronics,0,/basket,52446,,
8000001606,9000000000001793,0,1736210340,2,0,organic,search-engine,mobile,Edge,United Kingdom,England,0,1,/catalog/accessories,0,/catalog/apparel,85309,/catalog/accessories,186584
8000001150,9000000000001794,0,1736748600,1,6,referral,partner.example,desktop,Edge,United Kingdom,England,0,2,/home,0,/checkout,70409,/product/featured-item,161599
8000000732,9000000000001795,1,1735732620,3,11,email,newsletter,mobile,Chrome,Spain,Madrid,0,3,/catalog/apparel,0,/checkout,80206,,
8000000913,9000000000001796,1,1737492600,2,20,email,newsletter,desktop,Edge,Spain,Madrid,0,1,/catalog/electronics,0,/catalog/electronics,9706,,
8000000004,9000000000001797,1,1736208060,2,0,email,newsletter,desktop,Chrome,France,Ile-de-France,0,1,/catalog/electronics,0,/checkout,57694,/product/featured-item,93227
8000003235,9000000000001798,1,1737133500,5,17,email,newsletter,mobile,Safari,Spain,Madrid,0,1,/product/featured-item,0,,,,
8000001851,9000000000001799,1,1737649380,4,16,referral,partner.example,desktop,Safari,France,Ile-de-France,0,3,/catalog/apparel,0,,,,
8000001753,9000000000001800,1,1735840740,4,17,cpc,paid-media,desktop,Firefox,Germany,Berlin,0,1,/product/featured-item,0,/basket,78717,,
8000003345,9000000000001801,1,1737595080,4,1,referral,partner.example,desktop,Safari,Portugal,Lisbon,0,1,/catalog/electronics,0,,,,
8000002309,9000000000001802,1,1738127040,3,5,referral,partner.example,desktop,Firefox,Germany,Berlin,0,1,/product/featured-item,0,/product/featured-item,55501,,
8000002461,9000000000001803,1,1738274220,4,21,referral,partner.example,mobile,Firefox,United Kingdom,England,0,2,/catalog/electronics,0,,,,
8000001638,9000000000001804,1,1737875760,7,7,(none),(direct),desktop,Safari,Germany,Berlin,1,1,/catalog/accessories,0,/catalog/accessories,17914,/basket,52296
8000002491,9000000000001805,0,1736660880,7,5,organic,search-engine,desktop,Edge,United Kingdom,England,0,1,/home,0,/catalog/accessories,22284,,
8000000273,9000000000001806,1,1736828280,2,4,email,newsletter,desktop,Chrome,Germany,Berlin,0,3,/catalog/accessories,0,,,,
8000003036,9000000000001807,1,1738253580,4,16,referral,partner.example,mobile,Chrome,France,Ile-de-France,0,1,/product/featured-item,0,,,,
8000003325,9000000000001808,1,1737950220,1,3,cpc,paid-media,desktop,Edge,United Kingdom,England,0,1,/catalog/apparel,0,/catalog/apparel,86466,,
8000001216,9000000000001809,1,1735734240,3,12,email,newsletter,mobile,Chrome,Spain,Madrid,1,1,/catalog/accessories,0,/catalog/accessories,65501,/catalog/electronics,123419
8000002289,9000000000001810,1,1738129260,3,5,cpc,paid-media,desktop,Chrome,United Kingdom,England,0,1,/catalog/accessories,0,,,,
8000001648,9000000000001811,1,1737789120,6,7,referral,partner.example,mobile,Edge,Portugal,Lisbon,0,1,/catalog/electronics,0,/catalog/electronics,55541,/catalog/accessories,111154
8000000627,9000000000001812,1,1738251900,4,15,email,newsletter,mobile,Chrome,Portugal,Lisbon,0,1,/catalog/electronics,0,/catalog/electronics,23412,,
8000002706,9000000000001813,1,1738122300,3,3,email,newsletter,mobile,Firefox,Portugal,Lisbon,0,1,/catalog/electronics,0,/product/featured-item,24224,,
8000000353,9000000000001814,0,1737952920,1,4,referral,partner.example,tablet,Chrome,Spain,Madrid,0,1,/product/featured-item,0,,,,
8000001984,9000000000001815,1,1736449980,4,19,referral,partner.example,desktop,Edge,Spain,Madrid,0,1,/product/featured-item,0,/catalog/accessories,42699,,
8000000001,9000000000001816,0,1736754900,1,7,cpc,paid-media,desktop,Safari,Germany,Berlin,0,1,/home,0,,,,
8000000022,9000000000001817,0,1737539400,3,9,cpc,paid-media,desktop,Firefox,United Kingdom,England,0,1,/catalog/apparel,0,/product/featured-item,75054,,
8000002693,9000000000001818,0,1736344140,3,13,(none),(direct),mobile,Chrome,Portugal,Lisbon,0,1,/product/featured-item,0,/product/featured-item,11617,/product/featured-item,86800
8000003040,9000000000001819,1,1736000400,6,14,organic,search-engine,desktop,Chrome,Germany,Berlin,0,3,/home,0,/checkout,49938,,
8000002649,9000000000001820,1,1737623760,4,9,cpc,paid-media,desktop,Firefox,France,Ile-de-France,0,1,/catalog/accessories,0,/catalog/accessories,42826,,
8000000076,9000000000001821,1,1736667300,7,7,(none),(direct),mobile,Edge,United Kingdom,England,0,2,/home,0,/catalog/apparel,29394,,
8000000978,9000000000001822,1,1737709680,5,9,email,newsletter,mobile,Chrome,United Kingdom,England,0,1,/catalog/accessories,0,/checkout,4757,,
8000000645,9000000000001823,0,1738080660,2,16,email,newsletter,desktop,Firefox,Germany,Berlin,0,2,/catalog/apparel,0,/product/featured-item,28702,,
8000000820,9000000000001824,0,1735907760,5,12,referral,partner.example,mobile,Edge,Germany,Berlin,0,1,/product/featured-item,0,/catalog/apparel,9002,,
8000002949,9000000000001825,1,1738069020,2,12,(none),(direct),desktop,Chrome,Portugal,Lisbon,0,1,/catalog/accessories,0,/catalog/apparel,80575,,
8000000911,9000000000001826,1,1735999680,6,14,organic,search-engine,desktop,Firefox,Spain,Madrid,0,1,/product/featured-item,0,,,,
8000000193,9000000000001827,1,1737037920,4,14,referral,partner.example,mobile,Safari,Spain,Madrid,1,1,/catalog/accessories,0,/catalog/apparel,61614,/basket,168303
8000000926,9000000000001828,1,1738051320,2,8,cpc,paid-media,mobile,Safari,Germany,Berlin,0,3,/catalog/apparel,0,/catalog/electronics,9432,/product/featured-item,124618
8000000328,9000000000001829,0,1737434640,2,4,organic,search-engine,desktop,Firefox,Portugal,Lisbon,0,1,/catalog/electronics,0,,,,
8000003293,9000000000001830,1,1737213240,6,15,cpc,paid-media,desktop,Chrome,Germany,Berlin,0,1,/catalog/electronics,0,/catalog/electronics,2363,,
8000000302,9000000000001831,1,1737791760,6,7,email,newsletter,desktop,Chrome,France,Ile-de-France,1,1,/home,0,/basket,52890,,
8000001612,9000000000001832,1,1736619540,6,18,organic,search-engine,desktop,Edge,Spain,Madrid,0,1,/home,0,/catalog/apparel,86026,/catalog/electronics,99524
8000002556,9000000000001833,1,1737832680,6,19,(none),(direct),desktop,Firefox,Spain,Madrid,0,1,/product/featured-item,0,/basket,33097,/catalog/electronics,118864
8000001075,9000000000001834,1,1737022440,4,10,referral,partner.example,mobile,Firefox,Germany,Berlin,0,1,/home,0,,,,
8000002354,9000000000001835,1,1738242600,4,13,referral,partner.example,tablet,Edge,Portugal,Lisbon,0,3,/catalog/accessories,0,/checkout,62747,,
8000001056,9000000000001836,0,1736764440,1,10,(none),(direct),tablet,Safari,Portugal,Lisbon,0,1,/home,0,/checkout,39396,,
8000002284,9000000000001837,0,1735753620,3,17,(none),(direct),desktop,Firefox,United Kingdom,England,0,2,/catalog/electronics,0,/catalog/electronics,39144,,
8000001664,9000000000001838,1,1736306520,3,3,referral,partner.example,mobile,Safari,France,Ile-de-France,0,3,/catalog/electronics,0,/product/featured-item,55398,,
8000000421,9000000000001839,1,1737341100,1,2,referral,partner.example,desktop,Firefox,Germany,Berlin,0,2,/home,0,/catalog/apparel,55228,/catalog/electronics,59329
8000001500,9000000000001840,1,1737671280,4,22,email,newsletter,desktop,Safari,France,Ile-de-France,0,1,/home,0,,,,
8000001734,9000000000001841,1,1737644040,4,14,organic,search-engine,desktop,Chrome,Portugal,Lisbon,0,1,/product/featured-item,0,/product/featured-item,25493,,
8000001337,9000000000001842,0,1736899080,2,23,cpc,paid-media,mobile,Firefox,Portugal,Lisbon,0,1,/catalog/accessories,0,,,,
8000002845,9000000000001843,1,1737528000,3,6,(none),(direct),desktop,Firefox,Germany,Berlin,0,2,/catalog/electronics,0,/checkout,71667,/checkout,125815
8000002379,9000000000001844,1,1736534220,5,18,cpc,paid-media,desktop,Edge,Portugal,Lisbon,0,1,/home,0,/catalog/accessories,66867,,
8000001533,9000000000001845,0,1737532620,3,7,organic,search-engine,mobile,Chrome,Spain,Madrid,0,1,/catalog/apparel,0,,,,
8000000025,9000000000001846,1,1738215540,4,5,organic,search-engine,mobile,Edge,Spain,Madrid,0,1,/catalog/apparel,0,/catalog/electronics,20829,/catalog/electronics,113295
8000000862,9000000000001847,0,1737913320,7,17,cpc,paid-media,desktop,Edge,Portugal,Lisbon,0,1,/product/featured-item,0,/basket,23478,,
8000002674,9000000000001848,1,1736424240,4,12,email,newsletter,desktop,Safari,Germany,Berlin,0,2,/catalog/accessories,0,,,,
8000002670,9000000000001849,1,1736242800,2,9,organic,search-engine,desktop,Safari,Spain,Madrid,0,1,/catalog/accessories,0,/catalog/apparel,82851,/catalog/accessories,109610
8000000567,9000000000001850,0,1736524860,5,16,email,newsletter,desktop,Chrome,Portugal,Lisbon,1,1,/catalog/accessories,0,/basket,65343,/checkout,110780
8000002827,9000000000001851,1,1737034740,4,13,referral,partner.example,mobile,Chrome,Portugal,Lisbon,0,1,/catalog/apparel,0,,,,
8000000510,9000000000001852,1,1735805400,4,8,organic,search-engine,mobile,Safari,Germany,Berlin,0,1,/catalog/electronics,0,,,,
8000002562,9000000000001853,1,1736281560,2,20,referral,partner.example,desktop,Chrome,Germany,Berlin,0,3,/catalog/electronics,0,/catalog/accessories,68352,,
8000001224,9000000000001854,1,1737569700,3,18,organic,search-engine,mobile,Safari,Germany,Berlin,0,1,/catalog/accessories,0,/basket,6528,/catalog/electronics,52444
8000000555,9000000000001855,1,1738167540,3,16,email,newsletter,desktop,Chrome,Portugal,Lisbon,0,1,/catalog/electronics,0,,,,
8000001107,9000000000001856,0,1735762320,3,20,cpc,paid-media,desktop,Safari,France,Ile-de-France,0,1,/home,0,/product/featured-item,2317,/catalog/electronics,114660
8000001004,9000000000001857,0,1737281460,7,10,referral,partner.example,mobile,Firefox,France,Ile-de-France,0,3,/home,0,,,,
8000001159,9000000000001858,0,1737945360,1,2,cpc,paid-media,desktop,Edge,United Kingdom,England,0,2,/product/featured-item,0,/basket,78949,/checkout,172566
8000002901,9000000000001859,0,1736781900,1,15,(none),(direct),mobile,Firefox,France,Ile-de-France,0,1,/catalog/accessories,0,/checkout,83293,,
8000002447,9000000000001860,1,1738292040,5,2,referral,partner.example,desktop,Safari,Germany,Berlin,0,2,/product/featured-item,0,,,,
8000001054,9000000000001861,0,1737187740,6,8,organic,search-engine,desktop,Chrome,Spain,Madrid,0,1,/home,0,,,,
8000001350,9000000000001862,0,1738111440,3,0,email,newsletter,mobile,Safari,France,Ile-de-France,0,1,/catalog/apparel,0,/catalog/apparel,61038,/catalog/accessories,120308
8000003345,9000000000001863,0,1738015740,1,22,(none),(direct),mobile,Safari,France,Ile-de-France,0,1,/catalog/electronics,0,,,,
8000003058,9000000000001864,0,1737671460,4,22,cpc,paid-media,desktop,Safari,United Kingdom,England,0,1,/product/featured-item,0,,,,
8000002634,9000000000001865,1,1737836700,6,20,cpc,paid-media,desktop,Chrome,United Kingdom,England,0,1,/home,0,,,,
8000002996,9000000000001866,0,1736475720,5,2,email,newsletter,mobile,Firefox,France,Ile-de-France,0,1,/catalog/accessories,0,/product/featured-item,72317,,
8000002111,9000000000001867,0,1737374040,1,11,cpc,paid-media,mobile,Safari,United Kingdom,England,0,4,/product/featured-item,0,,,,
8000001822,9000000000001868,1,1736295780,3,0,referral,partner.example,desktop,Chrome,Portugal,Lisbon,0,1,/catalog/accessories,0,/basket,52356,/catalog/electronics,106886
8000001306,9000000000001869,1,1737457560,2,11,(none),(direct),desktop,Firefox,France,Ile-de-France,0,2,/catalog/accessories,0,/checkout,44267,,
8000000410,9000000000001870,1,1736366460,3,20,email,newsletter,desktop,Safari,France,Ile-de-France,0,1,/home,0,/catalog/apparel,56385,/basket,164337
8000001464,9000000000001871,0,1735969920,6,5,cpc,paid-media,desktop,Edge,France,Ile-de-France,0,3,/home,0,/catalog/accessories,36080,/product/featured-item,47086
8000000589,9000000000001872,0,1736482740,5,4,referral,partner.example,desktop,Firefox,United Kingdom,England,0,2,/home,0,,,,
8000002991,9000000000001873,1,1735939380,5,21,cpc,paid-media,desktop,Safari,Spain,Madrid,0,1,/catalog/electronics,0,/catalog/apparel,37098,,
8000000249,9000000000001874,0,1736371260,3,21,organic,search-engine,mobile,Safari,France,Ile-de-France,0,1,/product/featured-item,0,,,,
8000003183,9000000000001875,1,1736782620,1,15,organic,search-engine,desktop,Edge,United Kingdom,England,0,1,/catalog/accessories,0,/product/featured-item,64341,,
8000001379,9000000000001876,1,1736290620,2,22,(none),(direct),desktop,Edge,Spain,Madrid,0,2,/catalog/electronics,0,/basket,7536,/catalog/accessories,70358
8000001226,9000000000001877,1,1737692760,5,4,organic,search-engine,mobile,Chrome,Germany,Berlin,0,2,/product/featured-item,0,,,,
8000003394,9000000000001878,0,1738158720,3,13,(none),(direct),desktop,Chrome,Germany,Berlin,0,2,/home,0,/checkout,87285,,
8000001450,9000000000001879,1,1737775380,6,3,(none),(direct),tablet,Firefox,Spain,Madrid,0,1,/catalog/apparel,0,/catalog/electronics,63426,,
8000000395,9000000000001880,1,1737905400,7,15,cpc,paid-media,mobile,Edge,Germany,Berlin,0,2,/product/featured-item,0,/product/featured-item,16900,/checkout,104923
8000002956,9000000000001881,1,1736314680,3,5,referral,partner.example,desktop,Edge,United Kingdom,England,0,1,/catalog/accessories,0,,,,
8000000435,9000000000001882,1,1737933060,7,23,cpc,paid-media,desktop,Firefox,Spain,Madrid,0,1,/catalog/electronics,0,/product/featured-item,51380,/product/featured-item,147284
8000003436,9000000000001883,1,1737579240,3,20,email,newsletter,mobile,Chrome,Spain,Madrid,0,1,/product/featured-item,0,/product/featured-item,25828,/catalog/accessories,138377
8000003270,9000000000001884,1,1736044740,7,2,cpc,paid-media,desktop,Edge,Spain,Madrid,0,1,/product/featured-item,0,/catalog/accessories,46549,,
8000003425,9000000000001885,0,1735781580,4,1,cpc,paid-media,mobile,Chrome,Spain,Madrid,0,4,/catalog/apparel,0,/checkout,83877,/basket,151752
8000000934,9000000000001886,1,1737543660,3,11,(none),(direct),desktop,Chrome,Germany,Berlin,0,1,/product/featured-item,0,/catalog/electronics,84272,,
8000001150,9000000000001887,1,1737522000,3,5,cpc,paid-media,mobile,Chrome,France,Ile-de-France,0,2,/catalog/apparel,0,/product/featured-item,79771,/product/featured-item,150561
8000001896,9000000000001888,0,1737711420,5,9,organic,search-engine,desktop,Edge,Portugal,Lisbon,0,1,/product/featured-item,0,/basket,68837,/checkout,150597
8000000861,9000000000001889,1,1737677400,5,0,email,newsletter,mobile,Safari,Germany,Berlin,0,1,/home,0,/basket,64781,/catalog/electronics,119025
8000000739,9000000000001890,0,1736139840,1,5,(none),(direct),desktop,Chrome,France,Ile-de-France,0,1,/product/featured-item,0,,,,
8000002651,9000000000001891,1,1737813000,6,13,(none),(direct),mobile,Edge,Portugal,Lisbon,0,1,/product/featured-item,0,/catalog/accessories,66022,,
8000000151,9000000000001892,1,1736155200,1,9,organic,search-engine,desktop,Safari,Spain,Madrid,0,1,/product/featured-item,0,/catalog/accessories,74519,,
8000002715,9000000000001893,1,1737406560,1,20,email,newsletter,mobile,Edge,Germany,Berlin,0,1,/catalog/electronics,0,,,,
8000002094,9000000000001894,1,1738104660,2,22,cpc,paid-media,mobile,Edge,Spain,Madrid,0,1,/catalog/electronics,0,,,,
8000001812,9000000000001895,1,1736618040,6,17,organic,search-engine,mobile,Chrome,Spain,Madrid,0,1,/home,0,/catalog/electronics,43719,/catalog/accessories,103387
8000002150,9000000000001896,1,1737570900,3,18,(none),(direct),mobile,Safari,Spain,Madrid,0,1,/home,0,/checkout,42786,,
8000001276,9000000000001897,0,1735940820,5,21,email,newsletter,mobile,Safari,Portugal,Lisbon,0,4,/catalog/accessories,0,,,,
8000003486,9000000000001898,1,1735883100,5,5,referral,partner.example,desktop,Chrome,Germany,Berlin,0,1,/catalog/electronics,0,/checkout,71968,,
8000001845,9000000000001899,1,1738119300,3,2,cpc,paid-media,desktop,Firefox,Spain,Madrid,0,1,/catalog/electronics,0,/catalog/electronics,48813,,
8000002354,9000000000001900,0,1736843460,2,8,organic,search-engine,mobile,Firefox,Spain,Madrid,0,2,/home,0,,,,
8000001770,9000000000001901,1,1736546520,5,22,referral,partner.example,mobile,Edge,Germany,Berlin,0,1,/catalog/apparel,0,/product/featured-item,17600,,
8000002464,9000000000001902,1,1738321620,5,11,referral,partner.example,mobile,Safari,Spain,Madrid,0,1,/home,0,/product/featured-item,29312,,
8000001358,9000000000001903,1,1737888480,7,10,email,newsletter,mobile,Safari,France,Ile-de-France,0,1,/catalog/electronics,0,,,,
8000003017,9000000000001904,1,1737155640,5,23,organic,search-engine,desktop,Edge,France,Ile-de-France,1,2,/catalog/accessories,0,/basket,63153,/basket,92324
8000001593,9000000000001905,1,1736384340,4,0,organic,search-engine,desktop,Chrome,United Kingdom,England,0,1,/catalog/electronics,0,/catalog/electronics,65839,,
8000000013,9000000000001906,0,1737013440,4,7,organic,search-engine,mobile,Chrome,Spain,Madrid,0,1,/catalog/accessories,0,/checkout,86610,/checkout,197940
8000003432,9000000000001907,1,1736764860,1,10,cpc,paid-media,desktop,Edge,Portugal,Lisbon,0,2,/catalog/accessories,0,,,,
8000000106,9000000000001908,0,1736194680,1,20,(none),(direct),mobile,Chrome,Spain,Madrid,0,2,/catalog/electronics,0,/catalog/electronics,28382,,
8000003493,9000000000001909,1,1738184220,3,20,email,newsletter,tablet,Safari,Portugal,Lisbon,0,1,/catalog/electronics,0,/checkout,26532,,
8000001883,9000000000001910,1,1736173680,1,14,(none),(direct),mobile,Chrome,Germany,Berlin,0,1,/catalog/apparel,0,/catalog/apparel,33524,/product/featured-item,71946
8000000548,9000000000001911,0,1738363620,5,22,referral,partner.example,desktop,Safari,United Kingdom,England,0,2,/catalog/electronics,0,/catalog/apparel,59372,,
8000001467,9000000000001912,1,1738116480,3,2,organic,search-engine,desktop,Chrome,Germany,Berlin,0,1,/catalog/apparel,0,/catalog/electronics,54901,/product/featured-item,72668
8000001005,9000000000001913,1,1737067620,4,22,organic,search-engine,desktop,Edge,Germany,Berlin,0,2,/home,0,,,,
8000002252,9000000000001914,0,1737198480,6,11,referral,partner.example,desktop,Edge,Spain,Madrid,0,2,/catalog/accessories,0,/catalog/apparel,48753,,
8000001459,9000000000001915,0,1737980640,1,12,referral,partner.example,mobile,Chrome,Germany,Berlin,0,1,/home,0,,,,
8000000108,9000000000001916,1,1736540220,5,20,(none),(direct),desktop,Safari,Spain,Madrid,0,2,/catalog/accessories,0,,,,
8000003193,9000000000001917,1,1736824200,2,3,email,newsletter,mobile,Edge,Germany,Berlin,0,2,/catalog/apparel,0,/catalog/accessories,77060,,
8000000271,9000000000001918,1,1736683200,7,12,email,newsletter,desktop,Edge,Portugal,Lisbon,0,1,/catalog/electronics,0,/product/featured-item,14162,/catalog/electronics,31164
8000002416,9000000000001919,1,1736935320,3,10,referral,partner.example,desktop,Safari,Portugal,Lisbon,0,1,/product/featured-item,0,/basket,87279,/catalog/electronics,146353
8000003295,9000000000001920,0,1737160080,6,0,(none),(direct),desktop,Chrome,Portugal,Lisbon,0,1,/product/featured-item,0,,,,
8000000346,9000000000001921,0,1736965860,3,18,organic,search-engine,mobile,Chrome,France,Ile-de-France,0,1,/product/featured-item,0,/product/featured-item,15616,,
8000000318,9000000000001922,1,1737847500,6,23,cpc,paid-media,desktop,Firefox,United Kingdom,England,0,1,/catalog/electronics,0,,,,
8000003437,9000000000001923,0,1735897500,5,9,cpc,paid-media,mobile,Chrome,Portugal,Lisbon,0,1,/catalog/accessories,0,/product/featured-item,34032,,
8000000735,9000000000001924,1,1736460960,4,22,organic,search-engine,desktop,Firefox,Portugal,Lisbon,0,3,/home,0,/catalog/apparel,45940,/checkout,132747
8000002766,9000000000001925,1,1736973180,3,20,referral,partner.example,desktop,Firefox,Portugal,Lisbon,0,2,/product/featured-item,0,/catalog/accessories,15513,/basket,58805
8000000581,9000000000001926,1,1735764660,3,20,organic,search-engine,tablet,Chrome,Germany,Berlin,0,1,/catalog/accessories,0,/catalog/accessories,19784,/checkout,133572
8000000951,9000000000001927,1,1737998160,1,17,referral,partner.example,desktop,Chrome,Spain,Madrid,0,2,/home,0,/product/featured-item,88934,/catalog/accessories,187817
8000003106,9000000000001928,0,1736506440,5,10,email,newsletter,desktop,Chrome,Spain,Madrid,0,2,/catalog/apparel,0,/catalog/apparel,69767,/catalog/electronics,121421
8000000997,9000000000001929,1,1738039860,2,4,email,newsletter,desktop,Safari,Germany,Berlin,0,1,/catalog/accessories,0,,,,
8000003165,9000000000001930,1,1736861160,2,13,(none),(direct),desktop,Chrome,Portugal,Lisbon,0,2,/product/featured-item,0,/basket,37077,,
8000001461,9000000000001931,1,1736662860,7,6,cpc,paid-media,mobile,Firefox,Germany,Berlin,0,1,/catalog/electronics,0,,,,
8000003402,9000000000001932,1,1736602020,6,13,email,newsletter,desktop,Firefox,Portugal,Lisbon,0,1,/home,0,/catalog/accessories,54990,,
8000001096,9000000000001933,1,1737608160,4,4,cpc,paid-media,tablet,Edge,France,Ile-de-France,0,1,/home,0,,,,
8000001092,9000000000001934,1,1737548400,3,12,email,newsletter,desktop,Edge,Germany,Berlin,0,2,/catalog/accessories,0,,,,
8000003133,9000000000001935,1,1737238080,6,22,cpc,paid-media,mobile,Firefox,Spain,Madrid,0,2,/catalog/apparel,0,/basket,55440,,
8000001187,9000000000001936,1,1736486040,5,5,cpc,paid-media,desktop,Edge,United Kingdom,England,0,3,/product/featured-item,0,/catalog/apparel,61987,/catalog/accessories,177156
8000000920,9000000000001937,1,1736963520,3,17,email,newsletter,desktop,Edge,France,Ile-de-France,0,2,/catalog/electronics,0,/catalog/electronics,89655,,
8000002994,9000000000001938,0,1737806640,6,12,referral,partner.example,desktop,Chrome,Germany,Berlin,0,1,/catalog/accessories,0,/catalog/accessories,73614,,
8000000920,9000000000001939,1,1738339080,5,15,(none),(direct),desktop,Edge,Germany,Berlin,0,1,/catalog/apparel,0,,,,
8000000095,9000000000001940,1,1737644280,4,14,referral,partner.example,desktop,Edge,Germany,Berlin,0,3,/home,0,/checkout,37896,/catalog/accessories,110190
8000002278,9000000000001941,0,1736239800,2,8,cpc,paid-media,mobile,Firefox,United Kingdom,England,0,2,/catalog/electronics,0,/catalog/accessories,54197,,
8000001626,9000000000001942,1,1736412840,4,8,email,newsletter,mobile,Edge,Spain,Madrid,0,2,/catalog/accessories,0,,,,
8000001411,9000000000001943,0,1737283920,7,10,referral,partner.example,mobile,Chrome,Spain,Madrid,0,1,/product/featured-item,0,/product/featured-item,79153,/checkout,163808
8000001075,9000000000001944,1,1737677760,5,0,organic,search-engine,tablet,Chrome,Portugal,Lisbon,0,1,/catalog/electronics,0,/product/featured-item,40290,,
8000002754,9000000000001945,1,1735790160,4,3,cpc,paid-media,mobile,Chrome,United Kingdom,England,1,1,/catalog/apparel,0,/catalog/electronics,53069,/catalog/accessories,69150
8000002326,9000000000001946,1,1738055280,2,9,email,newsletter,mobile,Firefox,Portugal,Lisbon,0,4,/catalog/apparel,0,,,,
8000001951,9000000000001947,0,1738307940,5,7,cpc,paid-media,mobile,Firefox,Spain,Madrid,0,1,/product/featured-item,0,,,,
8000002235,9000000000001948,1,1736732760,1,1,organic,search-engine,mobile,Chrome,Portugal,Lisbon,0,4,/product/featured-item,0,,,,
8000000374,9000000000001949,1,1736097480,7,17,cpc,paid-media,desktop,Firefox,France,Ile-de-France,0,1,/catalog/apparel,0,/checkout,5265,,
8000000159,9000000000001950,1,1736281440,2,20,(none),(direct),mobile,Chrome,Germany,Berlin,0,2,/home,0,,,,
8000002543,9000000000001951,1,1738057620,2,9,organic,search-engine,desktop,Chrome,Spain,Madrid,0,1,/catalog/apparel,0,/catalog/accessories,36227,/product/featured-item,154639
8000000306,9000000000001952,0,1737362580,1,8,organic,search-engine,mobile,Chrome,United Kingdom,England,0,1,/product/featured-item,0,,,,
8000001566,9000000000001953,1,1735920600,5,16,organic,search-engine,desktop,Safari,Germany,Berlin,0,2,/home,0,/checkout,17205,,
8000002388,9000000000001954,1,1736906340,3,1,organic,search-engine,tablet,Chrome,France,Ile-de-France,0,1,/home,0,,,,
8000000543,9000000000001955,1,1737787860,6,6,cpc,paid-media,mobile,Edge,France,Ile-de-France,0,1,/product/featured-item,0,/product/featured-item,81635,,
8000001510,9000000000001956,1,1737619680,4,8,cpc,paid-media,desktop,Chrome,Germany,Berlin,1,1,/catalog/electronics,0,/catalog/apparel,85512,/catalog/accessories,152958
8000000501,9000000000001957,1,1737960780,1,6,email,newsletter,desktop,Firefox,Spain,Madrid,0,1,/home,0,/catalog/electronics,33125,,
8000001684,9000000000001958,1,1738036320,2,3,cpc,paid-media,tablet,Firefox,Spain,Madrid,0,1,/catalog/electronics,0,/product/featured-item,46188,,
8000003030,9000000000001959,1,1736915940,3,4,organic,search-engine,desktop,Firefox,France,Ile-de-France,0,1,/catalog/accessories,0,/checkout,63150,,
8000001745,9000000000001960,0,1737224820,6,18,(none),(direct),desktop,Chrome,United Kingdom,England,0,1,/product/featured-item,0,,,,
8000002576,9000000000001961,0,1737029400,4,12,cpc,paid-media,desktop,Safari,Germany,Berlin,0,1,/home,0,/catalog/electronics,21089,,
8000001867,9000000000001962,1,1736303220,3,2,cpc,paid-media,desktop,Firefox,France,Ile-de-France,0,1,/catalog/apparel,0,/catalog/apparel,88944,/catalog/accessories,96558
8000000021,9000000000001963,0,1737176220,6,4,(none),(direct),mobile,Edge,Germany,Berlin,0,2,/home,0,,,,
8000000022,9000000000001964,1,1735703040,3,3,cpc,paid-media,desktop,Safari,United Kingdom,England,0,1,/catalog/electronics,0,/catalog/electronics,15145,,
8000000691,9000000000001965,1,1736445240,4,17,(none),(direct),mobile,Safari,Portugal,Lisbon,0,1,/product/featured-item,0,/checkout,21409,/catalog/electronics,47130
8000001138,9000000000001966,1,1737541800,3,10,email,newsletter,mobile,Chrome,United Kingdom,England,0,2,/product/featured-item,0,/basket,2168,,
8000001098,9000000000001967,1,1737468360,2,14,(none),(direct),mobile,Firefox,Spain,Madrid,0,1,/catalog/electronics,0,/catalog/apparel,47485,,
8000000597,9000000000001968,1,1736337300,3,11,(none),(direct),mobile,Firefox,Portugal,Lisbon,0,3,/product/featured-item,0,,,,
8000000168,9000000000001969,1,1738044120,2,6,cpc,paid-media,desktop,Firefox,Portugal,Lisbon,1,1,/home,0,/basket,41334,/catalog/accessories,56746
8000002512,9000000000001970,1,1736998680,4,3,referral,partner.example,mobile,Firefox,United Kingdom,England,0,1,/catalog/electronics,0,,,,
8000003277,9000000000001971,1,1737475320,2,16,email,newsletter,mobile,Safari,Spain,Madrid,0,2,/catalog/electronics,0,/catalog/accessories,81985,/checkout,113249
8000002291,9000000000001972,1,1738215900,4,5,organic,search-engine,mobile,Edge,Spain,Madrid,0,1,/catalog/apparel,0,/basket,14759,,
8000003367,9000000000001973,0,1737272280,7,7,(none),(direct),mobile,Edge,France,Ile-de-France,0,2,/product/featured-item,0,,,,
8000002344,9000000000001974,1,1736893080,2,22,organic,search-engine,desktop,Firefox,France,Ile-de-France,0,1,/catalog/apparel,0,/checkout,58351,/basket,134595
8000002130,9000000000001975,0,1738079280,2,15,(none),(direct),desktop,Firefox,Germany,Berlin,0,1,/home,0,/catalog/apparel,32609,/basket,93899
8000000340,9000000000001976,1,1737258780,7,3,email,newsletter,desktop,Safari,Germany,Berlin,1,1,/home,0,/catalog/accessories,79037,/checkout,198860
8000002098,9000000000001977,1,1736791980,1,18,referral,partner.example,desktop,Edge,Germany,Berlin,0,2,/catalog/electronics,0,/catalog/accessories,40765,,
8000000739,9000000000001978,1,1736960100,3,16,organic,search-engine,desktop,Chrome,Spain,Madrid,0,1,/catalog/electronics,0,/catalog/accessories,41515,,
8000002906,9000000000001979,1,1736185080,1,17,email,newsletter,desktop,Firefox,France,Ile-de-France,0,2,/product/featured-item,0,/product/featured-item,46307,,
8000000118,9000000000001980,1,1737200220,6,11,referral,partner.example,mobile,Firefox,United Kingdom,England,0,1,/catalog/apparel,0,,,,
8000003125,9000000000001981,1,1736526720,5,16,referral,partner.example,mobile,Safari,United Kingdom,England,0,3,/home,0,,,,
8000001320,9000000000001982,1,1738206300,4,3,(none),(direct),mobile,Safari,Spain,Madrid,0,3,/product/featured-item,0,/catalog/accessories,20326,/catalog/accessories,101637
8000002458,9000000000001983,1,1736046000,7,3,cpc,paid-media,desktop,Edge,Germany,Berlin,0,1,/catalog/apparel,0,/catalog/accessories,5465,,
8000000489,9000000000001984,1,1737101940,5,8,referral,partner.example,mobile,Chrome,Germany,Berlin,0,4,/home,0,/catalog/accessories,18541,/catalog/accessories,127942
8000003437,9000000000001985,1,1736596440,6,11,(none),(direct),desktop,Chrome,Portugal,Lisbon,0,1,/catalog/apparel,0,/catalog/electronics,14480,/catalog/electronics,104484
8000000867,9000000000001986,1,1737158880,6,0,(none),(direct),desktop,Firefox,United Kingdom,England,0,1,/catalog/electronics,0,/basket,26091,/catalog/accessories,120986
8000000599,9000000000001987,0,1736413920,4,9,email,newsletter,desktop,Firefox,France,Ile-de-France,0,3,/catalog/accessories,0,,,,
8000000011,9000000000001988,1,1737457080,2,10,(none),(direct),tablet,Safari,Spain,Madrid,0,1,/catalog/electronics,0,/catalog/electronics,30468,,
8000002667,9000000000001989,1,1738157100,3,13,cpc,paid-media,desktop,Edge,United Kingdom,England,0,2,/catalog/apparel,0,,,,
8000001819,9000000000001990,1,1735740120,3,14,organic,search-engine,mobile,Edge,France,Ile-de-France,0,1,/catalog/electronics,0,/basket,12522,,
8000002915,9000000000001991,0,1737372600,1,11,email,newsletter,desktop,Chrome,Spain,Madrid,0,1,/product/featured-item,0,,,,
8000000656,9000000000001992,1,1737867120,7,4,organic,search-engine,mobile,Safari,France,Ile-de-France,0,1,/home,0,/catalog/apparel,83913,/catalog/accessories,93760
8000001601,9000000000001993,1,1737570960,3,18,(none),(direct),mobile,Safari,Germany,Berlin,0,1,/catalog/electronics,0,/checkout,28803,,
8000000505,9000000000001994,1,1737809580,6,12,email,newsletter,mobile,Firefox,Portugal,Lisbon,0,1,/catalog/accessories,0,,,,
8000001697,9000000000001995,1,1736557260,6,1,cpc,paid-media,desktop,Chrome,France,Ile-de-France,0,1,/catalog/apparel,0,,,,
8000001858,9000000000001996,1,1737013320,4,7,referral,partner.example,mobile,Edge,United Kingdom,England,0,1,/product/featured-item,0,/checkout,11587,/catalog/electronics,40742
8000003488,9000000000001997,1,1737184200,6,7,cpc,paid-media,mobile,Firefox,Spain,Madrid,0,1,/product/featured-item,0,,,,
8000000827,9000000000001998,1,1737643560,4,14,cpc,paid-media,desktop,Safari,Portugal,Lisbon,0,1,/home,0,,,,
8000003191,9000000000001999,0,1736770080,1,12,organic,search-engine,mobile,Chrome,France,Ile-de-France,0,2,/catalog/electronics,0,/product/featured-item,30878,/catalog/electronics,147107
8000000750,9000000000002000,1,1736789220,1,17,email,newsletter,mobile,Firefox,Spain,Madrid,0,1,/catalog/accessories,0,,,,
8000003078,9000000000002001,1,1737207000,6,13,(none),(direct),desktop,Firefox,Germany,Berlin,0,1,/home,0,/product/featured-item,22937,,
8000000089,9000000000002002,1,1736896080,2,23,cpc,paid-media,mobile,Firefox,France,Ile-de-France,0,2,/catalog/apparel,0,/product/featured-item,56893,,
8000003353,9000000000002003,1,1738332660,5,14,organic,search-engine,mobile,Safari,Spain,Madrid,0,1,/catalog/apparel,0,,,,
8000003030,9000000000002004,0,1736946180,3,13,organic,search-engine,mobile,Safari,United Kingdom,England,0,1,/product/featured-item,0,,,,
8000000452,9000000000002005,0,1736873760,2,16,cpc,paid-media,mobile,Firefox,France,Ile-de-France,0,2,/catalog/electronics,0,,,,
8000002254,9000000000002006,1,1738316760,5,9,organic,search-engine,desktop,Safari,France,Ile-de-France,0,1,/product/featured-item,0,,,,
8000001194,9000000000002007,1,1738266840,4,19,organic,search-engine,desktop,Safari,Spain,Madrid,0,2,/catalog/apparel,0,/basket,61347,,
8000001822,9000000000002008,1,1738226220,4,8,referral,partner.example,mobile,Edge,United Kingdom,England,0,1,/catalog/electronics,0,,,,
8000000049,9000000000002009,0,1737244440,6,23,referral,partner.example,desktop,Edge,Spain,Madrid,0,1,/home,0,,,,
8000000276,9000000000002010,1,1736233440,2,7,referral,partner.example,desktop,Firefox,Portugal,Lisbon,0,1,/catalog/accessories,0,,,,
8000003168,9000000000002011,1,1737825300,6,17,referral,partner.example,desktop,Edge,Spain,Madrid,0,1,/home,0,/product/featured-item,68782,,
8000002857,9000000000002012,0,1736502900,5,9,cpc,paid-media,desktop,Edge,France,Ile-de-France,0,2,/product/featured-item,0,,,,
8000000546,9000000000002013,1,1735784040,4,2,(none),(direct),tablet,Firefox,Germany,Berlin,0,2,/home,0,/checkout,26614,,
8000002310,9000000000002014,1,1736535600,5,19,email,newsletter,desktop,Chrome,Portugal,Lisbon,0,1,/home,0,/catalog/electronics,71546,/catalog/accessories,167314
8000000888,9000000000002015,1,1737749700,5,20,(none),(direct),mobile,Edge,Portugal,Lisbon,0,2,/catalog/accessories,0,/checkout,33718,/product/featured-item,44090
8000000311,9000000000002016,1,1736529360,5,17,email,newsletter,desktop,Chrome,Portugal,Lisbon,0,1,/home,0,/checkout,48171,/product/featured-item,116452
8000000423,9000000000002017,1,1737275460,7,8,(none),(direct),mobile,Chrome,Germany,Berlin,0,3,/product/featured-item,0,/catalog/apparel,73947,,
8000000153,9000000000002018,1,1736298120,3,1,cpc,paid-media,mobile,Chrome,Portugal,Lisbon,0,1,/home,0,/basket,28765,,
8000001499,9000000000002019,1,1737718380,5,11,cpc,paid-media,desktop,Edge,United Kingdom,England,0,2,/catalog/electronics,0,,,,
8000001797,9000000000002020,1,1737090420,5,5,(none),(direct),mobile,Chrome,United Kingdom,England,0,1,/product/featured-item,0,/catalog/accessories,7463,/catalog/accessories,103758
8000000850,9000000000002021,1,1737163860,6,1,referral,partner.example,desktop,Safari,United Kingdom,England,0,4,/product/featured-item,0,/catalog/electronics,73490,/basket,123936
8000002688,9000000000002022,1,1738022400,2,0,(none),(direct),desktop,Chrome,Spain,Madrid,0,1,/product/featured-item,0,/checkout,65173,/basket,111101
8000003336,9000000000002023,1,1736742120,1,4,cpc,paid-media,desktop,Edge,Germany,Berlin,1,1,/catalog/electronics,0,/catalog/accessories,69559,/catalog/electronics,116250
8000001762,9000000000002024,1,1738019460,1,23,(none),(direct),mobile,Safari,Spain,Madrid,0,2,/catalog/accessories,0,/catalog/apparel,10025,,
8000001229,9000000000002025,1,1737366540,1,9,organic,search-engine,tablet,Chrome,Portugal,Lisbon,0,1,/product/featured-item,0,,,,
8000001933,9000000000002026,1,1736181360,1,16,organic,search-engine,mobile,Chrome,Spain,Madrid,0,1,/product/featured-item,0,/checkout,64274,,
8000001199,9000000000002027,1,1736240880,2,9,email,newsletter,desktop,Chrome,Germany,Berlin,0,1,/home,0,,,,
8000000600,9000000000002028,1,1735977360,6,7,organic,search-engine,mobile,Edge,France,Ile-de-France,0,2,/catalog/electronics,0,/catalog/electronics,8793,,
8000001924,9000000000002029,1,1736058960,7,6,(none),(direct),mobile,Edge,Germany,Berlin,0,1,/catalog/accessories,0,,,,
8000002908,9000000000002030,0,1738087860,2,18,cpc,paid-media,desktop,Safari,Germany,Berlin,0,1,/catalog/accessories,0,/product/featured-item,51496,/catalog/accessories,122179
8000000066,9000000000002031,1,1735758240,3,19,(none),(direct),mobile,Firefox,Spain,Madrid,0,1,/catalog/electronics,0,/catalog/electronics,51789,,
8000002557,9000000000002032,1,1736477160,5,2,referral,partner.example,desktop,Firefox,Portugal,Lisbon,0,1,/catalog/apparel,0,/catalog/electronics,62116,/checkout,66901
8000001726,9000000000002033,0,1735886460,5,6,organic,search-engine,desktop,Safari,United Kingdom,England,0,1,/home,0,/catalog/electronics,54031,/catalog/accessories,148939
8000002065,9000000000002034,1,1735818120,4,11,referral,partner.example,desktop,Safari,United Kingdom,England,0,1,/catalog/accessories,0,/catalog/accessories,46074,,
8000002080,9000000000002035,1,1737657180,4,18,referral,partner.example,desktop,Safari,Portugal,Lisbon,0,4,/product/featured-item,0,/catalog/apparel,13965,/basket,123208
8000001693,9000000000002036,1,1738180860,3,20,cpc,paid-media,mobile,Edge,Spain,Madrid,0,1,/catalog/electronics,0,,,,
8000001734,9000000000002037,1,1737124260,5,14,referral,partner.example,mobile,Chrome,Spain,Madrid,0,1,/home,0,/basket,67281,/checkout,157074
8000002823,9000000000002038,1,1738344960,5,17,referral,partner.example,desktop,Edge,Germany,Berlin,0,2,/catalog/accessories,0,,,,
8000000353,9000000000002039,1,1738006500,1,19,organic,search-engine,mobile,Chrome,France,Ile-de-France,0,2,/catalog/apparel,0,/catalog/accessories,87419,,
8000000961,9000000000002040,1,1736948940,3,13,cpc,paid-media,mobile,Chrome,Spain,Madrid,0,1,/home,0,/checkout,3686,,
8000002414,9000000000002041,0,1735895700,5,9,(none),(direct),mobile,Chrome,United Kingdom,England,0,1,/catalog/apparel,0,/basket,42595,/catalog/accessories,156479
8000001376,9000000000002042,1,1736785380,1,16,organic,search-engine,desktop,Safari,United Kingdom,England,0,1,/catalog/accessories,0,,,,
8000002893,9000000000002043,0,1736557080,6,0,cpc,paid-media,desktop,Chrome,Portugal,Lisbon,0,1,/catalog/apparel,0,/product/featured-item,5241,/checkout,74329
8000002763,9000000000002044,1,1738187220,3,21,cpc,paid-media,desktop,Edge,France,Ile-de-France,0,2,/catalog/accessories,0,,,,
8000003151,9000000000002045,0,1737490500,2,20,organic,search-engine,mobile,Safari,Spain,Madrid,0,1,/product/featured-item,0,/catalog/apparel,29799,/product/featured-item,120186
8000001773,9000000000002046,1,1737644640,4,15,referral,partner.example,mobile,Safari,United Kingdom,England,0,1,/catalog/electronics,0,/catalog/accessories,42425,/checkout,62766
8000003005,9000000000002047,0,1737089340,5,4,organic,search-engine,mobile,Safari,Portugal,Lisbon,0,1,/product/featured-item,0,/product/featured-item,64746,/catalog/accessories,118929
8000003320,9000000000002048,1,1736541840,5,20,cpc,paid-media,mobile,Safari,Germany,Berlin,0,1,/catalog/electronics,0,/checkout,87818,,
8000000705,9000000000002049,1,1738017900,1,22,referral,partner.example,desktop,Safari,Germany,Berlin,0,1,/catalog/electronics,0,/basket,76694,,
8000000351,9000000000002050,0,1737243480,6,23,email,newsletter,desktop,Chrome,United Kingdom,England,0,1,/product/featured-item,0,,,,
8000002391,9000000000002051,1,1736640540,7,0,email,newsletter,mobile,Edge,Portugal,Lisbon,0,1,/home,0,/catalog/electronics,21961,,
8000002249,9000000000002052,1,1736428680,4,13,(none),(direct),desktop,Edge,United Kingdom,England,0,1,/catalog/electronics,0,/catalog/apparel,40129,,
8000001351,9000000000002053,0,1737588180,3,23,(none),(direct),mobile,Firefox,United Kingdom,England,0,2,/product/featured-item,0,/catalog/accessories,48200,,
8000002183,9000000000002054,1,1737425220,2,2,organic,search-engine,mobile,Firefox,France,Ile-de-France,0,1,/catalog/apparel,0,/catalog/apparel,2571,/product/featured-item,98733
8000002142,9000000000002055,1,1737448080,2,8,(none),(direct),mobile,Safari,Germany,Berlin,0,1,/home,0,/product/featured-item,86221,,
8000000506,9000000000002056,0,1736089380,7,15,referral,partner.example,desktop,Chrome,Portugal,Lisbon,0,1,/product/featured-item,0,/basket,24402,/catalog/accessories,101325
8000001412,9000000000002057,1,1736276400,2,19,referral,partner.example,desktop,Chrome,Spain,Madrid,0,1,/catalog/electronics,0,/catalog/accessories,4054,,
8000002618,9000000000002058,1,1736458560,4,21,organic,search-engine,mobile,Edge,France,Ile-de-France,0,1,/product/featured-item,0,,,,
8000001849,9000000000002059,1,1737118860,5,13,referral,partner.example,desktop,Chrome,France,Ile-de-France,0,2,/catalog/accessories,0,,,,
8000001250,9000000000002060,1,1737227160,6,19,(none),(direct),desktop,Edge,Germany,Berlin,0,1,/catalog/electronics,0,,,,
8000003232,9000000000002061,1,1736508540,5,11,email,newsletter,mobile,Chrome,France,Ile-de-France,0,1,/catalog/electronics,0,,,,
8000002249,9000000000002062,1,1737799020,6,9,cpc,paid-media,desktop,Safari,United Kingdom,England,0,1,/catalog/accessories,0,/checkout,40885,,
8000002683,9000000000002063,0,1737840600,6,21,cpc,paid-media,mobile,Firefox,Germany,Berlin,0,1,/catalog/apparel,0,,,,
8000000632,9000000000002064,0,1735804800,4,8,cpc,paid-media,desktop,Edge,United Kingdom,England,0,2,/product/featured-item,0,/basket,22849,,
8000002298,9000000000002065,0,1736548500,5,22,email,newsletter,desktop,Chrome,Germany,Berlin,0,1,/catalog/accessories,0,,,,
8000001308,9000000000002066,1,1735923840,5,17,email,newsletter,tablet,Firefox,Portugal,Lisbon,0,1,/product/featured-item,0,/basket,3073,/basket,11775
8000003107,9000000000002067,1,1736460840,4,22,(none),(direct),desktop,Firefox,Germany,Berlin,0,1,/home,0,/checkout,79370,,
8000000990,9000000000002068,1,1737900360,7,14,organic,search-engine,desktop,Firefox,Spain,Madrid,0,1,/catalog/apparel,0,/catalog/electronics,85365,/catalog/accessories,88002
8000002304,9000000000002069,1,1736060040,7,6,email,newsletter,desktop,Firefox,Spain,Madrid,0,2,/catalog/apparel,0,,,,
8000003377,9000000000002070,1,1736569560,6,4,cpc,paid-media,mobile,Firefox,France,Ile-de-France,0,1,/catalog/accessories,0,/checkout,20643,,
8000000684,9000000000002071,1,1737266760,7,6,email,newsletter,desktop,Edge,Germany,Berlin,0,3,/catalog/accessories,0,,,,
8000000455,9000000000002072,1,1735890540,5,7,(none),(direct),desktop,Chrome,Spain,Madrid,0,1,/catalog/electronics,0,/basket,40345,,
8000000168,9000000000002073,0,1738063140,2,11,organic,search-engine,mobile,Firefox,France,Ile-de-France,0,2,/catalog/apparel,0,/product/featured-item,47091,,
8000002821,9000000000002074,1,1737473820,2,15,organic,search-engine,mobile,Edge,Germany,Berlin,0,1,/home,0,/catalog/accessories,61720,,
8000003455,9000000000002075,0,1736241660,2,9,organic,search-engine,mobile,Firefox,Germany,Berlin,0,2,/catalog/apparel,0,/product/featured-item,23860,,
8000003086,9000000000002076,1,1737358020,1,7,organic,search-engine,desktop,Safari,United Kingdom,England,1,1,/catalog/electronics,0,/checkout,83452,/catalog/electronics,93212
8000000986,9000000000002077,1,1735768920,3,22,referral,partner.example,mobile,Firefox,United Kingdom,England,0,2,/product/featured-item,0,/catalog/apparel,42732,/basket,88718
8000002212,9000000000002078,1,1736251260,2,12,referral,partner.example,mobile,Safari,Germany,Berlin,0,2,/product/featured-item,0,/checkout,30221,,
8000002278,9000000000002079,1,1737775920,6,3,organic,search-engine,desktop,Safari,France,Ile-de-France,0,1,/catalog/accessories,0,,,,
8000002490,9000000000002080,1,1736642280,7,0,cpc,paid-media,desktop,Safari,Portugal,Lisbon,0,1,/catalog/accessories,0,,,,
8000000543,9000000000002081,1,1737543120,3,10,email,newsletter,mobile,Chrome,Germany,Berlin,0,2,/catalog/accessories,0,/catalog/accessories,45415,,
8000000795,9000000000002082,0,1736024100,6,20,(none),(direct),mobile,Firefox,Spain,Madrid,0,1,/home,0,,,,
8000000157,9000000000002083,1,1738257960,4,17,referral,partner.example,mobile,Chrome,United Kingdom,England,0,3,/catalog/electronics,0,/catalog/apparel,4070,,
8000002478,9000000000002084,1,1736187000,1,18,cpc,paid-media,mobile,Safari,France,Ile-de-France,0,1,/catalog/electronics,0,,,,
8000000579,9000000000002085,1,1738105440,2,23,organic,search-engine,mobile,Chrome,United Kingdom,England,0,2,/catalog/electronics,0,/basket,34268,/catalog/accessories,88312
8000000893,9000000000002086,1,1738361040,5,22,cpc,paid-media,desktop,Firefox,Germany,Berlin,0,1,/product/featured-item,0,/catalog/apparel,61142,/checkout,127016
8000003034,9000000000002087,1,1738122600,3,3,organic,search-engine,desktop,Edge,Spain,Madrid,0,2,/product/featured-item,0,/catalog/electronics,25275,/catalog/accessories,28045
8000001000,9000000000002088,1,1737893400,7,12,cpc,paid-media,mobile,Firefox,Portugal,Lisbon,0,2,/catalog/apparel,0,,,,
8000002435,9000000000002089,0,1736932980,3,9,(none),(direct),desktop,Safari,Germany,Berlin,0,1,/catalog/electronics,0,/checkout,81244,,
8000002783,9000000000002090,0,1737057900,4,20,email,newsletter,mobile,Chrome,United Kingdom,England,0,1,/catalog/apparel,0,,,,
8000003401,9000000000002091,1,1737850140,7,0,referral,partner.example,desktop,Safari,Portugal,Lisbon,0,1,/home,0,/catalog/electronics,9878,/catalog/electronics,25057
8000000963,9000000000002092,0,1737794940,6,8,(none),(direct),desktop,Edge,Spain,Madrid,0,1,/catalog/electronics,0,/basket,12065,,
8000000911,9000000000002093,1,1737322740,7,21,organic,search-engine,desktop,Edge,United Kingdom,England,0,4,/catalog/electronics,0,,,,
8000002459,9000000000002094,1,1735739220,3,13,cpc,paid-media,mobile,Safari,United Kingdom,England,0,1,/home,0,,,,
8000001449,9000000000002095,0,1736198400,1,21,organic,search-engine,desktop,Edge,Portugal,Lisbon,0,1,/catalog/apparel,0,,,,
8000001102,9000000000002096,0,1737894060,7,12,email,newsletter,mobile,Firefox,Portugal,Lisbon,0,1,/catalog/apparel,0,,,,
8000001880,9000000000002097,1,1735714800,3,7,(none),(direct),desktop,Firefox,Portugal,Lisbon,0,2,/catalog/accessories,0,,,,
8000001482,9000000000002098,1,1736710140,7,19,email,newsletter,desktop,Edge,Germany,Berlin,0,1,/catalog/electronics,0,/product/featured-item,80648,/basket,107035
8000001828,9000000000002099,1,1736146980,1,7,(none),(direct),desktop,Chrome,Spain,Madrid,0,1,/catalog/electronics,0,,,,
8000003134,9000000000002100,0,1737190380,6,8,cpc,paid-media,desktop,Chrome,Portugal,Lisbon,0,1,/catalog/apparel,0,/product/featured-item,70780,/catalog/accessories,135409
8000000891,9000000000002101,1,1738266240,4,19,email,newsletter,mobile,Safari,Portugal,Lisbon,0,1,/home,0,/product/featured-item,57608,,
8000000294,9000000000002102,1,1737486900,2,19,cpc,paid-media,mobile,Edge,France,Ile-de-France,0,1,/catalog/electronics,0,/checkout,31722,/catalog/electronics,48493
8000001073,9000000000002103,0,1737573840,3,19,organic,search-engine,mobile,Chrome,Germany,Berlin,0,1,/product/featured-item,0,/basket,68914,,
8000002289,9000000000002104,0,1736599200,6,12,organic,search-engine,desktop,Chrome,United Kingdom,England,0,2,/product/featured-item,0,/checkout,54633,,
8000000742,9000000000002105,0,1736259600,2,14,(none),(direct),desktop,Chrome,Spain,Madrid,0,1,/catalog/apparel,0,/catalog/apparel,10442,/checkout,18167
8000002372,9000000000002106,1,1736059920,7,6,organic,search-engine,desktop,Edge,Spain,Madrid,0,1,/catalog/electronics,0,/catalog/accessories,4676,/catalog/accessories,18145
8000002671,9000000000002107,1,1735899660,5,10,cpc,paid-media,desktop,Edge,Germany,Berlin,0,2,/product/featured-item,0,/checkout,88005,,
8000002517,9000000000002108,1,1737454320,2,10,(none),(direct),mobile,Firefox,France,Ile-de-France,0,4,/catalog/accessories,0,/catalog/accessories,73602,/catalog/accessories,187493
8000002117,9000000000002109,1,1736062800,7,7,(none),(direct),mobile,Chrome,Portugal,Lisbon,0,1,/catalog/accessories,0,,,,
8000001665,9000000000002110,1,1736646060,7,1,organic,search-engine,tablet,Firefox,Spain,Madrid,0,2,/catalog/electronics,0,,,,
8000003351,9000000000002111,0,1736389500,4,2,cpc,paid-media,desktop,Safari,United Kingdom,England,0,1,/product/featured-item,0,/product/featured-item,13623,/checkout,90852
8000002656,9000000000002112,1,1737973200,1,10,(none),(direct),desktop,Safari,United Kingdom,England,0,1,/home,0,,,,
8000002047,9000000000002113,0,1735991820,6,11,cpc,paid-media,tablet,Safari,France,Ile-de-France,0,1,/home,0,/checkout,31072,,
8000003287,9000000000002114,1,1736641440,7,0,organic,search-engine,desktop,Edge,United Kingdom,England,0,1,/product/featured-item,0,/basket,80912,/catalog/accessories,192330
8000001464,9000000000002115,1,1736852940,2,11,email,newsletter,desktop,Chrome,France,Ile-de-France,0,1,/catalog/accessories,0,/catalog/electronics,32725,,
8000003001,9000000000002116,0,1736546100,5,21,(none),(direct),mobile,Chrome,Spain,Madrid,0,1,/catalog/accessories,0,,,,
8000000286,9000000000002117,0,1738049640,2,7,referral,partner.example,desktop,Firefox,Portugal,Lisbon,0,2,/catalog/electronics,0,,,,
8000000736,9000000000002118,1,1736107560,7,20,referral,partner.example,mobile,Safari,Germany,Berlin,0,1,/catalog/accessories,0,,,,
8000001467,9000000000002119,1,1736704860,7,18,organic,search-engine,mobile,Edge,United Kingdom,England,0,1,/product/featured-item,0,/catalog/accessories,8910,/basket,89960
8000002710,9000000000002120,1,1737017340,4,8,(none),(direct),desktop,Chrome,United Kingdom,England,0,1,/product/featured-item,0,/checkout,19774,/checkout,104301
8000002480,9000000000002121,0,1736380980,4,0,organic,search-engine,desktop,Edge,Spain,Madrid,0,1,/catalog/electronics,0,/catalog/apparel,29026,/checkout,59310
8000001855,9000000000002122,1,1735802760,4,7,cpc,paid-media,mobile,Safari,Portugal,Lisbon,0,1,/catalog/accessories,0,/catalog/accessories,25626,,
8000000386,9000000000002123,1,1738114620,3,1,(none),(direct),mobile,Safari,Spain,Madrid,0,1,/catalog/apparel,0,,,,
8000001778,9000000000002124,0,1736919060,3,5,email,newsletter,mobile,Firefox,Portugal,Lisbon,0,1,/catalog/accessories,0,,,,
8000003117,9000000000002125,1,1737863040,7,3,email,newsletter,desktop,Firefox,Portugal,Lisbon,1,1,/home,0,/catalog/electronics,80764,/product/featured-item,123088
8000000484,9000000000002126,1,1738317480,5,9,(none),(direct),desktop,Firefox,Portugal,Lisbon,0,1,/catalog/electronics,0,,,,
8000001440,9000000000002127,1,1736446140,4,18,(none),(direct),desktop,Safari,Portugal,Lisbon,0,1,/catalog/accessories,0,,,,
8000000383,9000000000002128,1,1738180320,3,19,(none),(direct),desktop,Safari,Spain,Madrid,0,1,/catalog/accessories,0,/catalog/apparel,11253,,
8000002526,9000000000002129,0,1736740140,1,3,referral,partner.example,mobile,Safari,United Kingdom,England,0,1,/catalog/electronics,0,,,,
8000001773,9000000000002130,0,1737982380,1,12,cpc,paid-media,mobile,Safari,Spain,Madrid,0,1,/home,0,/catalog/accessories,34774,/basket,48946
8000003424,9000000000002131,1,1738131900,3,6,referral,partner.example,mobile,Safari,France,Ile-de-France,0,1,/catalog/apparel,0,/checkout,2288,,
8000001107,9000000000002132,1,1737302220,7,15,referral,partner.example,desktop,Safari,France,Ile-de-France,0,1,/catalog/electronics,0,,,,
8000001520,9000000000002133,0,1736092740,7,15,(none),(direct),desktop,Safari,United Kingdom,England,0,1,/product/featured-item,0,/catalog/apparel,49444,,
8000000724,9000000000002134,0,1737198420,6,11,(none),(direct),mobile,Safari,United Kingdom,England,0,4,/product/featured-item,0,/catalog/apparel,4845,/catalog/electronics,82554
8000002596,9000000000002135,1,1737746340,5,19,(none),(direct),tablet,Edge,United Kingdom,England,0,1,/catalog/apparel,0,/product/featured-item,34602,,
8000001322,9000000000002136,1,1738052580,2,8,organic,search-engine,mobile,Firefox,Germany,Berlin,0,1,/product/featured-item,0,/catalog/apparel,70555,/catalog/accessories,98954
8000002084,9000000000002137,1,1737480000,2,17,referral,partner.example,mobile,Edge,France,Ile-de-France,0,1,/catalog/electronics,0,,,,
8000001761,9000000000002138,0,1737458940,2,11,(none),(direct),desktop,Edge,United Kingdom,England,0,1,/home,0,/catalog/apparel,86210,/catalog/accessories,91126
8000003467,9000000000002139,1,1736715300,7,20,(none),(direct),desktop,Edge,Portugal,Lisbon,0,1,/catalog/accessories,0,/catalog/accessories,60724,,
8000001716,9000000000002140,1,1737388800,1,16,email,newsletter,desktop,Firefox,France,Ile-de-France,0,1,/catalog/apparel,0,/checkout,14572,,
8000000838,9000000000002141,1,1736806620,1,22,referral,partner.example,tablet,Firefox,France,Ile-de-France,0,1,/home,0,/checkout,44947,,
8000002645,9000000000002142,1,1737007320,4,6,cpc,paid-media,desktop,Chrome,United Kingdom,England,0,1,/catalog/accessories,0,,,,
8000000729,9000000000002143,0,1737895500,7,12,cpc,paid-media,desktop,Firefox,United Kingdom,England,0,1,/catalog/apparel,0,/catalog/electronics,6363,,
8000002208,9000000000002144,1,1736962500,3,17,cpc,paid-media,desktop,Chrome,Spain,Madrid,0,1,/catalog/apparel,0,,,,
8000002119,9000000000002145,1,1738233000,4,10,email,newsletter,mobile,Safari,Germany,Berlin,0,1,/catalog/accessories,0,,,,
8000000905,9000000000002146,1,1735764060,3,20,organic,search-engine,desktop,Edge,Portugal,Lisbon,0,1,/home,0,,,,
8000003304,9000000000002147,1,1738089720,2,18,referral,partner.example,desktop,Edge,France,Ile-de-France,0,1,/product/featured-item,0,,,,
8000001541,9000000000002148,1,1737556740,3,14,organic,search-engine,mobile,Firefox,Germany,Berlin,0,1,/product/featured-item,0,/catalog/accessories,30263,/catalog/electronics,65519
8000001058,9000000000002149,1,1737274080,7,8,(none),(direct),mobile,Chrome,Germany,Berlin,0,1,/catalog/apparel,0,,,,
8000000804,9000000000002150,0,1736563860,6,2,email,newsletter,desktop,Chrome,Germany,Berlin,0,2,/catalog/accessories,0,/checkout,60784,,
8000001147,9000000000002151,1,1737094620,5,6,cpc,paid-media,desktop,Firefox,Germany,Berlin,0,1,/product/featured-item,0,/product/featured-item,53434,,
8000002516,9000000000002152,1,1737869040,7,5,(none),(direct),desktop,Firefox,Germany,Berlin,0,1,/catalog/accessories,0,/product/featured-item,82383,,
8000003438,9000000000002153,1,1737665220,4,20,email,newsletter,desktop,Firefox,France,Ile-de-France,0,2,/home,0,,,,
8000003086,9000000000002154,1,1736633400,6,22,cpc,paid-media,desktop,Chrome,Germany,Berlin,1,1,/catalog/electronics,0,/catalog/electronics,64916,/catalog/electronics,122130
8000001437,9000000000002155,1,1736474880,5,2,email,newsletter,desktop,Safari,France,Ile-de-France,0,1,/product/featured-item,0,,,,
8000000239,9000000000002156,1,1735816680,4,11,organic,search-engine,mobile,Firefox,France,Ile-de-France,0,2,/catalog/apparel,0,,,,
8000000992,9000000000002157,1,1736831880,2,5,email,newsletter,desktop,Edge,United Kingdom,England,0,1,/catalog/accessories,0,,,,
8000000739,9000000000002158,0,1736477100,5,2,referral,partner.example,mobile,Chrome,Germany,Berlin,0,2,/home,0,,,,
8000001066,9000000000002159,0,1737523560,3,5,organic,search-engine,mobile,Firefox,United Kingdom,England,0,1,/catalog/accessories,0,,,,
8000003378,9000000000002160,1,1737346620,1,4,organic,search-engine,desktop,Chrome,United Kingdom,England,0,1,/catalog/accessories,0,/basket,12531,,
8000002058,9000000000002161,1,1736535120,5,18,cpc,paid-media,mobile,Edge,France,Ile-de-France,0,1,/home,0,/catalog/apparel,57712,/product/featured-item,71902
8000001150,9000000000002162,1,1737504480,3,0,(none),(direct),desktop,Firefox,Germany,Berlin,0,1,/product/featured-item,0,/catalog/accessories,50872,,
8000002401,9000000000002163,1,1737163860,6,1,organic,search-engine,desktop,Safari,United Kingdom,England,0,1,/catalog/accessories,0,/checkout,2473,/catalog/electronics,100154
8000000072,9000000000002164,0,1736930340,3,8,email,newsletter,mobile,Chrome,Spain,Madrid,0,1,/catalog/accessories,0,,,,
8000000276,9000000000002165,1,1736540040,5,20,organic,search-engine,desktop,Edge,Germany,Berlin,0,2,/product/featured-item,0,/product/featured-item,79434,/catalog/electronics,191273
8000001391,9000000000002166,1,1736348820,3,15,email,newsletter,desktop,Firefox,France,Ile-de-France,1,1,/home,0,,,,
8000003057,9000000000002167,1,1738332780,5,14,referral,partner.example,mobile,Firefox,Spain,Madrid,0,4,/product/featured-item,0,,,,
8000003063,9000000000002168,1,1737287160,7,11,cpc,paid-media,desktop,Chrome,Germany,Berlin,0,1,/product/featured-item,0,/catalog/apparel,12007,/catalog/electronics,80261
8000001532,9000000000002169,1,1736458680,4,21,email,newsletter,mobile,Safari,Germany,Berlin,0,3,/product/featured-item,0,,,,
8000003178,9000000000002170,1,1737804960,6,11,email,newsletter,mobile,Firefox,Portugal,Lisbon,0,1,/home,0,/basket,9587,/checkout,117604
8000000700,9000000000002171,1,1737867960,7,5,cpc,paid-media,desktop,Edge,United Kingdom,England,0,1,/product/featured-item,0,,,,
8000000729,9000000000002172,1,1736535480,5,18,(none),(direct),desktop,Chrome,Portugal,Lisbon,0,2,/catalog/apparel,0,/catalog/electronics,14019,,
8000002183,9000000000002173,0,1735945260,5,23,email,newsletter,mobile,Chrome,Spain,Madrid,0,1,/catalog/accessories,0,/checkout,42862,,
8000002353,9000000000002174,1,1737511380,3,2,referral,partner.example,tablet,Chrome,Portugal,Lisbon,0,1,/catalog/apparel,0,,,,
8000001935,9000000000002175,1,1736449260,4,19,email,newsletter,desktop,Chrome,Portugal,Lisbon,0,3,/catalog/accessories,0,/product/featured-item,86032,/catalog/electronics,134740
8000000916,9000000000002176,1,1735842900,4,18,referral,partner.example,desktop,Edge,France,Ile-de-France,0,1,/product/featured-item,0,/product/featured-item,15082,/catalog/accessories,134221
8000001242,9000000000002177,1,1738299120,5,4,email,newsletter,desktop,Firefox,Germany,Berlin,0,1,/catalog/accessories,0,,,,
8000000491,9000000000002178,1,1737885120,7,9,referral,partner.example,mobile,Edge,Portugal,Lisbon,0,1,/home,0,/basket,46727,,
8000002532,9000000000002179,0,1736094480,7,16,organic,search-engine,desktop,Edge,Portugal,Lisbon,0,1,/home,0,,,,
8000000071,9000000000002180,0,1735921080,5,16,(none),(direct),mobile,Edge,Spain,Madrid,0,1,/catalog/electronics,0,,,,
8000003377,9000000000002181,0,1737669240,4,21,referral,partner.example,desktop,Edge,Portugal,Lisbon,0,1,/catalog/electronics,0,,,,
8000003423,9000000000002182,0,1738120740,3,3,(none),(direct),mobile,Chrome,Spain,Madrid,0,1,/catalog/apparel,0,/catalog/accessories,13318,,
8000000570,9000000000002183,0,1738292880,5,3,email,newsletter,desktop,Edge,Spain,Madrid,0,3,/catalog/accessories,0,/product/featured-item,5998,/catalog/electronics,14109
8000002290,9000000000002184,1,1737024960,4,10,(none),(direct),desktop,Chrome,Spain,Madrid,0,1,/catalog/apparel,0,/catalog/accessories,20972,,
8000002938,9000000000002185,1,1735865340,5,0,email,newsletter,mobile,Safari,United Kingdom,England,0,3,/product/featured-item,0,,,,
8000001637,9000000000002186,1,1735752240,3,17,cpc,paid-media,desktop,Edge,United Kingdom,England,0,3,/catalog/electronics,0,/catalog/accessories,41378,/basket,159561
8000002837,9000000000002187,1,1738076340,2,14,email,newsletter,desktop,Edge,United Kingdom,England,0,1,/catalog/accessories,0,/catalog/apparel,78601,,
8000000837,9000000000002188,0,1735828260,4,14,organic,search-engine,mobile,Safari,France,Ile-de-France,0,1,/catalog/electronics,0,,,,
8000002175,9000000000002189,0,1737689700,5,3,(none),(direct),desktop,Chrome,Germany,Berlin,0,1,/home,0,/checkout,83715,,
8000001707,9000000000002190,1,1738234260,4,10,referral,partner.example,mobile,Chrome,Spain,Madrid,0,2,/catalog/apparel,0,,,,
8000002278,9000000000002191,0,1737192420,6,9,organic,search-engine,mobile,Chrome,Germany,Berlin,0,2,/product/featured-item,0,,,,
8000000064,9000000000002192,1,1736532300,5,18,(none),(direct),desktop,Firefox,France,Ile-de-France,0,2,/product/featured-item,0,/checkout,70295,,
8000000691,9000000000002193,1,1737929100,7,22,email,newsletter,desktop,Chrome,United Kingdom,England,0,3,/catalog/apparel,0,,,,
8000001261,9000000000002194,1,1737421680,2,1,referral,partner.example,mobile,Firefox,United Kingdom,England,0,2,/catalog/apparel,0,/catalog/apparel,30187,,
8000002694,9000000000002195,1,1737238200,6,22,cpc,paid-media,desktop,Edge,United Kingdom,England,0,2,/catalog/accessories,0,/basket,84154,,
8000001557,9000000000002196,0,1738288080,5,1,referral,partner.example,mobile,Safari,Spain,Madrid,0,1,/catalog/apparel,0,/checkout,26323,,
8000002937,9000000000002197,1,1737799260,6,10,organic,search-engine,mobile,Firefox,Portugal,Lisbon,0,1,/catalog/electronics,0,/catalog/accessories,68840,/catalog/electronics,138242
8000001987,9000000000002198,0,1737299820,7,15,cpc,paid-media,desktop,Safari,United Kingdom,England,0,1,/catalog/accessories,0,,,,
8000003007,9000000000002199,1,1736793420,1,18,(none),(direct),desktop,Firefox,United Kingdom,England,0,1,/catalog/accessories,0,/catalog/accessories,12637,/product/featured-item,77233
8000002457,9000000000002200,0,1738160940,3,14,referral,partner.example,mobile,Chrome,United Kingdom,England,0,1,/catalog/accessories,0,/basket,13401,,
8000002157,9000000000002201,1,1737206460,6,13,referral,partner.example,desktop,Edge,France,Ile-de-France,0,1,/catalog/accessories,0,,,,
8000000918,9000000000002202,1,1736744280,1,4,(none),(direct),desktop,Edge,France,Ile-de-France,0,1,/catalog/electronics,0,/catalog/electronics,16626,,
8000000974,9000000000002203,1,1735720800,3,8,organic,search-engine,mobile,Safari,Spain,Madrid,0,2,/home,0,/basket,16451,,
8000003108,9000000000002204,0,1736976480,3,21,(none),(direct),desktop,Firefox,Spain,Madrid,0,2,/product/featured-item,0,/catalog/electronics,72968,/checkout,178761
8000000686,9000000000002205,0,1737575400,3,19,cpc,paid-media,desktop,Chrome,Portugal,Lisbon,0,1,/catalog/apparel,0,/basket,8463,,
8000000806,9000000000002206,1,1736869260,2,15,(none),(direct),desktop,Edge,France,Ile-de-France,0,1,/catalog/electronics,0,,,,
8000000428,9000000000002207,1,1737049800,4,17,email,newsletter,desktop,Edge,Germany,Berlin,0,1,/catalog/electronics,0,,,,
8000001985,9000000000002208,0,1736740740,1,3,cpc,paid-media,mobile,Firefox,Spain,Madrid,0,1,/home,0,/catalog/apparel,53784,,
8000000439,9000000000002209,1,1738046100,2,6,referral,partner.example,mobile,Chrome,France,Ile-de-France,0,1,/home,0,/checkout,67707,,
8000001464,9000000000002210,0,1736951700,3,14,referral,partner.example,mobile,Safari,Portugal,Lisbon,0,1,/catalog/apparel,0,,,,
8000001583,9000000000002211,1,1736406780,4,7,cpc,paid-media,desktop,Chrome,United Kingdom,England,0,2,/catalog/accessories,0,/product/featured-item,53829,,
8000000337,9000000000002212,1,1738309560,5,7,(none),(direct),mobile,Firefox,Portugal,Lisbon,0,1,/catalog/accessories,0,/catalog/apparel,22077,/product/featured-item,99127
8000002475,9000000000002213,1,1736339220,3,12,email,newsletter,desktop,Firefox,Portugal,Lisbon,0,1,/catalog/electronics,0,/catalog/electronics,34051,,
8000001115,9000000000002214,1,1737419640,2,0,cpc,paid-media,desktop,Chrome,Germany,Berlin,0,1,/catalog/accessories,0,,,,
8000002971,9000000000002215,0,1738099020,2,21,email,newsletter,mobile,Edge,Spain,Madrid,0,1,/catalog/electronics,0,,,,
8000000418,9000000000002216,0,1737011880,4,7,cpc,paid-media,mobile,Firefox,Spain,Madrid,0,2,/home,0,,,,
8000001995,9000000000002217,1,1737281760,7,10,referral,partner.example,desktop,Chrome,Portugal,Lisbon,0,1,/catalog/accessories,0,/catalog/electronics,8678,,
8000002636,9000000000002218,1,1736681520,7,11,cpc,paid-media,desktop,Chrome,Spain,Madrid,0,2,/catalog/accessories,0,,,,
8000002844,9000000000002219,1,1737799380,6,10,cpc,paid-media,desktop,Edge,France,Ile-de-France,0,1,/catalog/apparel,0,,,,
8000001404,9000000000002220,1,1736752680,1,7,cpc,paid-media,desktop,Safari,Germany,Berlin,0,1,/catalog/accessories,0,/checkout,43166,/catalog/electronics,65042
8000001432,9000000000002221,1,1737862800,7,3,organic,search-engine,mobile,Firefox,United Kingdom,England,0,2,/catalog/accessories,0,,,,
8000002055,9000000000002222,0,1736073840,7,10,cpc,paid-media,desktop,Firefox,Spain,Madrid,0,1,/home,0,,,,
8000003182,9000000000002223,0,1736450100,4,19,cpc,paid-media,desktop,Firefox,Spain,Madrid,0,1,/catalog/accessories,0,,,,
8000000075,9000000000002224,1,1737518100,3,3,organic,search-engine,desktop,Firefox,United Kingdom,England,0,2,/catalog/electronics,0,,,,
8000002743,9000000000002225,1,1738009020,1,20,cpc,paid-media,mobile,Firefox,Spain,Madrid,0,1,/home,0,,,,
8000002123,9000000000002226,1,1736541900,5,20,cpc,paid-media,mobile,Chrome,France,Ile-de-France,0,1,/catalog/electronics,0,,,,
8000000413,9000000000002227,1,1735765440,3,21,organic,search-engine,desktop,Chrome,United Kingdom,England,0,1,/home,0,,,,
8000001570,9000000000002228,0,1737498420,2,22,(none),(direct),mobile,Firefox,France,Ile-de-France,0,1,/home,0,/product/featured-item,25343,,
8000001630,9000000000002229,1,1736303340,3,2,organic,search-engine,mobile,Edge,France,Ile-de-France,0,1,/catalog/accessories,0,/catalog/accessories,78726,,
8000000811,9000000000002230,1,1737374280,1,11,cpc,paid-media,tablet,Edge,France,Ile-de-France,0,1,/home,0,,,,
8000001862,9000000000002231,0,1736193240,1,19,referral,partner.example,desktop,Safari,Spain,Madrid,0,1,/home,0,/catalog/apparel,47273,,
8000001115,9000000000002232,1,1736434980,4,15,organic,search-engine,mobile,Safari,France,Ile-de-France,0,1,/product/featured-item,0,/checkout,55108,/checkout,168658
8000001696,9000000000002233,0,1737426120,2,2,organic,search-engine,tablet,Firefox,France,Ile-de-France,0,2,/catalog/electronics,0,/catalog/apparel,61805,/catalog/accessories,152087
8000003455,9000000000002234,0,1737123840,5,14,(none),(direct),mobile,Firefox,Germany,Berlin,0,1,/catalog/electronics,0,,,,
8000000972,9000000000002235,0,1737541140,3,10,(none),(direct),mobile,Chrome,Portugal,Lisbon,0,1,/catalog/apparel,0,/basket,58251,,
8000002754,9000000000002236,0,1736194560,1,20,referral,partner.example,mobile,Chrome,Spain,Madrid,0,3,/product/featured-item,0,/checkout,22849,,
8000002004,9000000000002237,0,1738213680,4,5,(none),(direct),mobile,Edge,Spain,Madrid,0,4,/catalog/accessories,0,,,,
8000001850,9000000000002238,1,1736728080,1,0,email,newsletter,desktop,Firefox,France,Ile-de-France,0,1,/home,0,,,,
8000000449,9000000000002239,1,1737737340,5,16,organic,search-engine,mobile,Chrome,United Kingdom,England,0,1,/catalog/electronics,0,,,,
8000000769,9000000000002240,1,1737699720,5,6,organic,search-engine,mobile,Safari,Spain,Madrid,0,1,/catalog/electronics,0,/basket,15142,,
8000002102,9000000000002241,1,1736872800,2,16,organic,search-engine,desktop,Safari,France,Ile-de-France,0,1,/home,0,,,,
8000001070,9000000000002242,1,1738292160,5,2,(none),(direct),desktop,Safari,Spain,Madrid,0,3,/home,0,/catalog/apparel,60053,,
8000000802,9000000000002243,1,1735695960,3,1,(none),(direct),desktop,Chrome,Germany,Berlin,0,4,/catalog/electronics,0,,,,
8000001784,9000000000002244,1,1736115840,7,22,(none),(direct),desktop,Chrome,Germany,Berlin,1,1,/catalog/apparel,0,/checkout,57190,,
8000000385,9000000000002245,1,1737651660,4,17,referral,partner.example,desktop,Safari,United Kingdom,England,0,1,/catalog/apparel,0,/basket,15497,/catalog/accessories,83164
8000001586,9000000000002246,1,1736858880,2,12,email,newsletter,mobile,Safari,France,Ile-de-France,0,1,/home,0,/product/featured-item,54596,/checkout,61446
8000001585,9000000000002247,1,1736673300,7,9,(none),(direct),desktop,Safari,United Kingdom,England,0,1,/catalog/accessories,0,,,,
8000003336,9000000000002248,1,1738292700,5,3,organic,search-engine,mobile,Safari,United Kingdom,England,0,1,/product/featured-item,0,/catalog/apparel,50989,/catalog/accessories,126212
8000000583,9000000000002249,1,1737968580,1,9,cpc,paid-media,desktop,Edge,Portugal,Lisbon,0,2,/catalog/accessories,0,/catalog/accessories,10779,/product/featured-item,91207
8000000704,9000000000002250,1,1737268440,7,6,organic,search-engine,desktop,Firefox,Portugal,Lisbon,0,1,/catalog/apparel,0,/checkout,68852,,
8000003454,9000000000002251,1,1738062540,2,11,referral,partner.example,desktop,Chrome,France,Ile-de-France,0,1,/catalog/electronics,0,/basket,83468,,
8000000981,9000000000002252,1,1736972520,3,20,organic,search-engine,desktop,Firefox,France,Ile-de-France,0,1,/catalog/apparel,0,,,,
8000003009,9000000000002253,0,1736010000,6,17,email,newsletter,desktop,Edge,Portugal,Lisbon,0,1,/home,0,/basket,50187,/catalog/accessories,119456
8000000904,9000000000002254,1,1737022080,4,10,(none),(direct),desktop,Chrome,Germany,Berlin,0,1,/catalog/accessories,0,,,,
8000001683,9000000000002255,1,1737656880,4,18,cpc,paid-media,mobile,Safari,United Kingdom,England,1,2,/product/featured-item,0,/catalog/accessories,14218,/basket,67619
8000002420,9000000000002256,1,1736950860,3,14,referral,partner.example,desktop,Edge,Germany,Berlin,0,2,/home,0,/catalog/apparel,54915,,
8000001589,9000000000002257,1,1736789820,1,17,referral,partner.example,desktop,Safari,United Kingdom,England,0,2,/catalog/electronics,0,,,,
8000003115,9000000000002258,1,1736618880,6,18,organic,search-engine,desktop,Edge,Spain,Madrid,0,2,/catalog/accessories,0,/product/featured-item,61138,,
8000001394,9000000000002259,1,1736146920,1,7,organic,search-engine,desktop,Edge,France,Ile-de-France,0,2,/catalog/apparel,0,,,,
8000003456,9000000000002260,1,1736149920,1,7,(none),(direct),desktop,Firefox,France,Ile-de-France,0,2,/catalog/accessories,0,/catalog/electronics,8745,,
8000003289,9000000000002261,1,1737566460,3,17,cpc,paid-media,mobile,Edge,Portugal,Lisbon,0,1,/catalog/accessories,0,/product/featured-item,53407,,
8000001714,9000000000002262,1,1737032100,4,12,cpc,paid-media,desktop,Safari,United Kingdom,England,0,1,/catalog/accessories,0,,,,
8000001100,9000000000002263,1,1738364640,5,23,organic,search-engine,mobile,Edge,United Kingdom,England,0,1,/product/featured-item,0,/basket,47727,/basket,146935
8000002986,9000000000002264,1,1738038900,2,4,referral,partner.example,mobile,Edge,Germany,Berlin,0,2,/catalog/electronics,0,/basket,64437,/basket,70863
8000001799,9000000000002265,0,1738033680,2,3,email,newsletter,desktop,Edge,Spain,Madrid,0,1,/home,0,/product/featured-item,79235,/catalog/electronics,105317
8000000226,9000000000002266,1,1737411060,1,22,referral,partner.example,tablet,Safari,Portugal,Lisbon,0,1,/catalog/apparel,0,/basket,6257,/catalog/electronics,61585
8000000950,9000000000002267,1,1736446860,4,18,referral,partner.example,desktop,Edge,Spain,Madrid,0,2,/home,0,/basket,51687,,
8000003419,9000000000002268,1,1737175320,6,4,(none),(direct),tablet,Firefox,France,Ile-de-France,0,1,/catalog/apparel,0,,,,
8000001397,9000000000002269,1,1737410460,1,22,(none),(direct),mobile,Firefox,France,Ile-de-France,0,1,/home,0,,,,
8000000136,9000000000002270,1,1737193800,6,9,email,newsletter,desktop,Chrome,United Kingdom,England,0,1,/catalog/accessories,0,/basket,17263,/product/featured-item,95108
8000001434,9000000000002271,0,1736912520,3,3,referral,partner.example,desktop,Edge,Portugal,Lisbon,0,1,/catalog/electronics,0,/product/featured-item,49862,/product/featured-item,95511
8000002256,9000000000002272,0,1737773760,6,2,cpc,paid-media,desktop,Safari,Portugal,Lisbon,0,1,/catalog/apparel,0,,,,
8000000308,9000000000002273,1,1737579120,3,20,organic,search-engine,mobile,Edge,Portugal,Lisbon,0,3,/catalog/apparel,0,,,,
8000002425,9000000000002274,0,1737957180,1,5,referral,partner.example,desktop,Firefox,Germany,Berlin,0,1,/catalog/electronics,0,/product/featured-item,11999,/checkout,46976
8000000712,9000000000002275,1,1737955560,1,5,organic,search-engine,desktop,Chrome,United Kingdom,England,0,1,/home,0,/catalog/electronics,25953,/catalog/accessories,98981
8000001328,9000000000002276,1,1735998540,6,13,organic,search-engine,desktop,Chrome,Germany,Berlin,0,1,/catalog/electronics,0,/checkout,22868,/catalog/accessories,120632
8000001479,9000000000002277,1,1736859600,2,13,email,newsletter,mobile,Firefox,Portugal,Lisbon,0,1,/catalog/apparel,0,/basket,10932,,
8000001911,9000000000002278,1,1736946060,3,13,organic,search-engine,mobile,Chrome,France,Ile-de-France,0,1,/catalog/electronics,0,/checkout,38146,,
8000000227,9000000000002279,1,1737582060,3,21,(none),(direct),mobile,Firefox,France,Ile-de-France,0,1,/catalog/electronics,0,/basket,28432,,
8000000581,9000000000002280,1,1736625060,6,19,(none),(direct),desktop,Chrome,United Kingdom,England,0,2,/catalog/accessories,0,,,,
8000001825,9000000000002281,1,1738026900,2,1,referral,partner.example,desktop,Edge,Germany,Berlin,0,1,/catalog/accessories,0,/catalog/electronics,67557,,
8000000182,9000000000002282,1,1736109780,7,20,(none),(direct),desktop,Chrome,United Kingdom,England,0,1,/catalog/accessories,0,,,,
8000000302,9000000000002283,1,1737936660,1,0,referral,partner.example,desktop,Edge,United Kingdom,England,0,2,/catalog/accessories,0,/checkout,31732,,
8000002357,9000000000002284,0,1738235400,4,11,referral,partner.example,mobile,Firefox,United Kingdom,England,0,3,/home,0,/catalog/accessories,72192,,
8000000317,9000000000002285,0,1737377880,1,12,referral,partner.example,mobile,Edge,Germany,Berlin,0,1,/home,0,/basket,63164,/catalog/accessories,108974
8000003243,9000000000002286,1,1736907660,3,2,referral,partner.example,desktop,Safari,Germany,Berlin,0,1,/home,0,,,,
8000002119,9000000000002287,0,1737834240,6,19,referral,partner.example,mobile,Safari,Spain,Madrid,0,2,/catalog/electronics,0,/basket,63581,,
8000002902,9000000000002288,1,1737502620,2,23,cpc,paid-media,desktop,Edge,France,Ile-de-France,0,1,/catalog/electronics,0,/checkout,83610,/product/featured-item,203146
8000001483,9000000000002289,1,1737563460,3,16,organic,search-engine,desktop,Chrome,Germany,Berlin,0,2,/product/featured-item,0,,,,
8000002341,9000000000002290,1,1735873920,5,3,referral,partner.example,desktop,Edge,United Kingdom,England,0,1,/catalog/electronics,0,,,,
8000000208,9000000000002291,1,1738153020,3,12,organic,search-engine,mobile,Safari,United Kingdom,England,0,1,/catalog/apparel,0,/basket,64636,/product/featured-item,121057
8000000516,9000000000002292,1,1737128640,5,15,email,newsletter,mobile,Chrome,Portugal,Lisbon,0,3,/catalog/accessories,0,/basket,37183,/checkout,147996
8000000608,9000000000002293,1,1737524940,3,5,referral,partner.example,desktop,Firefox,Portugal,Lisbon,0,3,/catalog/accessories,0,,,,
8000002013,9000000000002294,1,1736980320,3,22,cpc,paid-media,mobile,Safari,Portugal,Lisbon,0,3,/catalog/apparel,0,,,,
8000000891,9000000000002295,0,1736987040,4,0,(none),(direct),desktop,Firefox,France,Ile-de-France,0,1,/catalog/electronics,0,/catalog/electronics,33766,/checkout,145088
8000002841,9000000000002296,1,1737582120,3,21,cpc,paid-media,mobile,Safari,Portugal,Lisbon,0,1,/catalog/apparel,0,,,,
8000003039,9000000000002297,1,1736873940,2,16,cpc,paid-media,mobile,Chrome,Spain,Madrid,0,1,/catalog/electronics,0,/catalog/apparel,75763,/catalog/electronics,79846
8000001666,9000000000002298,1,1735955220,6,1,email,newsletter,desktop,Chrome,Germany,Berlin,0,1,/catalog/accessories,0,/catalog/accessories,43693,,
8000000722,9000000000002299,1,1738211280,4,4,referral,partner.example,desktop,Firefox,United Kingdom,England,0,2,/catalog/accessories,0,/catalog/accessories,58736,,
8000002339,9000000000002300,1,1736572860,6,5,(none),(direct),desktop,Firefox,Spain,Madrid,0,2,/product/featured-item,0,,,,
8000000751,9000000000002301,1,1737053100,4,18,referral,partner.example,desktop,Chrome,United Kingdom,England,0,2,/catalog/apparel,0,,,,
8000000081,9000000000002302,1,1737582540,3,21,referral,partner.example,desktop,Safari,Spain,Madrid,0,4,/catalog/electronics,0,,,,
8000001271,9000000000002303,1,1736088540,7,14,referral,partner.example,desktop,Firefox,Germany,Berlin,0,1,/catalog/electronics,0,,,,
8000000645,9000000000002304,1,1735905720,5,12,referral,partner.example,desktop,Chrome,Portugal,Lisbon,0,1,/home,0,/catalog/apparel,19310,/catalog/electronics,64125
8000001498,9000000000002305,1,1737091380,5,5,email,newsletter,desktop,Safari,Germany,Berlin,0,2,/catalog/accessories,0,/basket,8858,,
8000001397,9000000000002306,1,1737235980,6,21,email,newsletter,desktop,Chrome,United Kingdom,England,0,1,/catalog/apparel,0,,,,
8000002092,9000000000002307,0,1735829520,4,14,cpc,paid-media,mobile,Firefox,Portugal,Lisbon,0,1,/catalog/apparel,0,/catalog/accessories,47253,,
8000002987,9000000000002308,1,1736908800,3,2,(none),(direct),tablet,Chrome,Portugal,Lisbon,0,2,/catalog/electronics,0,/product/featured-item,43164,/basket,92080
8000001771,9000000000002309,1,1736596380,6,11,referral,partner.example,tablet,Edge,Spain,Madrid,0,1,/catalog/electronics,0,,,,
8000000550,9000000000002310,1,1735982280,6,9,(none),(direct),mobile,Safari,Germany,Berlin,0,1,/product/featured-item,0,/catalog/accessories,11588,/catalog/accessories,54569
8000002304,9000000000002311,1,1738282920,5,0,cpc,paid-media,desktop,Chrome,France,Ile-de-France,0,1,/catalog/apparel,0,,,,
8000002838,9000000000002312,0,1737350760,1,5,organic,search-engine,mobile,Chrome,United Kingdom,England,0,2,/catalog/apparel,0,/basket,39293,/catalog/accessories,141601
8000002458,9000000000002313,0,1736274660,2,18,cpc,paid-media,mobile,Edge,United Kingdom,England,0,1,/catalog/electronics,0,/catalog/apparel,38837,,
8000000996,9000000000002314,0,1737871380,7,6,(none),(direct),desktop,Chrome,United Kingdom,England,0,4,/home,0,/basket,48297,,
8000002707,9000000000002315,1,1738014300,1,21,cpc,paid-media,desktop,Edge,Germany,Berlin,0,1,/home,0,,,,
8000000050,9000000000002316,0,1737573720,3,19,referral,partner.example,mobile,Chrome,Spain,Madrid,0,1,/catalog/accessories,0,,,,
8000001833,9000000000002317,1,1736296440,3,0,referral,partner.example,desktop,Edge,France,Ile-de-France,0,1,/product/featured-item,0,/catalog/apparel,5772,/catalog/electronics,77694
8000003114,9000000000002318,1,1738042620,2,5,(none),(direct),mobile,Chrome,United Kingdom,England,0,1,/catalog/electronics,0,/checkout,28793,/product/featured-item,84749
8000001080,9000000000002319,0,1737908460,7,16,organic,search-engine,mobile,Chrome,Germany,Berlin,0,1,/catalog/accessories,0,/checkout,75555,/product/featured-item,121808
8000001452,9000000000002320,1,1737384780,1,14,organic,search-engine,desktop,Firefox,United Kingdom,England,0,1,/home,0,,,,
8000002064,9000000000002321,1,1735881540,5,5,cpc,paid-media,desktop,Safari,Spain,Madrid,0,1,/catalog/electronics,0,/catalog/apparel,47364,/checkout,105531
8000002882,9000000000002322,1,1737564480,3,16,cpc,paid-media,mobile,Edge,Portugal,Lisbon,0,1,/catalog/apparel,0,,,,
8000003440,9000000000002323,1,1737324120,7,22,organic,search-engine,desktop,Firefox,United Kingdom,England,0,3,/catalog/accessories,0,/catalog/accessories,89134,/catalog/accessories,98680
8000001381,9000000000002324,1,1736952780,3,14,organic,search-engine,mobile,Safari,France,Ile-de-France,0,1,/catalog/electronics,0,/catalog/apparel,6781,,
8000001645,9000000000002325,0,1738171140,3,17,cpc,paid-media,desktop,Firefox,United Kingdom,England,0,1,/catalog/apparel,0,/catalog/electronics,28502,/basket,135141
8000003164,9000000000002326,1,1738329060,5,13,organic,search-engine,desktop,Firefox,United Kingdom,England,0,1,/product/featured-item,0,/catalog/accessories,31625,/checkout,35952
8000002320,9000000000002327,1,1738221180,4,7,cpc,paid-media,desktop,Edge,France,Ile-de-France,0,1,/catalog/accessories,0,/product/featured-item,27513,/checkout,76597
8000000636,9000000000002328,1,1737468240,2,14,email,newsletter,mobile,Edge,Portugal,Lisbon,0,1,/home,0,/catalog/accessories,39613,/catalog/electronics,46718
8000000756,9000000000002329,0,1737102900,5,8,organic,search-engine,mobile,Safari,United Kingdom,England,0,2,/product/featured-item,0,/catalog/apparel,69709,,
8000000050,9000000000002330,1,1737013980,4,7,organic,search-engine,desktop,Edge,Germany,Berlin,0,1,/catalog/accessories,0,/basket,30509,,
8000003160,9000000000002331,1,1736772540,1,12,cpc,paid-media,mobile,Edge,Portugal,Lisbon,0,1,/product/featured-item,0,/product/featured-item,44779,,
8000003320,9000000000002332,1,1736797860,1,19,email,newsletter,desktop,Edge,Portugal,Lisbon,0,1,/home,0,/catalog/electronics,72345,,
8000001001,9000000000002333,0,1737504240,3,0,referral,partner.example,desktop,Chrome,France,Ile-de-France,0,1,/catalog/electronics,0,/catalog/accessories,16401,,
8000002782,9000000000002334,1,1737186360,6,7,(none),(direct),mobile,Edge,France,Ile-de-France,0,1,/home,0,,,,
8000000101,9000000000002335,0,1736726460,1,0,cpc,paid-media,mobile,Chrome,Portugal,Lisbon,0,2,/product/featured-item,0,,,,
8000000513,9000000000002336,1,1736929500,3,8,cpc,paid-media,tablet,Safari,United Kingdom,England,0,1,/home,0,/catalog/electronics,74379,,
8000000903,9000000000002337,1,1736719140,7,21,organic,search-engine,desktop,Chrome,Spain,Madrid,0,1,/catalog/accessories,0,,,,
8000000352,9000000000002338,1,1736599680,6,12,referral,partner.example,desktop,Firefox,Portugal,Lisbon,0,1,/product/featured-item,0,/basket,61039,,
8000003051,9000000000002339,1,1736770500,1,12,organic,search-engine,mobile,Chrome,Germany,Berlin,0,1,/catalog/accessories,0,/catalog/electronics,71018,,
8000003315,9000000000002340,0,1737080340,5,2,cpc,paid-media,desktop,Chrome,Germany,Berlin,0,1,/catalog/electronics,0,/catalog/accessories,9163,/basket,70799
8000001088,9000000000002341,1,1736705160,7,18,(none),(direct),mobile,Safari,United Kingdom,England,0,1,/home,0,,,,
8000002901,9000000000002342,1,1736589060,6,9,cpc,paid-media,mobile,Edge,United Kingdom,England,0,1,/catalog/apparel,0,/catalog/accessories,41381,,
8000001748,9000000000002343,1,1737462660,2,12,email,newsletter,desktop,Edge,Portugal,Lisbon,0,1,/home,0,,,,
8000000333,9000000000002344,1,1735794780,4,5,(none),(direct),mobile,Firefox,France,Ile-de-France,0,1,/product/featured-item,0,/catalog/apparel,52921,/catalog/electronics,92751
8000001639,9000000000002345,1,1737513600,3,2,(none),(direct),desktop,Firefox,United Kingdom,England,0,1,/catalog/electronics,0,/checkout,79455,,
8000000050,9000000000002346,1,1738244040,4,13,referral,partner.example,desktop,Chrome,Portugal,Lisbon,0,1,/catalog/apparel,0,/catalog/apparel,63411,,
8000002679,9000000000002347,1,1737578880,3,20,email,newsletter,mobile,Chrome,France,Ile-de-France,0,3,/home,0,/catalog/accessories,60215,,
8000001812,9000000000002348,1,1736108820,7,20,(none),(direct),mobile,Chrome,Germany,Berlin,0,1,/home,0,,,,
8000001098,9000000000002349,1,1736816580,2,1,email,newsletter,desktop,Firefox,France,Ile-de-France,0,1,/catalog/electronics,0,/basket,32578,/product/featured-item,121817
8000002873,9000000000002350,0,1737036120,4,14,email,newsletter,mobile,Firefox,Spain,Madrid,0,1,/home,0,/catalog/apparel,29671,,
8000003102,9000000000002351,1,1735907400,5,12,email,newsletter,mobile,Chrome,United Kingdom,England,0,3,/product/featured-item,0,/product/featured-item,30107,,
8000001957,9000000000002352,1,1738236000,4,11,cpc,paid-media,desktop,Edge,Germany,Berlin,0,1,/catalog/apparel,0,/basket,22286,,
8000000804,9000000000002353,1,1737892200,7,11,email,newsletter,mobile,Safari,Germany,Berlin,0,2,/catalog/electronics,0,,,,
8000002267,9000000000002354,1,1737471780,2,15,organic,search-engine,desktop,Safari,Portugal,Lisbon,0,2,/catalog/electronics,0,,,,
8000002495,9000000000002355,0,1737225120,6,18,cpc,paid-media,mobile,Edge,Germany,Berlin,0,1,/home,0,/catalog/electronics,32014,,
8000002938,9000000000002356,0,1736167080,1,12,cpc,paid-media,desktop,Edge,Portugal,Lisbon,0,1,/catalog/apparel,0,/basket,50626,,
8000003358,9000000000002357,1,1738019520,1,23,(none),(direct),mobile,Chrome,Germany,Berlin,0,2,/catalog/apparel,0,/catalog/electronics,44946,,
8000002455,9000000000002358,0,1736622840,6,19,email,newsletter,mobile,Edge,Germany,Berlin,0,1,/product/featured-item,0,,,,
8000000619,9000000000002359,1,1737113460,5,11,email,newsletter,desktop,Chrome,Portugal,Lisbon,0,2,/home,0,/basket,9024,,
8000002733,9000000000002360,1,1735907340,5,12,organic,search-engine,mobile,Firefox,Germany,Berlin,0,3,/product/featured-item,0,/catalog/apparel,75642,,
8000002568,9000000000002361,1,1737711780,5,9,organic,search-engine,desktop,Safari,Portugal,Lisbon,1,1,/catalog/apparel,0,,,,
8000002175,9000000000002362,0,1736880840,2,18,cpc,paid-media,mobile,Edge,United Kingdom,England,0,1,/catalog/apparel,0,/checkout,75489,,
8000000302,9000000000002363,1,1735930860,5,19,email,newsletter,mobile,Edge,United Kingdom,England,0,2,/catalog/accessories,0,/checkout,84325,,
8000001299,9000000000002364,1,1737337080,1,1,organic,search-engine,mobile,Safari,Spain,Madrid,0,2,/home,0,,,,
8000001683,9000000000002365,1,1736528400,5,17,organic,search-engine,desktop,Safari,Germany,Berlin,0,2,/catalog/apparel,0,,,,
8000000777,9000000000002366,1,1737315360,7,19,email,newsletter,mobile,Chrome,Germany,Berlin,0,1,/catalog/electronics,0,/product/featured-item,84008,,
8000001780,9000000000002367,1,1736766660,1,11,organic,search-engine,mobile,Firefox,Spain,Madrid,0,1,/product/featured-item,0,/basket,31899,,
8000000612,9000000000002368,1,1738186740,3,21,cpc,paid-media,mobile,Safari,Portugal,Lisbon,0,3,/catalog/accessories,0,/basket,83869,/checkout,160274
8000000758,9000000000002369,0,1738107480,2,23,cpc,paid-media,mobile,Edge,France,Ile-de-France,0,1,/home,0,/basket,84548,/catalog/electronics,142804
8000000305,9000000000002370,1,1736905020,3,1,referral,partner.example,desktop,Chrome,Germany,Berlin,0,2,/catalog/accessories,0,/basket,75653,,
8000002878,9000000000002371,1,1737056880,4,19,(none),(direct),mobile,Safari,Portugal,Lisbon,0,2,/product/featured-item,0,,,,
8000001962,9000000000002372,1,1738087200,2,18,organic,search-engine,desktop,Edge,France,Ile-de-France,0,1,/catalog/electronics,0,/checkout,32851,/product/featured-item,96187
8000001620,9000000000002373,1,1735777980,4,0,referral,partner.example,desktop,Edge,France,Ile-de-France,0,1,/catalog/apparel,0,/catalog/apparel,83590,,
8000002956,9000000000002374,1,1737480180,2,17,(none),(direct),desktop,Firefox,France,Ile-de-France,0,1,/catalog/apparel,0,,,,
8000001044,9000000000002375,1,1737464700,2,13,email,newsletter,mobile,Edge,Portugal,Lisbon,0,1,/catalog/accessories,0,/checkout,61775,/basket,65328
8000001610,9000000000002376,1,1738257000,4,17,cpc,paid-media,mobile,Chrome,Portugal,Lisbon,0,2,/product/featured-item,0,/catalog/electronics,23019,,
8000000176,9000000000002377,1,1737111000,5,10,cpc,paid-media,tablet,Safari,Portugal,Lisbon,0,1,/product/featured-item,0,,,,
8000000571,9000000000002378,1,1737700020,5,6,cpc,paid-media,desktop,Safari,Spain,Madrid,0,1,/catalog/electronics,0,,,,
8000000941,9000000000002379,1,1737367680,1,10,email,newsletter,mobile,Chrome,France,Ile-de-France,0,1,/catalog/apparel,0,/catalog/accessories,10395,/basket,93290
8000002232,9000000000002380,1,1737537540,3,9,email,newsletter,mobile,Chrome,Portugal,Lisbon,0,1,/catalog/accessories,0,/checkout,29438,/checkout,113912
8000001448,9000000000002381,1,1736995140,4,2,organic,search-engine,mobile,Firefox,Portugal,Lisbon,0,1,/catalog/apparel,0,/catalog/electronics,17050,,
8000001759,9000000000002382,1,1736369520,3,20,referral,partner.example,mobile,Safari,Portugal,Lisbon,0,2,/product/featured-item,0,/catalog/apparel,33539,,
8000000946,9000000000002383,1,1735700640,3,3,referral,partner.example,mobile,Edge,Spain,Madrid,0,1,/catalog/apparel,0,,,,
8000002353,9000000000002384,0,1736140680,1,5,cpc,paid-media,mobile,Chrome,Spain,Madrid,0,2,/catalog/electronics,0,,,,
8000000906,9000000000002385,1,1736177040,1,15,cpc,paid-media,mobile,Firefox,Germany,Berlin,1,1,/catalog/accessories,0,/basket,29045,/product/featured-item,143521
8000000264,9000000000002386,1,1735763760,3,20,cpc,paid-media,desktop,Firefox,Germany,Berlin,0,2,/home,0,/product/featured-item,45422,/checkout,119815
8000002007,9000000000002387,1,1737290820,7,12,email,newsletter,desktop,Safari,Germany,Berlin,0,1,/home,0,,,,
8000001470,9000000000002388,1,1735713420,3,6,email,newsletter,mobile,Edge,United Kingdom,England,0,1,/catalog/apparel,0,,,,
8000000501,9000000000002389,0,1736986800,4,0,referral,partner.example,mobile,Firefox,France,Ile-de-France,0,1,/product/featured-item,0,/catalog/accessories,74440,,
8000000791,9000000000002390,1,1737482760,2,18,cpc,paid-media,mobile,Edge,Spain,Madrid,0,1,/catalog/accessories,0,/catalog/electronics,42116,,
8000003057,9000000000002391,0,1738349160,5,18,referral,partner.example,mobile,Safari,Portugal,Lisbon,0,2,/catalog/accessories,0,,,,
8000002075,9000000000002392,1,1737401640,1,19,referral,partner.example,desktop,Chrome,United Kingdom,England,0,3,/home,0,/catalog/accessories,60345,/catalog/electronics,98568
8000001044,9000000000002393,0,1737100200,5,7,(none),(direct),mobile,Safari,United Kingdom,England,0,1,/catalog/apparel,0,/basket,42566,/checkout,152938
8000001508,9000000000002394,1,1736981220,3,22,email,newsletter,mobile,Chrome,France,Ile-de-France,0,1,/catalog/apparel,0,/catalog/accessories,60058,/product/featured-item,104155
8000003217,9000000000002395,1,1737455940,2,10,(none),(direct),mobile,Firefox,Spain,Madrid,0,1,/home,0,/catalog/electronics,20716,,
8000000360,9000000000002396,0,1737219420,6,16,organic,search-engine,desktop,Chrome,France,Ile-de-France,0,2,/home,0,,,,
8000001428,9000000000002397,1,1738282020,5,0,referral,partner.example,desktop,Safari,Spain,Madrid,0,1,/catalog/electronics,0,/checkout,9967,,
8000002789,9000000000002398,0,1735966200,6,4,referral,partner.example,mobile,Chrome,United Kingdom,England,0,1,/catalog/electronics,0,,,,
8000001151,9000000000002399,0,1737224760,6,18,organic,search-engine,mobile,Edge,Spain,Madrid,0,1,/product/featured-item,0,,,,
8000000519,9000000000002400,0,1737524100,3,5,organic,search-engine,mobile,Safari,France,Ile-de-France,0,1,/catalog/electronics,0,,,,
8000003065,9000000000002401,1,1737816900,6,14,(none),(direct),mobile,Chrome,Spain,Madrid,0,1,/catalog/accessories,0,/checkout,82579,,
8000003179,9000000000002402,1,1736613060,6,16,(none),(direct),desktop,Firefox,Spain,Madrid,0,2,/catalog/accessories,0,/basket,67069,/catalog/accessories,146058
8000001895,9000000000002403,1,1738216260,4,5,email,newsletter,mobile,Edge,France,Ile-de-France,0,1,/catalog/accessories,0,/catalog/apparel,24328,/checkout,123821
8000001167,9000000000002404,1,1738261980,4,18,referral,partner.example,desktop,Edge,Germany,Berlin,0,1,/catalog/accessories,0,,,,
8000001022,9000000000002405,1,1737030000,4,12,(none),(direct),mobile,Chrome,United Kingdom,England,0,1,/product/featured-item,0,/basket,85470,,
8000002884,9000000000002406,1,1737939960,1,1,cpc,paid-media,desktop,Chrome,France,Ile-de-France,0,1,/product/featured-item,0,/catalog/accessories,56609,,
8000001268,9000000000002407,1,1736547120,5,22,email,newsletter,mobile,Edge,Germany,Berlin,0,1,/home,0,,,,
8000003303,9000000000002408,0,1737521820,3,4,cpc,paid-media,tablet,Firefox,Portugal,Lisbon,0,1,/home,0,,,,
8000002015,9000000000002409,0,1737686580,5,2,(none),(direct),desktop,Edge,United Kingdom,England,0,1,/product/featured-item,0,/catalog/accessories,3789,/checkout,36760
8000001393,9000000000002410,0,1736200320,1,21,(none),(direct),desktop,Safari,Portugal,Lisbon,0,3,/catalog/electronics,0,,,,
8000001291,9000000000002411,0,1736458560,4,21,referral,partner.example,desktop,Firefox,France,Ile-de-France,0,1,/catalog/apparel,0,,,,
8000001076,9000000000002412,1,1738026180,2,1,organic,search-engine,desktop,Chrome,Spain,Madrid,0,1,/catalog/accessories,0,/product/featured-item,82265,,
8000001286,9000000000002413,1,1737137160,5,18,email,newsletter,mobile,Chrome,Portugal,Lisbon,0,1,/home,0,,,,
8000000797,9000000000002414,1,1737333600,1,0,email,newsletter,desktop,Safari,France,Ile-de-France,0,3,/product/featured-item,0,/product/featured-item,22986,,
8000000382,9000000000002415,1,1738185960,3,21,referral,partner.example,desktop,Edge,Portugal,Lisbon,0,1,/catalog/apparel,0,,,,
8000000692,9000000000002416,1,1736277120,2,19,(none),(direct),mobile,Firefox,Portugal,Lisbon,0,1,/catalog/accessories,0,/catalog/electronics,34549,/checkout,124524
8000003323,9000000000002417,1,1737026940,4,11,(none),(direct),desktop,Chrome,Spain,Madrid,0,1,/catalog/electronics,0,,,,
8000003147,9000000000002418,1,1737808740,6,12,(none),(direct),mobile,Edge,France,Ile-de-France,0,1,/catalog/apparel,0,,,,
8000002362,9000000000002419,1,1738051260,2,8,organic,search-engine,desktop,Safari,Germany,Berlin,0,3,/catalog/electronics,0,/basket,51418,/catalog/electronics,147904
8000002306,9000000000002420,1,1735757880,3,18,referral,partner.example,mobile,Chrome,Spain,Madrid,0,1,/catalog/electronics,0,/basket,54482,/product/featured-item,70137
8000000098,9000000000002421,1,1735953540,6,1,email,newsletter,mobile,Edge,Spain,Madrid,0,1,/catalog/electronics,0,/catalog/accessories,42545,,
8000000671,9000000000002422,1,1736139840,1,5,cpc,paid-media,desktop,Chrome,Portugal,Lisbon,0,2,/catalog/apparel,0,/catalog/accessories,32305,,
8000002368,9000000000002423,1,1737175620,6,4,(none),(direct),desktop,Safari,Portugal,Lisbon,0,1,/catalog/electronics,0,,,,
8000000173,9000000000002424,1,1735908420,5,12,(none),(direct),desktop,Firefox,Spain,Madrid,0,1,/product/featured-item,0,/checkout,9096,/product/featured-item,52456
8000002194,9000000000002425,0,1737439020,2,5,referral,partner.example,mobile,Safari,Spain,Madrid,0,1,/product/featured-item,0,/catalog/accessories,5380,/checkout,17754
8000002267,9000000000002426,1,1735898040,5,9,email,newsletter,desktop,Chrome,Germany,Berlin,0,1,/catalog/accessories,0,/basket,3722,/product/featured-item,116430
8000001803,9000000000002427,1,1736301540,3,1,email,newsletter,mobile,Firefox,France,Ile-de-France,0,1,/home,0,/product/featured-item,34847,/checkout,98355
8000003320,9000000000002428,1,1738072440,2,13,email,newsletter,desktop,Edge,Germany,Berlin,0,3,/catalog/apparel,0,/catalog/apparel,82585,,
8000002236,9000000000002429,0,1736894040,2,22,referral,partner.example,desktop,Safari,Portugal,Lisbon,0,2,/home,0,,,,
8000002898,9000000000002430,1,1738221480,4,7,cpc,paid-media,desktop,Edge,Germany,Berlin,1,2,/catalog/electronics,0,/catalog/electronics,69626,/basket,127232
8000002224,9000000000002431,1,1737715860,5,10,organic,search-engine,mobile,Firefox,Portugal,Lisbon,0,4,/product/featured-item,0,,,,
8000003433,9000000000002432,1,1737135360,5,17,organic,search-engine,desktop,Firefox,United Kingdom,England,0,1,/catalog/accessories,0,/catalog/apparel,36407,,
8000002754,9000000000002433,1,1736751480,1,6,organic,search-engine,mobile,Edge,Portugal,Lisbon,0,1,/home,0,/basket,36300,/checkout,111197
8000001931,9000000000002434,0,1735694160,3,1,(none),(direct),mobile,Chrome,Germany,Berlin,0,1,/catalog/accessories,0,/catalog/apparel,87047,/catalog/accessories,102607
8000000239,9000000000002435,0,1736810160,1,23,referral,partner.example,desktop,Edge,United Kingdom,England,0,1,/home,0,/checkout,21879,/basket,108828
8000001342,9000000000002436,1,1735954500,6,1,organic,search-engine,desktop,Chrome,United Kingdom,England,0,1,/catalog/accessories,0,,,,
8000000116,9000000000002437,1,1736384040,4,0,organic,search-engine,desktop,Safari,Spain,Madrid,0,1,/home,0,/catalog/electronics,84145,,
8000002764,9000000000002438,1,1736366460,3,20,(none),(direct),mobile,Firefox,Germany,Berlin,0,1,/product/featured-item,0,/basket,86989,,
8000001730,9000000000002439,0,1736952960,3,14,(none),(direct),mobile,Firefox,Germany,Berlin,0,1,/product/featured-item,0,,,,
8000003128,9000000000002440,0,1736703720,7,17,referral,partner.example,desktop,Firefox,Portugal,Lisbon,0,1,/catalog/apparel,0,/catalog/apparel,7157,/catalog/electronics,113142
8000000977,9000000000002441,1,1737492780,2,20,(none),(direct),mobile,Edge,Germany,Berlin,0,1,/home,0,,,,
8000003046,9000000000002442,1,1738347960,5,18,cpc,paid-media,mobile,Chrome,Portugal,Lisbon,0,2,/catalog/electronics,0,,,,
8000001234,9000000000002443,1,1738043820,2,5,organic,search-engine,mobile,Chrome,United Kingdom,England,0,1,/catalog/accessories,0,/checkout,37765,/checkout,116865
8000002062,9000000000002444,1,1737265440,7,5,referral,partner.example,desktop,Chrome,Portugal,Lisbon,0,1,/product/featured-item,0,,,,
8000002285,9000000000002445,0,1737406860,1,21,referral,partner.example,desktop,Chrome,France,Ile-de-France,0,1,/home,0,,,,
8000000371,9000000000002446,1,1735912740,5,13,(none),(direct),desktop,Firefox,Portugal,Lisbon,0,1,/catalog/apparel,0,,,,
8000000313,9000000000002447,1,1736644140,7,1,email,newsletter,mobile,Chrome,Germany,Berlin,0,2,/home,0,/checkout,28025,/basket,115331
8000000640,9000000000002448,0,1736270760,2,17,cpc,paid-media,desktop,Firefox,France,Ile-de-France,0,1,/catalog/apparel,0,/product/featured-item,45902,,
8000003370,9000000000002449,1,1737948360,1,3,(none),(direct),mobile,Safari,Germany,Berlin,0,3,/catalog/accessories,0,,,,
8000001928,9000000000002450,1,1736693760,7,14,(none),(direct),mobile,Firefox,France,Ile-de-France,0,1,/catalog/apparel,0,/product/featured-item,61725,/catalog/electronics,77316
8000000331,9000000000002451,0,1736720760,7,22,cpc,paid-media,desktop,Safari,Spain,Madrid,0,1,/catalog/electronics,0,/basket,20881,/product/featured-item,104341
8000002539,9000000000002452,1,1737669180,4,21,(none),(direct),mobile,Firefox,Germany,Berlin,0,1,/catalog/electronics,0,/basket,45338,,
8000003107,9000000000002453,0,1736849220,2,10,organic,search-engine,desktop,Safari,Portugal,Lisbon,0,1,/home,0,/basket,78184,,
8000002832,9000000000002454,1,1736980500,3,22,(none),(direct),desktop,Safari,Germany,Berlin,0,1,/home,0,/catalog/apparel,34921,,
8000000455,9000000000002455,1,1736291940,2,23,email,newsletter,mobile,Chrome,United Kingdom,England,0,4,/catalog/electronics,0,/catalog/electronics,89697,/catalog/electronics,137503
8000002271,9000000000002456,0,1737270540,7,7,referral,partner.example,mobile,Edge,Spain,Madrid,0,1,/catalog/electronics,0,,,,
8000001374,9000000000002457,1,1738101120,2,21,email,newsletter,desktop,Safari,France,Ile-de-France,0,1,/catalog/accessories,0,,,,
8000000989,9000000000002458,0,1736665020,7,6,organic,search-engine,desktop,Edge,Germany,Berlin,0,1,/catalog/electronics,0,,,,
8000002604,9000000000002459,1,1738240380,4,12,referral,partner.example,desktop,Chrome,Germany,Berlin,0,2,/home,0,,,,
8000000533,9000000000002460,0,1738149300,3,11,organic,search-engine,desktop,Edge,Portugal,Lisbon,0,1,/catalog/accessories,0,/catalog/accessories,8224,,
8000001421,9000000000002461,1,1738137660,3,8,(none),(direct),desktop,Safari,Germany,Berlin,0,1,/home,0,/catalog/electronics,5764,/product/featured-item,29423
8000000702,9000000000002462,1,1738295700,5,3,(none),(direct),mobile,Firefox,Germany,Berlin,0,1,/product/featured-item,0,/catalog/apparel,82406,,
8000000641,9000000000002463,1,1737783900,6,5,email,newsletter,desktop,Edge,Portugal,Lisbon,0,1,/catalog/apparel,0,/catalog/apparel,23962,/catalog/electronics,132719
8000000859,9000000000002464,0,1736316120,3,6,organic,search-engine,desktop,Safari,Germany,Berlin,0,2,/catalog/electronics,0,,,,
8000002233,9000000000002465,1,1737219960,6,17,referral,partner.example,desktop,Safari,United Kingdom,England,0,1,/catalog/electronics,0,,,,
8000000120,9000000000002466,0,1736645880,7,1,referral,partner.example,desktop,Chrome,Germany,Berlin,0,1,/product/featured-item,0,/catalog/accessories,12484,,
8000000933,9000000000002467,0,1736562000,6,2,email,newsletter,mobile,Firefox,France,Ile-de-France,0,1,/catalog/accessories,0,,,,
8000001742,9000000000002468,1,1736371740,3,21,referral,partner.example,tablet,Chrome,Spain,Madrid,0,1,/catalog/accessories,0,,,,
8000000873,9000000000002469,0,1737025140,4,10,(none),(direct),desktop,Safari,United Kingdom,England,0,1,/catalog/accessories,0,/catalog/apparel,30917,,
8000003342,9000000000002470,0,1737451800,2,9,organic,search-engine,desktop,Safari,Spain,Madrid,0,1,/catalog/accessories,0,,,,
8000001190,9000000000002471,0,1737303900,7,16,(none),(direct),mobile,Edge,Spain,Madrid,0,1,/catalog/accessories,0,,,,
8000000428,9000000000002472,0,1736098500,7,17,cpc,paid-media,desktop,Edge,United Kingdom,England,0,1,/catalog/electronics,0,/catalog/apparel,39419,/checkout,93812
8000003447,9000000000002473,1,1737039360,4,14,cpc,paid-media,mobile,Firefox,France,Ile-de-France,0,2,/catalog/electronics,0,,,,
8000002046,9000000000002474,1,1736587140,6,9,referral,partner.example,desktop,Firefox,Spain,Madrid,0,1,/catalog/accessories,0,,,,
8000001443,9000000000002475,1,1737791940,6,7,cpc,paid-media,mobile,Firefox,Germany,Berlin,0,3,/product/featured-item,0,/checkout,33346,,
8000003442,9000000000002476,1,1738020660,1,23,email,newsletter,tablet,Chrome,Germany,Berlin,0,1,/catalog/apparel,0,/product/featured-item,29043,/checkout,38796
8000002359,9000000000002477,1,1737701460,5,6,organic,search-engine,mobile,Edge,Spain,Madrid,0,1,/catalog/apparel,0,,,,
8000001015,9000000000002478,1,1737088860,5,4,cpc,paid-media,desktop,Chrome,Portugal,Lisbon,0,1,/catalog/apparel,0,/basket,72888,,
8000000847,9000000000002479,1,1737486720,2,19,email,newsletter,mobile,Firefox,Spain,Madrid,0,3,/catalog/accessories,0,/product/featured-item,69042,/basket,171567
8000002491,9000000000002480,0,1737386280,1,15,(none),(direct),desktop,Firefox,United Kingdom,England,0,1,/product/featured-item,0,,,,
8000002335,9000000000002481,1,1737147840,5,21,email,newsletter,desktop,Firefox,France,Ile-de-France,0,1,/catalog/accessories,0,/checkout,84777,/basket,97653
8000000305,9000000000002482,0,1737888240,7,10,referral,partner.example,mobile,Firefox,Spain,Madrid,0,1,/home,0,,,,
8000001857,9000000000002483,1,1738319160,5,10,(none),(direct),mobile,Safari,United Kingdom,England,0,1,/catalog/accessories,0,/catalog/apparel,10795,/product/featured-item,92782
8000002013,9000000000002484,0,1736851140,2,10,email,newsletter,desktop,Safari,Portugal,Lisbon,0,1,/catalog/electronics,0,,,,
8000003134,9000000000002485,0,1738139160,3,8,email,newsletter,desktop,Safari,Portugal,Lisbon,0,2,/home,0,/basket,49497,/catalog/accessories,141045
8000003219,9000000000002486,1,1736352240,3,16,email,newsletter,mobile,Chrome,France,Ile-de-France,0,1,/home,0,/checkout,59213,/catalog/electronics,91825
8000000722,9000000000002487,1,1736037780,7,0,(none),(direct),mobile,Firefox,France,Ile-de-France,0,1,/home,0,,,,
8000002898,9000000000002488,1,1735795380,4,5,email,newsletter,mobile,Chrome,Germany,Berlin,0,1,/product/featured-item,0,/catalog/electronics,44587,/catalog/electronics,86234
8000000357,9000000000002489,1,1736137260,1,4,referral,partner.example,mobile,Edge,Spain,Madrid,0,1,/catalog/electronics,0,/basket,28493,,
8000001752,9000000000002490,1,1737839940,6,21,cpc,paid-media,desktop,Safari,Germany,Berlin,0,1,/catalog/apparel,0,/catalog/accessories,23682,/catalog/accessories,106847
8000000162,9000000000002491,1,1736052360,7,4,email,newsletter,mobile,Chrome,France,Ile-de-France,0,1,/catalog/electronics,0,/catalog/accessories,8650,,
8000001238,9000000000002492,1,1737106980,5,9,referral,partner.example,desktop,Safari,United Kingdom,England,0,1,/catalog/electronics,0,/basket,22195,,
8000002301,9000000000002493,1,1736503140,5,9,organic,search-engine,desktop,Firefox,Spain,Madrid,0,4,/home,0,/product/featured-item,66101,,
8000001984,9000000000002494,1,1736024100,6,20,organic,search-engine,mobile,Chrome,Spain,Madrid,0,2,/catalog/electronics,0,,,,
8000001191,9000000000002495,0,1735830180,4,15,email,newsletter,mobile,Firefox,Portugal,Lisbon,1,1,/catalog/electronics,0,/checkout,34638,/catalog/electronics,72346
8000000114,9000000000002496,1,1737628500,4,10,organic,search-engine,desktop,Edge,United Kingdom,England,0,1,/home,0,/product/featured-item,22119,/basket,71056
8000003382,9000000000002497,0,1737173280,6,4,referral,partner.example,desktop,Chrome,Portugal,Lisbon,0,1,/home,0,,,,
8000001293,9000000000002498,1,1737417720,2,0,organic,search-engine,tablet,Firefox,United Kingdom,England,0,1,/product/featured-item,0,/catalog/accessories,4976,/basket,8767
8000003430,9000000000002499,0,1737250260,7,1,cpc,paid-media,mobile,Safari,Spain,Madrid,0,1,/home,0,,,,
8000000120,9000000000002500,1,1737628740,4,10,organic,search-engine,mobile,Chrome,France,Ile-de-France,0,1,/catalog/apparel,0,/catalog/apparel,10611,,
8000001023,9000000000002501,0,1736407620,4,7,referral,partner.example,desktop,Edge,Portugal,Lisbon,0,1,/product/featured-item,0,,,,
8000002841,9000000000002502,1,1737758400,5,22,(none),(direct),desktop,Safari,Spain,Madrid,0,1,/catalog/accessories,0,/catalog/electronics,77729,,
8000002219,9000000000002503,0,1736245500,2,10,email,newsletter,mobile,Chrome,France,Ile-de-France,0,1,/home,0,,,,
8000002360,9000000000002504,1,1737344340,1,3,organic,search-engine,tablet,Safari,France,Ile-de-France,0,1,/catalog/electronics,0,/catalog/accessories,66960,,
8000000801,9000000000002505,1,1737248220,7,0,(none),(direct),mobile,Edge,Spain,Madrid,0,1,/catalog/accessories,0,/catalog/accessories,32852,,
8000001693,9000000000002506,1,1737345360,1,3,email,newsletter,desktop,Edge,Germany,Berlin,0,2,/catalog/apparel,0,,,,
8000000159,9000000000002507,1,1737263700,7,5,referral,partner.example,desktop,Firefox,France,Ile-de-France,0,1,/home,0,/catalog/accessories,6891,,
8000002101,9000000000002508,1,1736096280,7,16,organic,search-engine,mobile,Edge,France,Ile-de-France,0,2,/home,0,/catalog/apparel,42842,/catalog/electronics,138078
8000001697,9000000000002509,1,1737809040,6,12,cpc,paid-media,desktop,Safari,France,Ile-de-France,0,1,/home,0,/catalog/apparel,11978,,
8000003206,9000000000002510,1,1736998380,4,3,email,newsletter,desktop,Safari,France,Ile-de-France,0,1,/catalog/accessories,0,/catalog/electronics,54197,,
8000003479,9000000000002511,0,1736599740,6,12,cpc,paid-media,desktop,Firefox,France,Ile-de-France,0,1,/catalog/accessories,0,,,,
8000001151,9000000000002512,1,1737018480,4,9,(none),(direct),desktop,Chrome,Germany,Berlin,0,2,/home,0,,,,
8000002462,9000000000002513,1,1737316140,7,19,referral,partner.example,desktop,Edge,Spain,Madrid,0,3,/catalog/apparel,0,,,,
8000002829,9000000000002514,1,1736078820,7,12,cpc,paid-media,mobile,Edge,Spain,Madrid,0,1,/product/featured-item,0,/basket,9255,/product/featured-item,87398
8000000794,9000000000002515,1,1736706600,7,18,organic,search-engine,mobile,Chrome,United Kingdom,England,0,1,/catalog/accessories,0,/product/featured-item,6344,,
8000003087,9000000000002516,1,1735765320,3,21,referral,partner.example,desktop,Edge,United Kingdom,England,0,2,/home,0,,,,
8000000064,9000000000002517,1,1737340980,1,2,referral,partner.example,mobile,Safari,United Kingdom,England,0,1,/catalog/accessories,0,/checkout,18267,,
8000001045,9000000000002518,1,1736810580,1,23,(none),(direct),mobile,Firefox,Germany,Berlin,0,2,/catalog/apparel,0,/catalog/electronics,64387,/catalog/accessories,176824
8000001945,9000000000002519,1,1737037500,4,14,referral,partner.example,desktop,Edge,Portugal,Lisbon,0,1,/catalog/accessories,0,/checkout,10760,,
8000001889,9000000000002520,1,1737970080,1,9,email,newsletter,mobile,Safari,France,Ile-de-France,0,1,/product/featured-item,0,/catalog/accessories,29899,/catalog/accessories,104093
8000002483,9000000000002521,1,1737602220,4,3,organic,search-engine,mobile,Firefox,Portugal,Lisbon,0,1,/catalog/accessories,0,/product/featured-item,15558,/checkout,34000
8000001837,9000000000002522,1,1737282240,7,10,organic,search-engine,mobile,Firefox,Spain,Madrid,0,1,/catalog/accessories,0,/catalog/electronics,76223,,
8000000712,9000000000002523,0,1738149180,3,11,referral,partner.example,desktop,Safari,France,Ile-de-France,0,1,/catalog/electronics,0,,,,
8000000693,9000000000002524,1,1738341840,5,16,(none),(direct),mobile,Chrome,France,Ile-de-France,0,1,/home,0,,,,
8000000568,9000000000002525,0,1737319680,7,20,email,newsletter,desktop,Firefox,Germany,Berlin,0,1,/catalog/apparel,0,,,,
8000002986,9000000000002526,1,1735944180,5,22,(none),(direct),mobile,Firefox,Germany,Berlin,0,1,/home,0,,,,
8000001998,9000000000002527,1,1737957840,1,6,organic,search-engine,desktop,Chrome,Germany,Berlin,0,3,/product/featured-item,0,/catalog/electronics,52046,,
8000002068,9000000000002528,0,1736637660,6,23,organic,search-engine,mobile,Firefox,Germany,Berlin,0,4,/catalog/apparel,0,/catalog/electronics,66156,/product/featured-item,96059
8000000988,9000000000002529,1,1737644040,4,14,cpc,paid-media,tablet,Chrome,United Kingdom,England,0,1,/product/featured-item,0,,,,
8000002296,9000000000002530,0,1736165340,1,12,referral,partner.example,desktop,Edge,Spain,Madrid,0,1,/product/featured-item,0,/catalog/apparel,74168,/checkout,97588
8000000248,9000000000002531,1,1738105920,2,23,cpc,paid-media,mobile,Safari,Germany,Berlin,0,1,/catalog/apparel,0,,,,
8000003396,9000000000002532,0,1737935220,7,23,email,newsletter,desktop,Safari,Germany,Berlin,0,1,/catalog/electronics,0,/checkout,2152,,
8000000040,9000000000002533,0,1738024200,2,0,organic,search-engine,desktop,Edge,Spain,Madrid,0,2,/product/featured-item,0,/catalog/apparel,56645,,
8000000921,9000000000002534,1,1736335320,3,11,organic,search-engine,desktop,Edge,Portugal,Lisbon,0,1,/catalog/accessories,0,/basket,22257,/checkout,112388
8000002216,9000000000002535,1,1737420720,2,0,cpc,paid-media,mobile,Firefox,Spain,Madrid,0,1,/catalog/electronics,0,/catalog/electronics,37261,/basket,145701
8000001929,9000000000002536,1,1737243420,6,23,email,newsletter,mobile,Edge,Portugal,Lisbon,0,4,/catalog/accessories,0,,,,
8000002042,9000000000002537,1,1737563760,3,16,(none),(direct),desktop,Safari,Portugal,Lisbon,0,1,/catalog/apparel,0,/catalog/electronics,9996,,
8000000239,9000000000002538,1,1736541720,5,20,referral,partner.example,mobile,Firefox,Germany,Berlin,0,3,/catalog/apparel,0,,,,
8000000990,9000000000002539,0,1735729320,3,11,(none),(direct),mobile,Firefox,Portugal,Lisbon,0,2,/home,0,,,,
8000003001,9000000000002540,0,1737188100,6,8,referral,partner.example,desktop,Firefox,Germany,Berlin,0,1,/catalog/accessories,0,/catalog/accessories,54391,,
8000002901,9000000000002541,0,1737883620,7,9,referral,partner.example,desktop,Edge,United Kingdom,England,0,1,/catalog/apparel,0,/catalog/apparel,29517,/product/featured-item,83872
8000000796,9000000000002542,1,1736224380,2,4,cpc,paid-media,desktop,Firefox,Spain,Madrid,0,1,/catalog/apparel,0,,,,
8000003168,9000000000002543,0,1737732840,5,15,referral,partner.example,desktop,Edge,Spain,Madrid,0,2,/home,0,/catalog/accessories,6632,/checkout,39181
8000000029,9000000000002544,1,1737825600,6,17,(none),(direct),desktop,Safari,Spain,Madrid,1,1,/product/featured-item,0,/catalog/apparel,27888,/basket,54934
8000003321,9000000000002545,1,1737713220,5,10,referral,partner.example,desktop,Safari,France,Ile-de-France,0,1,/product/featured-item,0,/catalog/apparel,84042,/basket,87698
8000002146,9000000000002546,0,1738212900,4,4,email,newsletter,mobile,Edge,Portugal,Lisbon,0,1,/catalog/accessories,0,/product/featured-item,4170,,
8000001259,9000000000002547,1,1736878860,2,18,referral,partner.example,desktop,Safari,Germany,Berlin,0,1,/home,0,,,,
8000001324,9000000000002548,0,1736500620,5,9,referral,partner.example,mobile,Safari,Germany,Berlin,0,1,/product/featured-item,0,/basket,28762,/checkout,65243
8000000875,9000000000002549,1,1738189080,3,22,(none),(direct),desktop,Chrome,United Kingdom,England,0,1,/home,0,/basket,29685,/checkout,42210
8000002433,9000000000002550,0,1737694200,5,4,email,newsletter,mobile,Chrome,Germany,Berlin,0,1,/home,0,,,,
8000001623,9000000000002551,1,1737403620,1,20,cpc,paid-media,mobile,Firefox,United Kingdom,England,0,1,/catalog/electronics,0,/checkout,61997,,
8000000384,9000000000002552,1,1736860740,2,13,(none),(direct),mobile,Chrome,United Kingdom,England,0,1,/catalog/accessories,0,/catalog/accessories,82692,,
8000000759,9000000000002553,1,1736910180,3,3,referral,partner.example,mobile,Safari,Germany,Berlin,0,1,/catalog/electronics,0,/catalog/apparel,33721,/checkout,124457
8000000934,9000000000002554,1,1738035360,2,3,(none),(direct),desktop,Firefox,France,Ile-de-France,0,1,/catalog/accessories,0,,,,
8000001699,9000000000002555,0,1737114180,5,11,cpc,paid-media,mobile,Chrome,France,Ile-de-France,0,1,/catalog/apparel,0,/product/featured-item,9022,/basket,30632
8000003016,9000000000002556,1,1737528780,3,6,referral,partner.example,desktop,Edge,Germany,Berlin,0,1,/catalog/apparel,0,/checkout,53186,,
8000000697,9000000000002557,1,1736493720,5,7,email,newsletter,mobile,Chrome,Germany,Berlin,0,1,/home,0,/catalog/accessories,89494,,
8000002471,9000000000002558,1,1735730400,3,11,email,newsletter,desktop,Edge,Germany,Berlin,0,2,/product/featured-item,0,/checkout,22218,/basket,78396
8000002339,9000000000002559,0,1738158780,3,13,referral,partner.example,mobile,Chrome,United Kingdom,England,0,2,/product/featured-item,0,/catalog/electronics,65483,,
8000002748,9000000000002560,0,1735780860,4,1,(none),(direct),desktop,Firefox,Portugal,Lisbon,0,1,/product/featured-item,0,,,,
8000000441,9000000000002561,1,1735746480,3,15,email,newsletter,desktop,Firefox,Germany,Berlin,0,1,/catalog/electronics,0,,,,
8000003248,9000000000002562,0,1736528700,5,17,referral,partner.example,desktop,Firefox,United Kingdom,England,0,1,/product/featured-item,0,,,,
8000000123,9000000000002563,1,1738281600,5,0,email,newsletter,desktop,Firefox,France,Ile-de-France,0,2,/catalog/electronics,0,,,,
8000000371,9000000000002564,1,1738023000,2,0,(none),(direct),mobile,Firefox,United Kingdom,England,0,1,/product/featured-item,0,/product/featured-item,81459,/product/featured-item,190860
8000000167,9000000000002565,0,1737243060,6,23,referral,partner.example,mobile,Edge,Portugal,Lisbon,0,1,/product/featured-item,0,/catalog/apparel,79554,,
8000002621,9000000000002566,1,1736339940,3,12,email,newsletter,mobile,Edge,France,Ile-de-France,0,1,/catalog/apparel,0,,,,
8000000460,9000000000002567,1,1736423580,4,11,organic,search-engine,mobile,Safari,Germany,Berlin,0,1,/catalog/accessories,0,/catalog/accessories,70303,,
8000001719,9000000000002568,1,1738134960,3,7,email,newsletter,desktop,Edge,Portugal,Lisbon,0,1,/catalog/electronics,0,,,,
8000001132,9000000000002569,1,1737496620,2,21,cpc,paid-media,mobile,Firefox,United Kingdom,England,0,1,/catalog/apparel,0,/checkout,26413,,
8000002978,9000000000002570,1,1737948780,1,3,cpc,paid-media,mobile,Chrome,France,Ile-de-France,0,1,/catalog/accessories,0,/product/featured-item,11192,,
8000000503,9000000000002571,1,1736923680,3,6,(none),(direct),mobile,Chrome,Spain,Madrid,0,2,/product/featured-item,0,/catalog/accessories,88705,,
8000001286,9000000000002572,1,1736930760,3,8,organic,search-engine,mobile,Chrome,Portugal,Lisbon,0,1,/catalog/accessories,0,/catalog/electronics,69981,,
8000003321,9000000000002573,0,1737080820,5,2,cpc,paid-media,desktop,Firefox,United Kingdom,England,0,1,/product/featured-item,0,/catalog/electronics,87730,,
8000000475,9000000000002574,0,1736435460,4,15,cpc,paid-media,mobile,Edge,France,Ile-de-France,0,1,/home,0,/catalog/electronics,79740,/checkout,110918
8000002055,9000000000002575,1,1737392580,1,17,cpc,paid-media,desktop,Firefox,Portugal,Lisbon,0,1,/home,0,/checkout,28739,/catalog/electronics,123424
8000002459,9000000000002576,0,1737351180,1,5,organic,search-engine,desktop,Chrome,United Kingdom,England,0,1,/catalog/accessories,0,/catalog/accessories,48270,/catalog/electronics,71660
8000000170,9000000000002577,1,1738307280,5,7,organic,search-engine,mobile,Safari,Spain,Madrid,0,1,/catalog/accessories,0,/checkout,70439,/basket,145271
8000002216,9000000000002578,0,1735716720,3,7,cpc,paid-media,desktop,Edge,Portugal,Lisbon,0,2,/catalog/apparel,0,,,,
8000002953,9000000000002579,1,1735818660,4,11,referral,partner.example,mobile,Safari,Germany,Berlin,0,1,/product/featured-item,0,/catalog/electronics,66275,,
8000001768,9000000000002580,1,1735878600,5,4,organic,search-engine,desktop,Safari,Portugal,Lisbon,0,2,/product/featured-item,0,,,,
8000003457,9000000000002581,1,1738083060,2,16,referral,partner.example,desktop,Safari,Spain,Madrid,0,1,/catalog/apparel,0,/basket,66922,,
8000000906,9000000000002582,0,1736141880,1,5,email,newsletter,mobile,Chrome,France,Ile-de-France,0,2,/product/featured-item,0,/basket,81338,,
8000002884,9000000000002583,1,1737210960,6,14,organic,search-engine,mobile,Chrome,Germany,Berlin,0,1,/home,0,,,,
8000000267,9000000000002584,1,1736243940,2,9,organic,search-engine,mobile,Firefox,Germany,Berlin,0,2,/catalog/electronics,0,/catalog/apparel,74980,/product/featured-item,177732
8000003440,9000000000002585,1,1735856700,4,22,(none),(direct),mobile,Firefox,United Kingdom,England,0,1,/catalog/accessories,0,/catalog/apparel,37805,/checkout,95491
8000000123,9000000000002586,1,1737277920,7,9,organic,search-engine,mobile,Safari,France,Ile-de-France,0,1,/catalog/electronics,0,,,,
8000001075,9000000000002587,1,1737028380,4,11,cpc,paid-media,desktop,Chrome,United Kingdom,England,0,1,/catalog/apparel,0,/basket,47663,,
8000002492,9000000000002588,1,1736767680,1,11,organic,search-engine,desktop,Edge,United Kingdom,England,0,3,/catalog/apparel,0,,,,
8000001296,9000000000002589,0,1736438760,4,16,(none),(direct),desktop,Firefox,Germany,Berlin,0,1,/home,0,,,,
8000001601,9000000000002590,1,1736812980,2,0,cpc,paid-media,desktop,Chrome,Germany,Berlin,0,1,/catalog/electronics,0,/catalog/electronics,69993,,
8000000531,9000000000002591,1,1738083300,2,16,cpc,paid-media,tablet,Safari,Portugal,Lisbon,0,1,/catalog/electronics,0,/product/featured-item,3032,/checkout,105694
8000002247,9000000000002592,1,1738027200,2,1,cpc,paid-media,desktop,Firefox,Portugal,Lisbon,0,2,/catalog/electronics,0,/catalog/electronics,40712,/basket,48584
8000000542,9000000000002593,0,1736500680,5,9,organic,search-engine,mobile,Chrome,Spain,Madrid,0,1,/catalog/accessories,0,/catalog/electronics,46770,/catalog/electronics,157271
8000003053,9000000000002594,1,1737744060,5,18,(none),(direct),desktop,Chrome,Germany,Berlin,0,1,/catalog/apparel,0,,,,
8000000034,9000000000002595,1,1738150860,3,11,email,newsletter,mobile,Safari,Spain,Madrid,0,1,/catalog/apparel,0,/catalog/apparel,50688,/catalog/accessories,106913
8000000993,9000000000002596,1,1736277120,2,19,referral,partner.example,mobile,Firefox,Portugal,Lisbon,0,2,/catalog/apparel,0,/catalog/apparel,77845,,
8000002972,9000000000002597,1,1736118180,7,23,email,newsletter,mobile,Firefox,Portugal,Lisbon,0,1,/catalog/apparel,0,/catalog/apparel,65632,,
8000002790,9000000000002598,0,1738187160,3,21,cpc,paid-media,mobile,Edge,Germany,Berlin,0,3,/catalog/apparel,0,/basket,21475,/product/featured-item,36145
8000000935,9000000000002599,1,1736054220,7,5,referral,partner.example,desktop,Chrome,United Kingdom,England,0,1,/home,0,,,,
8000003294,9000000000002600,0,1738367640,5,23,(none),(direct),desktop,Safari,France,Ile-de-France,0,1,/catalog/accessories,0,/product/featured-item,82812,/basket,183747
8000002065,9000000000002601,0,1737551340,3,13,cpc,paid-media,tablet,Firefox,France,Ile-de-France,0,1,/product/featured-item,0,,,,
8000000589,9000000000002602,1,1736458020,4,21,cpc,paid-media,mobile,Chrome,Spain,Madrid,0,1,/catalog/electronics,0,/catalog/electronics,44195,,
8000002157,9000000000002603,1,1738361700,5,22,(none),(direct),mobile,Safari,United Kingdom,England,0,1,/catalog/electronics,0,/catalog/apparel,49909,,
8000000651,9000000000002604,1,1735717560,3,7,email,newsletter,desktop,Edge,Germany,Berlin,0,1,/product/featured-item,0,/product/featured-item,72822,,
8000001830,9000000000002605,1,1736000340,6,14,referral,partner.example,desktop,Safari,Germany,Berlin,0,1,/catalog/apparel,0,/catalog/apparel,53121,,
8000001623,9000000000002606,0,1736194440,1,20,organic,search-engine,mobile,Firefox,Portugal,Lisbon,0,1,/home,0,/catalog/electronics,35675,,
8000000063,9000000000002607,1,1737214020,6,15,organic,search-engine,desktop,Edge,France,Ile-de-France,0,1,/catalog/apparel,0,/basket,42093,,
8000000875,9000000000002608,0,1735961400,6,3,(none),(direct),mobile,Firefox,Germany,Berlin,0,2,/catalog/electronics,0,/catalog/apparel,31764,,
8000000675,9000000000002609,1,1738136220,3,7,cpc,paid-media,mobile,Firefox,Germany,Berlin,0,1,/product/featured-item,0,/catalog/apparel,84992,,
8000002033,9000000000002610,0,1737122040,5,13,(none),(direct),mobile,Chrome,United Kingdom,England,0,2,/catalog/electronics,0,,,,
8000002097,9000000000002611,1,1737276060,7,8,organic,search-engine,mobile,Edge,Spain,Madrid,0,4,/catalog/apparel,0,/basket,35440,,
8000002110,9000000000002612,1,1736191200,1,19,cpc,paid-media,mobile,Chrome,United Kingdom,England,0,1,/catalog/apparel,0,,,,
8000000939,9000000000002613,1,1738057080,2,9,email,newsletter,desktop,Safari,Portugal,Lisbon,0,1,/catalog/accessories,0,,,,
8000002998,9000000000002614,1,1737755400,5,21,referral,partner.example,mobile,Edge,United Kingdom,England,0,1,/catalog/accessories,0,/product/featured-item,62167,/basket,66526
8000001648,9000000000002615,0,1735738800,3,13,organic,search-engine,mobile,Safari,Germany,Berlin,0,1,/catalog/apparel,0,/checkout,17747,/checkout,133184
8000002063,9000000000002616,1,1737322740,7,21,(none),(direct),desktop,Firefox,United Kingdom,England,0,1,/catalog/apparel,0,,,,
8000002453,9000000000002617,1,1736499540,5,8,referral,partner.example,mobile,Edge,France,Ile-de-France,0,1,/home,0,,,,
8000001648,9000000000002618,0,1737265920,7,5,cpc,paid-media,desktop,Firefox,France,Ile-de-France,0,1,/product/featured-item,0,/catalog/accessories,36684,/catalog/electronics,65630
8000000376,9000000000002619,0,1736131800,1,2,(none),(direct),mobile,Safari,Germany,Berlin,0,1,/home,0,/catalog/accessories,5812,,
8000001941,9000000000002620,0,1735764180,3,20,email,newsletter,mobile,Chrome,Spain,Madrid,0,1,/catalog/electronics,0,,,,
8000002977,9000000000002621,0,1737018840,4,9,(none),(direct),desktop,Firefox,France,Ile-de-France,0,1,/catalog/accessories,0,,,,
8000000684,9000000000002622,1,1735977600,6,8,(none),(direct),desktop,Edge,United Kingdom,England,0,1,/catalog/electronics,0,,,,
8000001379,9000000000002623,1,1737955260,1,5,cpc,paid-media,desktop,Edge,Germany,Berlin,0,1,/catalog/accessories,0,/basket,76443,,
8000000366,9000000000002624,0,1737598740,4,2,email,newsletter,tablet,Firefox,Portugal,Lisbon,0,1,/catalog/electronics,0,/catalog/accessories,5078,,
8000000534,9000000000002625,1,1736444520,4,17,referral,partner.example,mobile,Firefox,Portugal,Lisbon,0,2,/home,0,,,,
8000000385,9000000000002626,0,1735984440,6,9,organic,search-engine,desktop,Edge,Portugal,Lisbon,0,4,/catalog/electronics,0,/basket,26042,,
8000002534,9000000000002627,0,1736304120,3,2,organic,search-engine,desktop,Firefox,United Kingdom,England,0,2,/product/featured-item,0,/catalog/apparel,14746,/checkout,121633
8000000076,9000000000002628,1,1736915880,3,4,(none),(direct),mobile,Safari,Portugal,Lisbon,0,1,/catalog/apparel,0,/product/featured-item,82359,/catalog/accessories,159370
8000000150,9000000000002629,1,1737986100,1,13,cpc,paid-media,desktop,Safari,Spain,Madrid,0,1,/home,0,,,,
8000001491,9000000000002630,0,1737690720,5,3,cpc,paid-media,mobile,Edge,Germany,Berlin,0,1,/catalog/accessories,0,,,,
8000001483,9000000000002631,0,1737435180,2,4,(none),(direct),desktop,Edge,Germany,Berlin,0,1,/catalog/apparel,0,/catalog/apparel,83078,/product/featured-item,97644
8000002562,9000000000002632,1,1736408700,4,7,cpc,paid-media,desktop,Chrome,United Kingdom,England,0,1,/product/featured-item,0,/catalog/electronics,85997,/checkout,177999
8000001406,9000000000002633,1,1738338060,5,15,(none),(direct),desktop,Safari,France,Ile-de-France,0,3,/catalog/apparel,0,/product/featured-item,79484,,
8000001683,9000000000002634,0,1736766240,1,11,email,newsletter,mobile,Firefox,Portugal,Lisbon,0,1,/catalog/accessories,0,/catalog/accessories,88226,/basket,145839
8000003013,9000000000002635,0,1737006000,4,5,(none),(direct),desktop,Firefox,Germany,Berlin,0,1,/catalog/apparel,0,/catalog/electronics,60014,,
8000001127,9000000000002636,1,1737432900,2,4,email,newsletter,mobile,Firefox,Portugal,Lisbon,0,1,/catalog/electronics,0,,,,
8000000695,9000000000002637,1,1738050900,2,7,organic,search-engine,mobile,Firefox,France,Ile-de-France,0,2,/product/featured-item,0,,,,
8000001060,9000000000002638,1,1736998080,4,3,organic,search-engine,desktop,Safari,France,Ile-de-France,0,1,/product/featured-item,0,/catalog/apparel,2955,,
8000001524,9000000000002639,1,1737273900,7,8,(none),(direct),desktop,Firefox,United Kingdom,England,0,2,/home,0,/product/featured-item,70794,,
8000001945,9000000000002640,0,1736560200,6,1,cpc,paid-media,desktop,Firefox,France,Ile-de-France,0,2,/catalog/accessories,0,/catalog/apparel,25157,,
8000000424,9000000000002641,1,1735870020,5,2,referral,partner.example,desktop,Edge,United Kingdom,England,0,1,/catalog/electronics,0,/basket,28488,/checkout,147253
8000001092,9000000000002642,1,1737239220,6,22,cpc,paid-media,mobile,Firefox,Spain,Madrid,0,1,/product/featured-item,0,/catalog/accessories,76760,,
8000000601,9000000000002643,1,1735900680,5,10,(none),(direct),desktop,Firefox,Portugal,Lisbon,0,1,/catalog/accessories,0,/catalog/apparel,65299,/basket,172706
8000002121,9000000000002644,1,1736721240,7,22,(none),(direct),mobile,Firefox,Germany,Berlin,0,1,/catalog/accessories,0,/product/featured-item,4847,/catalog/electronics,62829
8000001832,9000000000002645,1,1738266300,4,19,email,newsletter,desktop,Safari,Germany,Berlin,0,1,/catalog/apparel,0,/catalog/accessories,47080,,
8000003116,9000000000002646,1,1737527220,3,6,organic,search-engine,mobile,Chrome,United Kingdom,England,0,3,/product/featured-item,0,/product/featured-item,13166,,
8000000747,9000000000002647,1,1736629980,6,21,cpc,paid-media,mobile,Firefox,Spain,Madrid,0,3,/home,0,/catalog/accessories,80410,/basket,166900
8000002867,9000000000002648,1,1736503920,5,10,referral,partner.example,desktop,Chrome,United Kingdom,England,0,2,/catalog/electronics,0,/catalog/electronics,3534,,
8000003462,9000000000002649,1,1738210800,4,4,email,newsletter,desktop,Edge,Portugal,Lisbon,0,1,/product/featured-item,0,,,,
8000002789,9000000000002650,0,1738227720,4,9,email,newsletter,desktop,Firefox,France,Ile-de-France,0,1,/catalog/electronics,0,/catalog/accessories,69835,,
8000001346,9000000000002651,1,1738284540,5,0,email,newsletter,mobile,Edge,Portugal,Lisbon,0,1,/home,0,,,,
8000002517,9000000000002652,0,1735728480,3,10,referral,partner.example,desktop,Chrome,Germany,Berlin,0,1,/product/featured-item,0,/basket,35597,/basket,69801
8000001334,9000000000002653,1,1738143900,3,9,(none),(direct),mobile,Firefox,France,Ile-de-France,0,4,/product/featured-item,0,,,,
8000000884,9000000000002654,0,1735783740,4,2,referral,partner.example,tablet,Chrome,Portugal,Lisbon,0,2,/catalog/apparel,0,/catalog/electronics,83174,/product/featured-item,167093
8000000847,9000000000002655,1,1738241460,4,12,organic,search-engine,mobile,Safari,United Kingdom,England,0,1,/product/featured-item,0,,,,
8000003370,9000000000002656,1,1736338920,3,12,referral,partner.example,desktop,Chrome,Germany,Berlin,0,2,/catalog/accessories,0,/catalog/apparel,80281,,
8000003298,9000000000002657,1,1735926000,5,17,referral,partner.example,mobile,Firefox,Spain,Madrid,0,1,/product/featured-item,0,,,,
8000001337,9000000000002658,1,1735706760,3,4,organic,search-engine,desktop,Chrome,Spain,Madrid,0,1,/home,0,/basket,52398,/catalog/accessories,122185
8000003203,9000000000002659,1,1735817520,4,11,(none),(direct),desktop,Edge,Portugal,Lisbon,0,1,/product/featured-item,0,,,,
8000001471,9000000000002660,1,1737433320,2,4,cpc,paid-media,mobile,Firefox,Spain,Madrid,0,1,/home,0,/basket,45189,,
8000001535,9000000000002661,1,1736022420,6,20,(none),(direct),desktop,Safari,Spain,Madrid,0,1,/catalog/accessories,0,,,,
8000003490,9000000000002662,1,1736206680,1,23,(none),(direct),desktop,Chrome,Portugal,Lisbon,0,1,/catalog/accessories,0,/catalog/accessories,63215,,
8000002424,9000000000002663,1,1735850880,4,20,referral,partner.example,desktop,Firefox,United Kingdom,England,0,1,/product/featured-item,0,/product/featured-item,83340,,
8000001858,9000000000002664,1,1737214020,6,15,organic,search-engine,mobile,Chrome,France,Ile-de-France,0,2,/catalog/accessories,0,/checkout,38926,,
8000003020,9000000000002665,0,1735809300,4,9,(none),(direct),mobile,Edge,France,Ile-de-France,0,1,/catalog/accessories,0,/checkout,5507,/catalog/electronics,65653
8000001420,9000000000002666,1,1737074880,5,0,(none),(direct),mobile,Safari,Spain,Madrid,0,1,/catalog/electronics,0,/catalog/electronics,10126,,
8000001797,9000000000002667,1,1736986140,4,0,email,newsletter,desktop,Safari,Germany,Berlin,0,1,/home,0,,,,
8000000517,9000000000002668,1,1736542140,5,20,(none),(direct),desktop,Edge,France,Ile-de-France,0,1,/home,0,,,,
8000002022,9000000000002669,1,1735933860,5,19,email,newsletter,mobile,Firefox,France,Ile-de-France,0,3,/home,0,/catalog/electronics,56533,,
8000001788,9000000000002670,1,1737366120,1,9,referral,partner.example,desktop,Safari,United Kingdom,England,0,1,/home,0,/product/featured-item,22190,,
8000000692,9000000000002671,1,1737460620,2,11,cpc,paid-media,desktop,Safari,United Kingdom,England,0,3,/catalog/apparel,0,,,,
8000002011,9000000000002672,0,1736269680,2,17,cpc,paid-media,desktop,Chrome,Spain,Madrid,0,1,/catalog/apparel,0,,,,
8000001132,9000000000002673,0,1736095440,7,16,cpc,paid-media,mobile,Firefox,Portugal,Lisbon,0,1,/catalog/accessories,0,/catalog/electronics,33543,,
8000003403,9000000000002674,1,1737119040,5,13,cpc,paid-media,mobile,Edge,Portugal,Lisbon,0,1,/catalog/electronics,0,/basket,28678,,
8000001699,9000000000002675,0,1737690960,5,3,organic,search-engine,mobile,Chrome,United Kingdom,England,0,1,/home,0,/catalog/apparel,67895,/checkout,124601
8000001941,9000000000002676,1,1736038740,7,0,email,newsletter,mobile,Edge,Germany,Berlin,0,2,/product/featured-item,0,/catalog/accessories,32344,/checkout,63581
8000002793,9000000000002677,1,1736643420,7,0,organic,search-engine,mobile,Chrome,Germany,Berlin,0,4,/home,0,/basket,68346,,
8000001510,9000000000002678,1,1737151560,5,22,(none),(direct),desktop,Chrome,Portugal,Lisbon,0,1,/catalog/apparel,0,/catalog/electronics,23202,,
8000002810,9000000000002679,1,1738355040,5,20,referral,partner.example,mobile,Safari,United Kingdom,England,0,1,/catalog/electronics,0,/product/featured-item,2319,,
8000002125,9000000000002680,1,1736356320,3,17,organic,search-engine,mobile,Edge,United Kingdom,England,0,1,/catalog/accessories,0,/catalog/electronics,56029,/basket,159337
8000003455,9000000000002681,1,1736220840,2,3,organic,search-engine,desktop,Firefox,France,Ile-de-France,0,1,/catalog/electronics,0,/catalog/apparel,55052,/catalog/electronics,114063
8000001258,9000000000002682,0,1736770200,1,12,organic,search-engine,desktop,Edge,United Kingdom,England,0,1,/product/featured-item,0,/checkout,80547,,
8000003215,9000000000002683,1,1738250220,4,15,email,newsletter,desktop,Chrome,United Kingdom,England,0,1,/catalog/accessories,0,/catalog/electronics,52878,/checkout,123884
8000001573,9000000000002684,1,1738087620,2,18,referral,partner.example,tablet,Safari,United Kingdom,England,0,1,/catalog/accessories,0,/catalog/electronics,59299,/product/featured-item,114170
8000000042,9000000000002685,0,1736289600,2,22,cpc,paid-media,mobile,Edge,United Kingdom,England,0,1,/product/featured-item,0,,,,
8000001592,9000000000002686,1,1737225000,6,18,cpc,paid-media,mobile,Safari,United Kingdom,England,0,1,/catalog/apparel,0,/catalog/apparel,20232,,
8000001091,9000000000002687,1,1737198360,6,11,(none),(direct),desktop,Edge,Spain,Madrid,0,1,/catalog/accessories,0,,,,
8000000219,9000000000002688,1,1737210540,6,14,organic,search-engine,desktop,Safari,Germany,Berlin,0,1,/catalog/accessories,0,/catalog/electronics,44831,,
8000003225,9000000000002689,1,1736986020,4,0,email,newsletter,mobile,Firefox,France,Ile-de-France,0,2,/catalog/electronics,0,,,,
8000002058,9000000000002690,0,1737204900,6,12,(none),(direct),mobile,Safari,Portugal,Lisbon,0,3,/catalog/electronics,0,,,,
8000002670,9000000000002691,1,1737358200,1,7,email,newsletter,mobile,Chrome,United Kingdom,England,0,1,/catalog/electronics,0,/product/featured-item,6773,,
8000001455,9000000000002692,1,1736448000,4,18,email,newsletter,mobile,Firefox,Spain,Madrid,0,1,/catalog/apparel,0,/catalog/electronics,34775,/checkout,96532
8000001335,9000000000002693,1,1736015220,6,18,(none),(direct),desktop,Firefox,United Kingdom,England,0,2,/product/featured-item,0,/checkout,84227,/product/featured-item,99502
8000001309,9000000000002694,0,1735884840,5,6,(none),(direct),desktop,Edge,France,Ile-de-France,0,2,/catalog/electronics,0,,,,
8000002910,9000000000002695,1,1736494920,5,7,referral,partner.example,mobile,Safari,United Kingdom,England,0,1,/home,0,,,,
8000000007,9000000000002696,1,1737271140,7,7,organic,search-engine,mobile,Safari,United Kingdom,England,0,1,/product/featured-item,0,/catalog/apparel,7001,,
8000001095,9000000000002697,1,1737064140,4,21,cpc,paid-media,mobile,Safari,France,Ile-de-France,1,1,/product/featured-item,0,/product/featured-item,19393,/checkout,83400
8000001759,9000000000002698,1,1736065800,7,8,organic,search-engine,mobile,Edge,Spain,Madrid,0,2,/catalog/accessories,0,/basket,2817,,
8000000506,9000000000002699,1,1736557920,6,1,organic,search-engine,desktop,Edge,Portugal,Lisbon,0,1,/catalog/apparel,0,/catalog/accessories,16252,,
8000003372,9000000000002700,1,1737498000,2,22,organic,search-engine,desktop,Chrome,Germany,Berlin,0,1,/catalog/electronics,0,/catalog/accessories,18549,/catalog/electronics,78675
8000001685,9000000000002701,1,1737071280,4,23,cpc,paid-media,mobile,Safari,Spain,Madrid,0,1,/catalog/accessories,0,/product/featured-item,46532,/basket,115403
8000001359,9000000000002702,1,1737020100,4,9,referral,partner.example,desktop,Edge,Spain,Madrid,0,2,/catalog/apparel,0,,,,
8000001863,9000000000002703,0,1736924580,3,7,organic,search-engine,desktop,Edge,France,Ile-de-France,0,1,/home,0,,,,
8000001746,9000000000002704,1,1737966480,1,8,organic,search-engine,desktop,Chrome,Portugal,Lisbon,0,2,/catalog/electronics,0,,,,
8000002819,9000000000002705,1,1738044240,2,6,referral,partner.example,mobile,Firefox,Spain,Madrid,0,1,/catalog/accessories,0,/catalog/accessories,32323,,
8000003007,9000000000002706,1,1737981060,1,12,email,newsletter,tablet,Chrome,Germany,Berlin,0,1,/catalog/apparel,0,/catalog/apparel,26686,,
8000000132,9000000000002707,0,1736271180,2,17,email,newsletter,desktop,Chrome,France,Ile-de-France,0,1,/home,0,/basket,45374,,
8000001248,9000000000002708,1,1735960200,6,3,organic,search-engine,desktop,Firefox,France,Ile-de-France,0,1,/catalog/accessories,0,/catalog/apparel,81533,,
8000002964,9000000000002709,1,1736664000,7,6,referral,partner.example,tablet,Firefox,Spain,Madrid,0,1,/catalog/apparel,0,,,,
8000001907,9000000000002710,0,1735897740,5,9,organic,search-engine,mobile,Firefox,United Kingdom,England,0,1,/catalog/electronics,0,,,,
8000000136,9000000000002711,1,1738205340,4,2,referral,partner.example,desktop,Safari,Germany,Berlin,0,1,/catalog/apparel,0,/checkout,26108,/catalog/accessories,72804
8000000870,9000000000002712,1,1738157340,3,13,(none),(direct),mobile,Chrome,Portugal,Lisbon,0,1,/home,0,/basket,51622,/checkout,132937
8000002022,9000000000002713,0,1736620500,6,18,(none),(direct),desktop,Chrome,Portugal,Lisbon,0,2,/product/featured-item,0,,,,
8000003151,9000000000002714,1,1737845160,6,22,referral,partner.example,desktop,Firefox,Portugal,Lisbon,0,2,/home,0,/catalog/accessories,86355,,
8000001580,9000000000002715,1,1737067320,4,22,email,newsletter,mobile,Safari,France,Ile-de-France,0,3,/catalog/accessories,0,,,,
8000001914,9000000000002716,1,1735773960,3,23,cpc,paid-media,mobile,Safari,Germany,Berlin,1,2,/catalog/electronics,0,,,,
8000002204,9000000000002717,0,1738237740,4,11,email,newsletter,desktop,Edge,Spain,Madrid,0,2,/home,0,/basket,5416,,
8000000497,9000000000002718,1,1737895980,7,12,cpc,paid-media,desktop,Safari,Portugal,Lisbon,0,1,/home,0,,,,
8000002407,9000000000002719,1,1738242960,4,13,organic,search-engine,mobile,Edge,United Kingdom,England,1,1,/product/featured-item,0,/basket,27730,/basket,47547
8000000099,9000000000002720,1,1737045060,4,16,(none),(direct),desktop,Edge,Germany,Berlin,0,1,/catalog/electronics,0,,,,
8000002075,9000000000002721,1,1736198580,1,21,organic,search-engine,desktop,Chrome,France,Ile-de-France,0,3,/catalog/electronics,0,/checkout,54590,,
8000000829,9000000000002722,1,1738189380,3,22,email,newsletter,tablet,Firefox,France,Ile-de-France,0,2,/home,0,/basket,23920,,
8000000839,9000000000002723,0,1737138180,5,18,cpc,paid-media,desktop,Safari,United Kingdom,England,0,1,/home,0,,,,
8000002032,9000000000002724,1,1737093060,5,5,organic,search-engine,desktop,Edge,France,Ile-de-France,0,1,/product/featured-item,0,,,,
8000000495,9000000000002725,1,1737856200,7,1,referral,partner.example,mobile,Firefox,Germany,Berlin,0,1,/product/featured-item,0,,,,
8000000978,9000000000002726,1,1737159480,6,0,(none),(direct),mobile,Firefox,France,Ile-de-France,0,1,/product/featured-item,0,,,,
8000002418,9000000000002727,1,1737536400,3,9,organic,search-engine,desktop,Chrome,Spain,Madrid,0,1,/catalog/accessories,0,,,,
8000001745,9000000000002728,1,1738207800,4,3,(none),(direct),desktop,Edge,Germany,Berlin,0,3,/product/featured-item,0,,,,
8000000775,9000000000002729,1,1736518560,5,14,email,newsletter,desktop,Edge,Portugal,Lisbon,0,1,/product/featured-item,0,/catalog/apparel,30409,/checkout,37600
8000003268,9000000000002730,1,1737566940,3,17,email,newsletter,desktop,Chrome,France,Ile-de-France,0,1,/catalog/accessories,0,,,,
8000003177,9000000000002731,1,1737847800,6,23,cpc,paid-media,desktop,Firefox,United Kingdom,England,0,2,/home,0,/catalog/accessories,89091,,
8000001852,9000000000002732,0,1736596920,6,12,(none),(direct),tablet,Firefox,Spain,Madrid,0,1,/catalog/electronics,0,/catalog/accessories,45993,/basket,49051
8000001530,9000000000002733,1,1738222560,4,7,organic,search-engine,desktop,Chrome,Germany,Berlin,0,1,/catalog/apparel,0,,,,
8000000304,9000000000002734,1,1736183220,1,17,email,newsletter,desktop,Edge,France,Ile-de-France,0,1,/product/featured-item,0,/catalog/accessories,11005,,
8000000577,9000000000002735,1,1737496140,2,21,referral,partner.example,desktop,Firefox,France,Ile-de-France,0,4,/catalog/apparel,0,/checkout,50910,,
8000002506,9000000000002736,0,1736698500,7,16,referral,partner.example,desktop,Firefox,Portugal,Lisbon,0,1,/catalog/electronics,0,/product/featured-item,2624,,
8000002346,9000000000002737,0,1736760180,1,9,referral,partner.example,mobile,Chrome,United Kingdom,England,0,2,/home,0,,,,
8000000065,9000000000002738,0,1736868600,2,15,referral,partner.example,mobile,Chrome,United Kingdom,England,0,1,/product/featured-item,0,/basket,21694,/product/featured-item,38732
8000003276,9000000000002739,0,1735968780,6,5,(none),(direct),desktop,Safari,United Kingdom,England,0,1,/catalog/accessories,0,/basket,22397,,
8000000861,9000000000002740,1,1737768360,6,1,email,newsletter,mobile,Firefox,Portugal,Lisbon,0,1,/home,0,/catalog/electronics,26727,,
8000003429,9000000000002741,1,1737309780,7,18,email,newsletter,mobile,Safari,Spain,Madrid,0,1,/catalog/apparel,0,/catalog/electronics,44380,,
8000000506,9000000000002742,1,1736596020,6,11,email,newsletter,mobile,Safari,Germany,Berlin,0,1,/home,0,,,,
8000002008,9000000000002743,0,1736017380,6,19,cpc,paid-media,desktop,Firefox,France,Ile-de-France,0,1,/home,0,/product/featured-item,83818,/catalog/accessories,130450
8000002953,9000000000002744,0,1738292640,5,3,organic,search-engine,desktop,Chrome,Spain,Madrid,0,1,/catalog/accessories,0,,,,
8000000444,9000000000002745,1,1737227760,6,19,referral,partner.example,desktop,Chrome,Portugal,Lisbon,1,1,/catalog/electronics,0,/checkout,24342,/catalog/electronics,48028
8000000276,9000000000002746,1,1737195480,6,10,(none),(direct),desktop,Safari,United Kingdom,England,0,1,/catalog/apparel,0,/catalog/electronics,46010,,
8000001781,9000000000002747,1,1737231240,6,20,email,newsletter,mobile,Edge,Portugal,Lisbon,0,1,/catalog/accessories,0,/catalog/electronics,10826,,
8000002261,9000000000002748,1,1736147940,1,7,cpc,paid-media,mobile,Chrome,Portugal,Lisbon,0,1,/catalog/apparel,0,,,,
8000003022,9000000000002749,1,1736885040,2,20,(none),(direct),desktop,Chrome,Portugal,Lisbon,0,1,/catalog/apparel,0,,,,
8000002337,9000000000002750,1,1737981600,1,12,(none),(direct),desktop,Edge,Portugal,Lisbon,0,3,/product/featured-item,0,/catalog/electronics,69270,/catalog/accessories,118694
8000000777,9000000000002751,1,1737972120,1,10,organic,search-engine,desktop,Chrome,Spain,Madrid,0,1,/product/featured-item,0,/catalog/accessories,6001,/catalog/accessories,22166
8000002073,9000000000002752,1,1738232100,4,10,email,newsletter,mobile,Firefox,Germany,Berlin,0,1,/product/featured-item,0,/basket,54854,,
8000000602,9000000000002753,1,1737511560,3,2,referral,partner.example,mobile,Firefox,United Kingdom,England,0,1,/product/featured-item,0,/checkout,15340,/product/featured-item,71910
8000000507,9000000000002754,1,1736921760,3,6,referral,partner.example,mobile,Safari,Portugal,Lisbon,0,1,/catalog/accessories,0,/catalog/apparel,10078,,
8000001650,9000000000002755,0,1737787860,6,6,referral,partner.example,mobile,Firefox,Spain,Madrid,0,1,/catalog/electronics,0,/basket,21339,/catalog/accessories,138866
8000001953,9000000000002756,1,1736010720,6,17,referral,partner.example,tablet,Chrome,Spain,Madrid,0,2,/catalog/electronics,0,/catalog/accessories,72372,/product/featured-item,129934
8000001577,9000000000002757,0,1735806120,4,8,email,newsletter,mobile,Edge,United Kingdom,England,0,1,/catalog/electronics,0,,,,
8000002902,9000000000002758,1,1737243300,6,23,cpc,paid-media,desktop,Safari,United Kingdom,England,0,1,/catalog/electronics,0,,,,
8000002664,9000000000002759,0,1737018780,4,9,referral,partner.example,mobile,Chrome,Portugal,Lisbon,0,1,/product/featured-item,0,/catalog/accessories,50545,,
8000002928,9000000000002760,1,1737628320,4,10,referral,partner.example,desktop,Edge,Germany,Berlin,0,1,/home,0,,,,
8000001790,9000000000002761,1,1738310040,5,7,(none),(direct),mobile,Firefox,Spain,Madrid,0,1,/catalog/apparel,0,/product/featured-item,32662,,
8000002276,9000000000002762,1,1738275240,4,22,organic,search-engine,mobile,Edge,Spain,Madrid,0,1,/catalog/apparel,0,,,,
8000003183,9000000000002763,0,1737496080,2,21,(none),(direct),mobile,Firefox,United Kingdom,England,0,3,/catalog/electronics,0,/checkout,87290,,
8000003168,9000000000002764,1,1738247220,4,14,referral,partner.example,desktop,Chrome,United Kingdom,England,0,1,/catalog/accessories,0,/basket,77837,/catalog/accessories,157585
8000001022,9000000000002765,1,1736918220,3,5,cpc,paid-media,mobile,Firefox,France,Ile-de-France,0,1,/product/featured-item,0,/product/featured-item,2432,,
8000002260,9000000000002766,1,1736859540,2,12,(none),(direct),desktop,Edge,United Kingdom,England,0,1,/home,0,/product/featured-item,68134,/product/featured-item,124679
8000000974,9000000000002767,0,1737839820,6,21,organic,search-engine,mobile,Firefox,United Kingdom,England,0,2,/catalog/apparel,0,/basket,38631,,
8000001519,9000000000002768,1,1737980820,1,12,email,newsletter,desktop,Firefox,Spain,Madrid,0,1,/catalog/accessories,0,,,,
8000001205,9000000000002769,1,1736068080,7,9,(none),(direct),desktop,Edge,France,Ile-de-France,0,1,/home,0,/checkout,5396,,
8000002755,9000000000002770,0,1736595540,6,11,cpc,paid-media,desktop,Chrome,France,Ile-de-France,1,1,/catalog/electronics,0,,,,
8000000973,9000000000002771,0,1737642360,4,14,referral,partner.example,desktop,Chrome,France,Ile-de-France,0,4,/catalog/apparel,0,/checkout,63095,,
8000003384,9000000000002772,1,1738357260,5,21,referral,partner.example,desktop,Safari,United Kingdom,England,0,1,/catalog/accessories,0,/basket,70986,/catalog/accessories,179941
8000002764,9000000000002773,0,1737432000,2,4,email,newsletter,mobile,Edge,Portugal,Lisbon,0,2,/catalog/apparel,0,/catalog/accessories,57458,/product/featured-item,91461
8000000289,9000000000002774,1,1736034360,6,23,email,newsletter,mobile,Safari,Spain,Madrid,0,1,/catalog/electronics,0,/catalog/apparel,68043,,
8000002999,9000000000002775,1,1737004200,4,5,(none),(direct),mobile,Firefox,Portugal,Lisbon,0,1,/home,0,/basket,56720,/catalog/accessories,97758
8000000183,9000000000002776,1,1736196780,1,20,organic,search-engine,desktop,Edge,France,Ile-de-France,0,1,/product/featured-item,0,/catalog/electronics,19657,/catalog/accessories,89525
8000001928,9000000000002777,1,1737785220,6,6,cpc,paid-media,mobile,Chrome,Spain,Madrid,0,1,/catalog/accessories,0,/catalog/apparel,3408,/checkout,32883
8000002721,9000000000002778,1,1737638280,4,13,email,newsletter,desktop,Edge,Spain,Madrid,0,1,/home,0,/catalog/accessories,7896,/basket,115381
8000002577,9000000000002779,1,1736838900,2,7,organic,search-engine,desktop,Edge,Spain,Madrid,0,2,/catalog/apparel,0,/catalog/electronics,41775,,
8000002805,9000000000002780,0,1738367220,5,23,referral,partner.example,mobile,Edge,United Kingdom,England,0,1,/home,0,,,,
8000002004,9000000000002781,1,1737175020,6,4,organic,search-engine,mobile,Edge,United Kingdom,England,0,1,/catalog/electronics,0,,,,
8000002012,9000000000002782,1,1737354900,1,6,cpc,paid-media,mobile,Chrome,France,Ile-de-France,0,1,/catalog/apparel,0,,,,
8000002485,9000000000002783,1,1737801300,6,10,organic,search-engine,desktop,Edge,United Kingdom,England,0,1,/catalog/accessories,0,/product/featured-item,7468,,
8000001480,9000000000002784,1,1736149260,1,7,(none),(direct),desktop,Chrome,France,Ile-de-France,0,1,/catalog/electronics,0,,,,
8000003393,9000000000002785,0,1736567820,6,3,email,newsletter,desktop,Edge,United Kingdom,England,0,2,/home,0,,,,
8000001016,9000000000002786,1,1738152600,3,12,organic,search-engine,desktop,Chrome,Germany,Berlin,0,2,/product/featured-item,0,,,,
8000002612,9000000000002787,1,1736968680,3,19,referral,partner.example,mobile,Edge,Spain,Madrid,0,1,/product/featured-item,0,/catalog/electronics,32872,,
8000001296,9000000000002788,0,1736679120,7,10,organic,search-engine,mobile,Chrome,Spain,Madrid,0,2,/catalog/apparel,0,/product/featured-item,9149,,
8000001879,9000000000002789,1,1737887340,7,10,email,newsletter,desktop,Chrome,France,Ile-de-France,0,1,/product/featured-item,0,/checkout,43891,/product/featured-item,80884
8000002901,9000000000002790,0,1738023240,2,0,cpc,paid-media,desktop,Safari,United Kingdom,England,0,1,/catalog/apparel,0,,,,
8000003273,9000000000002791,1,1736105820,7,19,organic,search-engine,mobile,Firefox,Germany,Berlin,0,1,/product/featured-item,0,,,,
8000001272,9000000000002792,1,1737633960,4,12,organic,search-engine,tablet,Chrome,Spain,Madrid,0,2,/catalog/accessories,0,/catalog/apparel,66458,,
8000000389,9000000000002793,0,1735779960,4,1,email,newsletter,mobile,Firefox,Germany,Berlin,0,2,/catalog/electronics,0,/basket,58807,/product/featured-item,77332
8000000243,9000000000002794,0,1736707080,7,18,(none),(direct),desktop,Safari,Germany,Berlin,0,1,/catalog/accessories,0,/catalog/apparel,63105,,
8000001898,9000000000002795,1,1735874400,5,3,email,newsletter,mobile,Firefox,Spain,Madrid,0,2,/catalog/electronics,0,,,,
8000003165,9000000000002796,0,1737774060,6,3,(none),(direct),tablet,Chrome,Germany,Berlin,0,2,/home,0,,,,
8000001069,9000000000002797,1,1736584440,6,8,(none),(direct),tablet,Firefox,Germany,Berlin,0,1,/product/featured-item,0,/basket,79317,,
8000000659,9000000000002798,1,1736804820,1,21,cpc,paid-media,desktop,Chrome,United Kingdom,England,0,2,/catalog/accessories,0,/checkout,39802,/catalog/accessories,73922
8000002824,9000000000002799,1,1737179700,6,5,email,newsletter,desktop,Safari,Portugal,Lisbon,0,1,/catalog/electronics,0,/catalog/electronics,64210,,
8000001110,9000000000002800,1,1736467380,5,0,referral,partner.example,desktop,Firefox,Germany,Berlin,0,1,/catalog/apparel,0,,,,
8000001292,9000000000002801,1,1736049000,7,3,referral,partner.example,desktop,Chrome,Portugal,Lisbon,0,1,/home,0,,,,
8000002622,9000000000002802,0,1736230260,2,6,organic,search-engine,desktop,Safari,Germany,Berlin,0,1,/catalog/accessories,0,/checkout,6331,/checkout,55579
8000001085,9000000000002803,0,1736334240,3,11,cpc,paid-media,mobile,Firefox,Germany,Berlin,0,2,/product/featured-item,0,,,,
8000001088,9000000000002804,1,1738323240,5,11,referral,partner.example,desktop,Firefox,Germany,Berlin,0,1,/catalog/apparel,0,/product/featured-item,83418,/product/featured-item,160243
8000001693,9000000000002805,1,1736024880,6,21,(none),(direct),desktop,Safari,France,Ile-de-France,0,1,/catalog/apparel,0,/product/featured-item,43514,,
8000002949,9000000000002806,0,1738210680,4,4,(none),(direct),desktop,Safari,United Kingdom,England,0,2,/catalog/apparel,0,/basket,42756,,
8000000799,9000000000002807,1,1737055380,4,19,(none),(direct),desktop,Firefox,Spain,Madrid,0,2,/catalog/apparel,0,,,,
8000002081,9000000000002808,1,1737725940,5,13,organic,search-engine,desktop,Edge,Germany,Berlin,0,2,/catalog/accessories,0,/product/featured-item,78796,,
8000001062,9000000000002809,1,1736848320,2,9,referral,partner.example,desktop,Firefox,France,Ile-de-France,0,1,/catalog/accessories,0,,,,
8000002317,9000000000002810,1,1737225180,6,18,email,newsletter,mobile,Safari,Spain,Madrid,0,1,/product/featured-item,0,/product/featured-item,3141,/catalog/accessories,55804
8000001780,9000000000002811,1,1736184660,1,17,cpc,paid-media,desktop,Firefox,France,Ile-de-France,0,3,/catalog/accessories,0,,,,
8000002676,9000000000002812,0,1737183180,6,6,organic,search-engine,mobile,Safari,Spain,Madrid,0,1,/home,0,/catalog/electronics,35198,/catalog/electronics,143343
8000000380,9000000000002813,1,1737396660,1,18,organic,search-engine,mobile,Firefox,United Kingdom,England,0,1,/catalog/electronics,0,,,,
8000002309,9000000000002814,1,1736253120,2,12,cpc,paid-media,tablet,Edge,France,Ile-de-France,0,1,/home,0,,,,
8000002809,9000000000002815,1,1737239820,6,22,organic,search-engine,desktop,Firefox,France,Ile-de-France,0,3,/catalog/apparel,0,/catalog/accessories,78610,,
8000001884,9000000000002816,0,1737879060,7,8,(none),(direct),desktop,Firefox,Spain,Madrid,0,3,/catalog/accessories,0,/product/featured-item,56282,,
8000002477,9000000000002817,1,1737082920,5,3,(none),(direct),desktop,Safari,Germany,Berlin,0,2,/catalog/electronics,0,,,,
8000002907,9000000000002818,0,1736821620,2,2,referral,partner.example,desktop,Safari,Portugal,Lisbon,0,1,/catalog/apparel,0,/catalog/accessories,38681,,
8000001615,9000000000002819,0,1738307040,5,7,referral,partner.example,desktop,Firefox,Portugal,Lisbon,0,2,/catalog/electronics,0,/catalog/electronics,38277,,
8000001378,9000000000002820,1,1738299660,5,5,email,newsletter,desktop,Safari,Spain,Madrid,0,1,/catalog/apparel,0,/catalog/accessories,4085,,
8000002179,9000000000002821,1,1738061040,2,10,referral,partner.example,desktop,Safari,France,Ile-de-France,0,1,/catalog/electronics,0,,,,
8000002009,9000000000002822,0,1737582960,3,21,email,newsletter,desktop,Safari,United Kingdom,England,0,1,/product/featured-item,0,/checkout,61874,/catalog/electronics,89239
8000000885,9000000000002823,1,1738080000,2,16,cpc,paid-media,mobile,Safari,United Kingdom,England,0,1,/catalog/apparel,0,/catalog/electronics,2185,/catalog/accessories,68373
8000002573,9000000000002824,1,1738153620,3,12,email,newsletter,tablet,Edge,United Kingdom,England,0,1,/catalog/accessories,0,/basket,46992,,
8000001952,9000000000002825,1,1736667180,7,7,organic,search-engine,tablet,Chrome,France,Ile-de-France,0,1,/product/featured-item,0,/basket,74890,,
8000001481,9000000000002826,0,1735893000,5,8,cpc,paid-media,mobile,Chrome,Spain,Madrid,0,2,/product/featured-item,0,/catalog/accessories,27266,/catalog/electronics,145800
8000001393,9000000000002827,1,1735892760,5,8,referral,partner.example,mobile,Chrome,Germany,Berlin,0,1,/catalog/electronics,0,,,,
8000002229,9000000000002828,0,1735762440,3,20,organic,search-engine,mobile,Chrome,Germany,Berlin,0,1,/catalog/accessories,0,/catalog/apparel,13192,,
8000001423,9000000000002829,1,1736397300,4,4,referral,partner.example,mobile,Edge,France,Ile-de-France,0,3,/home,0,/catalog/apparel,44972,/catalog/electronics,153230
8000001886,9000000000002830,1,1737108180,5,10,cpc,paid-media,mobile,Chrome,Portugal,Lisbon,0,2,/catalog/accessories,0,/catalog/accessories,9430,/checkout,115549
8000000275,9000000000002831,1,1737517440,3,3,email,newsletter,desktop,Edge,France,Ile-de-France,0,1,/catalog/accessories,0,/catalog/accessories,69270,,
8000002113,9000000000002832,1,1737595080,4,1,email,newsletter,desktop,Chrome,United Kingdom,England,0,1,/catalog/electronics,0,/catalog/apparel,14709,,
8000000721,9000000000002833,1,1736665140,7,6,cpc,paid-media,desktop,Edge,France,Ile-de-France,0,3,/home,0,,,,
8000002213,9000000000002834,1,1736180460,1,16,email,newsletter,mobile,Chrome,Spain,Madrid,0,1,/catalog/accessories,0,/catalog/accessories,88786,,
8000001644,9000000000002835,0,1736264580,2,15,organic,search-engine,desktop,Firefox,Germany,Berlin,0,1,/catalog/electronics,0,/catalog/accessories,28370,,
8000001840,9000000000002836,1,1736697840,7,16,organic,search-engine,desktop,Firefox,United Kingdom,England,0,1,/catalog/electronics,0,,,,
8000001109,9000000000002837,1,1738129860,3,5,organic,search-engine,tablet,Edge,Portugal,Lisbon,0,1,/home,0,/checkout,86031,,
8000002065,9000000000002838,1,1737449580,2,8,(none),(direct),desktop,Safari,United Kingdom,England,0,1,/catalog/apparel,0,/basket,63958,,
8000003456,9000000000002839,0,1736120220,7,23,cpc,paid-media,mobile,Firefox,France,Ile-de-France,0,4,/catalog/electronics,0,,,,
8000002239,9000000000002840,0,1735746960,3,15,email,newsletter,desktop,Edge,France,Ile-de-France,0,1,/product/featured-item,0,/checkout,10948,,
8000000731,9000000000002841,0,1737388680,1,15,(none),(direct),desktop,Safari,Portugal,Lisbon,0,1,/catalog/apparel,0,,,,
8000001924,9000000000002842,1,1736508780,5,11,email,newsletter,mobile,Safari,Portugal,Lisbon,0,1,/product/featured-item,0,/product/featured-item,11485,,
8000003197,9000000000002843,1,1737032040,4,12,cpc,paid-media,mobile,Edge,United Kingdom,England,0,1,/home,0,/basket,41968,/catalog/electronics,67774
8000002378,9000000000002844,1,1737811560,6,13,organic,search-engine,mobile,Chrome,France,Ile-de-France,0,1,/catalog/apparel,0,,,,
8000000127,9000000000002845,1,1736484600,5,4,email,newsletter,desktop,Safari,Spain,Madrid,0,1,/catalog/accessories,0,,,,
8000001777,9000000000002846,0,1737797640,6,9,email,newsletter,mobile,Edge,United Kingdom,England,0,2,/home,0,,,,
8000003017,9000000000002847,1,1737649080,4,16,organic,search-engine,desktop,Chrome,Portugal,Lisbon,0,2,/product/featured-item,0,/product/featured-item,34443,/product/featured-item,150721
8000000325,9000000000002848,1,1738286640,5,1,cpc,paid-media,tablet,Chrome,France,Ile-de-France,0,3,/catalog/electronics,0,/basket,62087,/basket,121321
8000002900,9000000000002849,1,1737615540,4,6,email,newsletter,mobile,Firefox,France,Ile-de-France,0,2,/catalog/electronics,0,/catalog/electronics,17982,,
8000001260,9000000000002850,1,1735953300,6,1,email,newsletter,desktop,Edge,United Kingdom,England,0,1,/catalog/apparel,0,/catalog/accessories,81214,,
8000002904,9000000000002851,0,1736704980,7,18,(none),(direct),desktop,Safari,Spain,Madrid,0,1,/product/featured-item,0,/checkout,70701,/checkout,190279
8000003218,9000000000002852,0,1735783200,4,2,organic,search-engine,desktop,Firefox,Portugal,Lisbon,0,3,/catalog/accessories,0,/catalog/accessories,37796,,
8000001720,9000000000002853,1,1737472320,2,15,cpc,paid-media,desktop,Edge,France,Ile-de-France,0,1,/catalog/apparel,0,/product/featured-item,2926,,
8000002363,9000000000002854,0,1736021940,6,20,organic,search-engine,desktop,Edge,France,Ile-de-France,0,1,/catalog/accessories,0,/checkout,54363,/basket,105179
8000001969,9000000000002855,1,1737239040,6,22,organic,search-engine,mobile,Edge,Spain,Madrid,0,1,/catalog/accessories,0,/checkout,85985,,
8000000758,9000000000002856,1,1735967220,6,5,cpc,paid-media,desktop,Edge,France,Ile-de-France,0,4,/catalog/electronics,0,/basket,79763,,
8000001477,9000000000002857,1,1736865600,2,14,email,newsletter,desktop,Safari,Portugal,Lisbon,0,1,/product/featured-item,0,/checkout,7320,,
8000001915,9000000000002858,1,1738361220,5,22,referral,partner.example,mobile,Edge,Germany,Berlin,0,1,/catalog/electronics,0,,,,
8000001769,9000000000002859,1,1736484540,5,4,(none),(direct),desktop,Safari,Spain,Madrid,0,1,/catalog/apparel,0,,,,
8000002322,9000000000002860,1,1736629620,6,21,referral,partner.example,mobile,Firefox,Portugal,Lisbon,0,1,/product/featured-item,0,/catalog/apparel,89632,,
8000001325,9000000000002861,1,1737038820,4,14,(none),(direct),desktop,Edge,France,Ile-de-France,0,1,/catalog/accessories,0,/catalog/electronics,47036,/checkout,58842
8000001420,9000000000002862,0,1737478020,2,16,(none),(direct),desktop,Safari,Portugal,Lisbon,0,1,/catalog/electronics,0,,,,
8000002919,9000000000002863,1,1736039520,7,1,referral,partner.example,desktop,Safari,Germany,Berlin,0,1,/catalog/apparel,0,,,,
8000003310,9000000000002864,1,1737823200,6,16,(none),(direct),desktop,Chrome,United Kingdom,England,0,1,/product/featured-item,0,/catalog/electronics,44863,/checkout,136321
8000002518,9000000000002865,1,1737982620,1,12,organic,search-engine,mobile,Safari,Germany,Berlin,0,1,/catalog/electronics,0,/product/featured-item,63672,,
8000003284,9000000000002866,1,1737799860,6,10,email,newsletter,desktop,Edge,United Kingdom,England,0,1,/catalog/electronics,0,,,,
8000002313,9000000000002867,1,1738073280,2,14,organic,search-engine,desktop,Firefox,Portugal,Lisbon,0,2,/catalog/apparel,0,/product/featured-item,9618,,
8000003428,9000000000002868,1,1735725060,3,9,referral,partner.example,desktop,Firefox,Germany,Berlin,0,2,/catalog/electronics,0,/catalog/accessories,76990,/product/featured-item,84424
8000000703,9000000000002869,1,1736887860,2,20,email,newsletter,desktop,Safari,Spain,Madrid,0,4,/catalog/accessories,0,/catalog/apparel,84859,/basket,190666
8000000150,9000000000002870,1,1737741840,5,18,referral,partner.example,desktop,Edge,Spain,Madrid,0,1,/product/featured-item,0,/catalog/electronics,38243,/checkout,42142
8000003100,9000000000002871,0,1737762000,5,23,email,newsletter,desktop,Firefox,France,Ile-de-France,0,1,/catalog/accessories,0,,,,
8000000202,9000000000002872,1,1737607920,4,4,email,newsletter,desktop,Edge,United Kingdom,England,0,1,/catalog/accessories,0,/catalog/accessories,78579,,
8000001106,9000000000002873,1,1735704960,3,4,email,newsletter,mobile,Firefox,Spain,Madrid,0,1,/catalog/apparel,0,/basket,75041,/basket,99833
8000000530,9000000000002874,1,1737612240,4,6,cpc,paid-media,mobile,Edge,Spain,Madrid,0,3,/catalog/accessories,0,/catalog/electronics,59353,/basket,78035
8000001313,9000000000002875,0,1736908500,3,2,(none),(direct),mobile,Safari,France,Ile-de-France,0,1,/product/featured-item,0,/catalog/apparel,15861,/basket,62371
8000003052,9000000000002876,0,1736191080,1,19,(none),(direct),desktop,Firefox,Germany,Berlin,0,1,/home,0,,,,
8000000851,9000000000002877,1,1736691000,7,14,referral,partner.example,mobile,Safari,United Kingdom,England,0,2,/catalog/electronics,0,/catalog/accessories,86414,/checkout,204454
8000001939,9000000000002878,1,1736432520,4,14,referral,partner.example,mobile,Chrome,United Kingdom,England,0,1,/home,0,/catalog/accessories,7688,,
8000000607,9000000000002879,1,1737426000,2,2,email,newsletter,mobile,Chrome,United Kingdom,England,0,3,/catalog/apparel,0,,,,
8000000346,9000000000002880,0,1736041800,7,1,cpc,paid-media,mobile,Edge,Spain,Madrid,0,2,/catalog/accessories,0,,,,
8000002450,9000000000002881,1,1736038920,7,1,organic,search-engine,desktop,Safari,France,Ile-de-France,0,1,/catalog/accessories,0,,,,
8000001029,9000000000002882,1,1736516340,5,13,referral,partner.example,mobile,Safari,United Kingdom,England,0,1,/home,0,,,,
8000002587,9000000000002883,1,1735911240,5,13,cpc,paid-media,mobile,Safari,Spain,Madrid,0,1,/catalog/electronics,0,,,,
8000002084,9000000000002884,1,1735874220,5,3,(none),(direct),mobile,Chrome,Germany,Berlin,0,1,/catalog/apparel,0,,,,
8000000772,9000000000002885,1,1737814560,6,14,email,newsletter,desktop,Safari,Portugal,Lisbon,0,1,/catalog/electronics,0,/catalog/apparel,29748,,
8000002644,9000000000002886,0,1737560640,3,15,cpc,paid-media,mobile,Chrome,France,Ile-de-France,0,1,/catalog/accessories,0,/basket,88254,/basket,130763
8000003291,9000000000002887,0,1737345600,1,4,referral,partner.example,desktop,Edge,France,Ile-de-France,0,2,/product/featured-item,0,,,,
8000001168,9000000000002888,1,1735945380,5,23,email,newsletter,desktop,Edge,Germany,Berlin,0,1,/home,0,,,,
8000003349,9000000000002889,1,1737713340,5,10,email,newsletter,desktop,Edge,Germany,Berlin,0,1,/catalog/apparel,0,/checkout,78010,/checkout,133538
8000002890,9000000000002890,1,1736550420,5,23,cpc,paid-media,mobile,Chrome,Spain,Madrid,0,1,/catalog/apparel,0,/product/featured-item,85548,,
8000000524,9000000000002891,1,1736971740,3,20,organic,search-engine,mobile,Safari,France,Ile-de-France,0,1,/catalog/electronics,0,/basket,27947,,
8000001693,9000000000002892,1,1735866780,5,1,email,newsletter,desktop,Edge,Spain,Madrid,0,1,/home,0,,,,
8000000904,9000000000002893,0,1737603300,4,3,referral,partner.example,desktop,Firefox,United Kingdom,England,0,2,/catalog/apparel,0,/catalog/apparel,85672,,
8000002483,9000000000002894,1,1736290500,2,22,referral,partner.example,mobile,Safari,France,Ile-de-France,0,1,/home,0,/checkout,42057,,
8000001888,9000000000002895,0,1737390300,1,16,(none),(direct),mobile,Edge,Spain,Madrid,0,1,/product/featured-item,0,/basket,88018,/catalog/electronics,128560
8000000099,9000000000002896,1,1735887360,5,6,cpc,paid-media,desktop,Safari,France,Ile-de-France,0,1,/home,0,/product/featured-item,42449,,
8000002786,9000000000002897,1,1737911520,7,17,email,newsletter,desktop,Firefox,Germany,Berlin,0,1,/catalog/accessories,0,/checkout,4149,,
8000003225,9000000000002898,1,1738179480,3,19,cpc,paid-media,desktop,Safari,Germany,Berlin,0,1,/catalog/apparel,0,,,,
8000001342,9000000000002899,0,1737450900,2,9,referral,partner.example,desktop,Safari,France,Ile-de-France,0,1,/home,0,,,,
8000002981,9000000000002900,1,1736753160,1,7,cpc,paid-media,desktop,Chrome,Spain,Madrid,0,1,/catalog/accessories,0,/catalog/electronics,56550,,
8000002456,9000000000002901,1,1737208680,6,13,organic,search-engine,desktop,Edge,Germany,Berlin,0,2,/product/featured-item,0,,,,
8000002849,9000000000002902,1,1737741300,5,17,cpc,paid-media,mobile,Firefox,United Kingdom,England,0,2,/catalog/apparel,0,,,,
8000002787,9000000000002903,1,1738245540,4,13,(none),(direct),desktop,Chrome,United Kingdom,England,0,1,/catalog/accessories,0,,,,
8000001119,9000000000002904,1,1735874580,5,3,(none),(direct),tablet,Safari,Spain,Madrid,0,1,/home,0,,,,
8000001619,9000000000002905,1,1737967500,1,8,referral,partner.example,desktop,Edge,Germany,Berlin,0,1,/catalog/apparel,0,/catalog/accessories,28671,,
8000002588,9000000000002906,1,1738087860,2,18,(none),(direct),mobile,Chrome,Portugal,Lisbon,0,1,/catalog/apparel,0,,,,
8000000393,9000000000002907,1,1737660240,4,19,email,newsletter,desktop,Safari,Portugal,Lisbon,0,1,/catalog/apparel,0,,,,
8000000993,9000000000002908,1,1737242700,6,23,referral,partner.example,mobile,Safari,France,Ile-de-France,0,1,/catalog/apparel,0,,,,
8000001002,9000000000002909,1,1736170080,1,13,(none),(direct),mobile,Safari,Germany,Berlin,0,1,/catalog/electronics,0,/catalog/apparel,47571,,
8000001991,9000000000002910,1,1738188840,3,22,email,newsletter,desktop,Chrome,United Kingdom,England,1,1,/home,0,,,,
8000001897,9000000000002911,1,1737168900,6,2,email,newsletter,mobile,Firefox,Spain,Madrid,0,1,/catalog/accessories,0,,,,
8000000896,9000000000002912,1,1737696180,5,5,cpc,paid-media,desktop,Chrome,Portugal,Lisbon,0,2,/product/featured-item,0,/checkout,17108,,
8000001853,9000000000002913,0,1735732020,3,11,referral,partner.example,desktop,Chrome,United Kingdom,England,0,1,/catalog/apparel,0,,,,
8000002691,9000000000002914,1,1737733020,5,15,organic,search-engine,mobile,Chrome,United Kingdom,England,0,1,/catalog/apparel,0,,,,
8000000688,9000000000002915,1,1736134920,1,3,cpc,paid-media,mobile,Safari,Portugal,Lisbon,0,1,/catalog/accessories,0,/basket,36773,,
8000000766,9000000000002916,1,1737462480,2,12,cpc,paid-media,desktop,Safari,Spain,Madrid,0,1,/catalog/electronics,0,,,,
8000001915,9000000000002917,0,1737907320,7,16,email,newsletter,mobile,Chrome,Spain,Madrid,0,1,/product/featured-item,0,/checkout,5482,/basket,20787
8000000454,9000000000002918,1,1736133660,1,3,cpc,paid-media,tablet,Safari,Germany,Berlin,0,3,/home,0,,,,
8000000736,9000000000002919,0,1736947320,3,13,organic,search-engine,desktop,Safari,United Kingdom,England,0,1,/product/featured-item,0,/catalog/electronics,32652,,
8000002349,9000000000002920,1,1736864760,2,14,organic,search-engine,desktop,Firefox,France,Ile-de-France,0,2,/home,0,/catalog/apparel,27871,/catalog/accessories,40042
8000002723,9000000000002921,1,1737037200,4,14,organic,search-engine,desktop,Edge,France,Ile-de-France,0,1,/catalog/apparel,0,/catalog/electronics,40169,,
8000003202,9000000000002922,0,1737642180,4,14,(none),(direct),desktop,Edge,Germany,Berlin,0,1,/catalog/accessories,0,/catalog/apparel,31782,,
8000003403,9000000000002923,1,1735848180,4,20,email,newsletter,mobile,Edge,Spain,Madrid,0,1,/catalog/electronics,0,/checkout,23419,,
8000000993,9000000000002924,1,1736230440,2,6,(none),(direct),desktop,Chrome,Portugal,Lisbon,0,2,/home,0,/checkout,3426,,
8000003386,9000000000002925,1,1736449560,4,19,email,newsletter,desktop,Chrome,Spain,Madrid,0,1,/catalog/apparel,0,,,,
8000001241,9000000000002926,0,1735852560,4,21,cpc,paid-media,desktop,Edge,Portugal,Lisbon,0,2,/home,0,,,,
8000001888,9000000000002927,1,1735882320,5,5,cpc,paid-media,desktop,Edge,France,Ile-de-France,0,3,/home,0,,,,
8000000670,9000000000002928,1,1736690760,7,14,organic,search-engine,desktop,Chrome,United Kingdom,England,0,3,/home,0,/checkout,73094,/catalog/accessories,161292
8000003085,9000000000002929,1,1736768460,1,11,email,newsletter,mobile,Chrome,Germany,Berlin,0,1,/catalog/accessories,0,,,,
8000000530,9000000000002930,1,1736743260,1,4,(none),(direct),desktop,Firefox,Portugal,Lisbon,0,1,/catalog/electronics,0,/catalog/apparel,60962,,
8000001912,9000000000002931,1,1735847340,4,19,referral,partner.example,mobile,Safari,Spain,Madrid,0,1,/catalog/apparel,0,/catalog/electronics,32146,,
8000001322,9000000000002932,1,1736435100,4,15,referral,partner.example,desktop,Firefox,France,Ile-de-France,0,1,/product/featured-item,0,,,,
8000001943,9000000000002933,1,1736616480,6,17,email,newsletter,mobile,Firefox,Germany,Berlin,0,1,/home,0,/product/featured-item,26926,,
8000000670,9000000000002934,1,1736692020,7,14,organic,search-engine,mobile,Edge,United Kingdom,England,0,1,/catalog/accessories,0,/basket,81485,/basket,188330
8000001092,9000000000002935,1,1736221680,2,3,cpc,paid-media,desktop,Safari,United Kingdom,England,0,1,/product/featured-item,0,/checkout,47456,,
8000003003,9000000000002936,1,1737863520,7,3,cpc,paid-media,mobile,Firefox,Germany,Berlin,0,2,/catalog/electronics,0,/catalog/accessories,31589,/product/featured-item,142435
8000002584,9000000000002937,1,1736311020,3,4,organic,search-engine,mobile,Safari,Germany,Berlin,0,1,/catalog/accessories,0,/catalog/accessories,19457,/catalog/accessories,33498
8000000726,9000000000002938,1,1737323760,7,21,referral,partner.example,desktop,Firefox,United Kingdom,England,0,1,/catalog/accessories,0,/catalog/accessories,62210,,
8000003274,9000000000002939,1,1736150400,1,8,email,newsletter,desktop,Firefox,France,Ile-de-France,0,1,/product/featured-item,0,,,,
8000001086,9000000000002940,1,1736841780,2,8,(none),(direct),desktop,Firefox,France,Ile-de-France,0,1,/product/featured-item,0,/catalog/apparel,41227,,
8000000450,9000000000002941,1,1737133020,5,16,organic,search-engine,desktop,Firefox,Portugal,Lisbon,0,1,/product/featured-item,0,/product/featured-item,24759,/basket,59746
8000002053,9000000000002942,1,1737428220,2,2,referral,partner.example,desktop,Chrome,Spain,Madrid,0,1,/home,0,/checkout,66991,,
8000000251,9000000000002943,0,1737516900,3,3,email,newsletter,mobile,Safari,France,Ile-de-France,0,3,/catalog/apparel,0,/checkout,38432,/checkout,103360
8000000200,9000000000002944,0,1737024960,4,10,cpc,paid-media,mobile,Chrome,United Kingdom,England,0,1,/catalog/electronics,0,/catalog/electronics,5370,,
8000001229,9000000000002945,0,1736627820,6,20,cpc,paid-media,desktop,Chrome,Germany,Berlin,0,3,/catalog/electronics,0,,,,
8000000055,9000000000002946,1,1737363780,1,9,cpc,paid-media,mobile,Firefox,United Kingdom,England,0,1,/catalog/apparel,0,/checkout,33764,/checkout,134061
8000003273,9000000000002947,1,1735940700,5,21,(none),(direct),mobile,Chrome,United Kingdom,England,0,1,/catalog/accessories,0,,,,
8000001794,9000000000002948,1,1736017980,6,19,email,newsletter,mobile,Chrome,Portugal,Lisbon,0,3,/home,0,/catalog/accessories,27036,/catalog/electronics,39704
8000000767,9000000000002949,0,1737579360,3,20,referral,partner.example,mobile,Chrome,United Kingdom,England,0,1,/home,0,/basket,16787,,
8000001083,9000000000002950,1,1738116120,3,2,(none),(direct),desktop,Edge,France,Ile-de-France,0,1,/catalog/accessories,0,/product/featured-item,82987,,
8000000672,9000000000002951,0,1735817040,4,11,organic,search-engine,mobile,Safari,France,Ile-de-France,1,1,/product/featured-item,0,/catalog/electronics,64349,/basket,95556
8000001734,9000000000002952,1,1735955880,6,1,email,newsletter,mobile,Firefox,Spain,Madrid,0,1,/catalog/electronics,0,/catalog/electronics,80593,,
8000000874,9000000000002953,1,1737615480,4,6,(none),(direct),desktop,Safari,United Kingdom,England,0,1,/catalog/electronics,0,/catalog/electronics,88517,/basket,198100
8000000065,9000000000002954,1,1737533940,3,8,email,newsletter,mobile,Firefox,Portugal,Lisbon,0,2,/catalog/apparel,0,/basket,72187,/product/featured-item,87736
8000002334,9000000000002955,1,1735908480,5,12,referral,partner.example,desktop,Edge,Germany,Berlin,0,1,/catalog/electronics,0,,,,
8000001743,9000000000002956,1,1735748880,3,16,(none),(direct),desktop,Chrome,France,Ile-de-France,0,2,/home,0,/product/featured-item,65723,,
8000000234,9000000000002957,0,1736037960,7,0,(none),(direct),desktop,Safari,Germany,Berlin,0,2,/catalog/accessories,0,/catalog/accessories,70995,/product/featured-item,76054
8000002386,9000000000002958,1,1736843220,2,8,organic,search-engine,desktop,Firefox,United Kingdom,England,0,1,/catalog/accessories,0,,,,
8000002626,9000000000002959,0,1736649720,7,2,cpc,paid-media,mobile,Firefox,United Kingdom,England,0,1,/catalog/apparel,0,/product/featured-item,49516,,
8000001991,9000000000002960,1,1736680500,7,11,(none),(direct),mobile,Safari,France,Ile-de-France,0,1,/catalog/accessories,0,,,,
8000003350,9000000000002961,1,1737855420,7,1,email,newsletter,desktop,Firefox,United Kingdom,England,0,2,/catalog/apparel,0,,,,
8000003490,9000000000002962,0,1737578160,3,20,(none),(direct),mobile,Edge,Spain,Madrid,0,1,/catalog/apparel,0,,,,
8000000857,9000000000002963,1,1738143900,3,9,cpc,paid-media,desktop,Chrome,United Kingdom,England,0,2,/product/featured-item,0,,,,
8000001391,9000000000002964,1,1736748120,1,6,organic,search-engine,desktop,Firefox,Portugal,Lisbon,0,1,/catalog/accessories,0,/catalog/apparel,39076,/catalog/accessories,59885
8000000907,9000000000002965,1,1737826140,6,17,email,newsletter,desktop,Safari,Spain,Madrid,0,1,/product/featured-item,0,,,,
8000001165,9000000000002966,1,1737330180,7,23,organic,search-engine,desktop,Firefox,Germany,Berlin,0,1,/catalog/electronics,0,,,,
8000003239,9000000000002967,1,1736657160,7,4,referral,partner.example,desktop,Safari,Germany,Berlin,0,1,/catalog/accessories,0,/basket,26753,,
8000002471,9000000000002968,0,1736431140,4,13,referral,partner.example,mobile,Edge,Portugal,Lisbon,0,1,/catalog/apparel,0,/checkout,13144,,
8000000829,9000000000002969,1,1738353120,5,19,referral,partner.example,desktop,Edge,France,Ile-de-France,0,1,/catalog/apparel,0,/catalog/apparel,57002,,
8000002773,9000000000002970,1,1735752060,3,17,(none),(direct),mobile,Safari,Portugal,Lisbon,0,3,/catalog/electronics,0,/basket,10757,,
8000002970,9000000000002971,1,1737314340,7,19,cpc,paid-media,mobile,Chrome,Germany,Berlin,0,1,/product/featured-item,0,/product/featured-item,48803,/basket,96493
8000000454,9000000000002972,1,1738101480,2,21,email,newsletter,mobile,Safari,France,Ile-de-France,0,1,/catalog/accessories,0,/checkout,8622,,
8000000842,9000000000002973,0,1736613780,6,16,organic,search-engine,desktop,Firefox,Spain,Madrid,0,1,/home,0,/catalog/accessories,11153,/catalog/accessories,53959
8000001903,9000000000002974,1,1735779360,4,0,referral,partner.example,desktop,Chrome,Portugal,Lisbon,0,2,/catalog/accessories,0,/product/featured-item,15909,/basket,59829
8000001253,9000000000002975,1,1737683340,5,1,cpc,paid-media,desktop,Firefox,Portugal,Lisbon,0,1,/catalog/apparel,0,,,,
8000003010,9000000000002976,0,1736692200,7,14,referral,partner.example,desktop,Safari,United Kingdom,England,0,1,/home,0,/catalog/apparel,76289,/product/featured-item,121174
8000000646,9000000000002977,0,1736589600,6,10,email,newsletter,desktop,Chrome,Spain,Madrid,0,1,/product/featured-item,0,/catalog/apparel,36664,/checkout,108226
8000001230,9000000000002978,1,1738062060,2,11,email,newsletter,tablet,Firefox,Germany,Berlin,0,1,/catalog/electronics,0,,,,
8000002691,9000000000002979,1,1736842500,2,8,email,newsletter,desktop,Safari,France,Ile-de-France,0,4,/product/featured-item,0,/basket,50549,/product/featured-item,74814
8000001539,9000000000002980,0,1737638040,4,13,(none),(direct),desktop,Firefox,France,Ile-de-France,0,2,/home,0,/catalog/apparel,63594,,
8000002806,9000000000002981,0,1736874180,2,17,cpc,paid-media,desktop,Edge,Portugal,Lisbon,0,1,/catalog/accessories,0,,,,
8000000183,9000000000002982,1,1736193600,1,20,(none),(direct),mobile,Edge,Portugal,Lisbon,0,3,/home,0,,,,
8000003395,9000000000002983,0,1738187460,3,21,cpc,paid-media,desktop,Safari,Germany,Berlin,0,2,/home,0,/catalog/accessories,41068,/catalog/accessories,44716
8000001579,9000000000002984,0,1736744160,1,4,email,newsletter,desktop,Safari,Spain,Madrid,0,2,/catalog/electronics,0,/catalog/electronics,89377,,
8000002007,9000000000002985,0,1737664020,4,20,email,newsletter,mobile,Chrome,France,Ile-de-France,0,1,/catalog/electronics,0,,,,
8000000450,9000000000002986,1,1736967900,3,19,email,newsletter,mobile,Safari,Germany,Berlin,0,1,/catalog/electronics,0,/product/featured-item,7655,/checkout,83798
8000002619,9000000000002987,1,1735745220,3,15,email,newsletter,mobile,Safari,France,Ile-de-France,0,1,/catalog/accessories,0,/checkout,78940,/catalog/accessories,124747
8000001522,9000000000002988,1,1735983060,6,9,(none),(direct),desktop,Edge,Germany,Berlin,0,3,/catalog/electronics,0,/catalog/apparel,21047,,
8000003464,9000000000002989,1,1736916000,3,4,(none),(direct),mobile,Edge,Germany,Berlin,0,2,/home,0,/basket,68514,/basket,152758
8000002342,9000000000002990,0,1737360180,1,8,referral,partner.example,desktop,Chrome,Spain,Madrid,0,1,/catalog/apparel,0,/catalog/apparel,26012,/catalog/electronics,51661
8000000963,9000000000002991,1,1735706580,3,4,organic,search-engine,desktop,Chrome,France,Ile-de-France,0,2,/home,0,/checkout,53177,,
8000002338,9000000000002992,1,1737665100,4,20,cpc,paid-media,desktop,Edge,Portugal,Lisbon,0,1,/catalog/apparel,0,,,,
8000000712,9000000000002993,1,1736447100,4,18,organic,search-engine,desktop,Firefox,France,Ile-de-France,0,1,/product/featured-item,0,/catalog/accessories,61608,,
8000002134,9000000000002994,1,1736906160,3,1,organic,search-engine,desktop,Safari,France,Ile-de-France,0,2,/catalog/apparel,0,,,,
8000001921,9000000000002995,0,1736488740,5,5,organic,search-engine,desktop,Firefox,Spain,Madrid,0,1,/catalog/apparel,0,/basket,51930,/basket,81064
8000003224,9000000000002996,1,1737032580,4,13,cpc,paid-media,desktop,Edge,United Kingdom,England,0,2,/product/featured-item,0,/catalog/accessories,72784,/catalog/electronics,75217
8000001350,9000000000002997,1,1737677580,5,0,cpc,paid-media,tablet,Chrome,Portugal,Lisbon,0,1,/catalog/apparel,0,/catalog/accessories,10398,,
8000002059,9000000000002998,1,1735998660,6,13,cpc,paid-media,desktop,Firefox,United Kingdom,England,0,1,/product/featured-item,0,/catalog/accessories,53543,,
8000000302,9000000000002999,1,1738245660,4,14,referral,partner.example,desktop,Safari,France,Ile-de-France,0,1,/product/featured-item,0,/catalog/electronics,66400,/catalog/electronics,148499
8000001140,9000000000003000,1,1735810920,4,9,referral,partner.example,desktop,Firefox,Spain,Madrid,0,1,/catalog/electronics,0,/checkout,22355,/catalog/accessories,117480
8000002821,9000000000003001,1,1736987280,4,0,cpc,paid-media,desktop,Chrome,Portugal,Lisbon,0,1,/home,0,/catalog/electronics,54796,/catalog/electronics,122505
8000000516,9000000000003002,0,1737254640,7,2,email,newsletter,desktop,Safari,United Kingdom,England,0,1,/catalog/apparel,0,/basket,22968,,
8000000017,9000000000003003,1,1735979880,6,8,email,newsletter,desktop,Firefox,United Kingdom,England,0,1,/catalog/accessories,0,/product/featured-item,54423,/checkout,151565
8000000564,9000000000003004,1,1737687660,5,3,referral,partner.example,tablet,Chrome,Germany,Berlin,0,2,/catalog/apparel,0,/basket,75866,,
8000002305,9000000000003005,0,1736888580,2,21,(none),(direct),mobile,Firefox,United Kingdom,England,0,2,/catalog/accessories,0,,,,
8000001877,9000000000003006,1,1737578040,3,20,cpc,paid-media,mobile,Edge,Portugal,Lisbon,0,1,/catalog/accessories,0,,,,
8000000068,9000000000003007,1,1735823100,4,13,(none),(direct),mobile,Firefox,France,Ile-de-France,0,3,/product/featured-item,0,/checkout,20565,/basket,49865
8000003100,9000000000003008,1,1736429880,4,13,cpc,paid-media,mobile,Firefox,Portugal,Lisbon,1,1,/catalog/electronics,0,/catalog/electronics,52182,/basket,68085
8000000141,9000000000003009,0,1737777780,6,4,cpc,paid-media,desktop,Chrome,Germany,Berlin,0,3,/catalog/apparel,0,/checkout,30136,/catalog/electronics,104301
8000000047,9000000000003010,1,1737961740,1,7,(none),(direct),desktop,Firefox,Germany,Berlin,0,1,/catalog/electronics,0,/catalog/accessories,60169,/catalog/accessories,91469
8000001482,9000000000003011,0,1737343140,1,3,cpc,paid-media,desktop,Safari,Portugal,Lisbon,0,1,/catalog/electronics,0,/checkout,44726,/basket,111001
8000001960,9000000000003012,0,1735823160,4,13,email,newsletter,desktop,Firefox,Germany,Berlin,0,1,/catalog/electronics,0,/catalog/accessories,2738,/product/featured-item,82115
8000002252,9000000000003013,1,1738260420,4,18,(none),(direct),desktop,Edge,Spain,Madrid,0,1,/home,0,,,,
8000003481,9000000000003014,1,1736322000,3,7,email,newsletter,desktop,Firefox,Portugal,Lisbon,0,4,/product/featured-item,0,/basket,56994,,
8000000200,9000000000003015,1,1735818000,4,11,(none),(direct),desktop,Edge,Portugal,Lisbon,0,2,/home,0,/catalog/apparel,43351,,
8000000168,9000000000003016,1,1735790160,4,3,organic,search-engine,mobile,Firefox,Portugal,Lisbon,0,1,/catalog/electronics,0,,,,
8000003106,9000000000003017,1,1736601000,6,13,email,newsletter,mobile,Chrome,France,Ile-de-France,0,1,/catalog/accessories,0,/product/featured-item,77200,,
8000000429,9000000000003018,1,1736517960,5,14,organic,search-engine,mobile,Safari,France,Ile-de-France,0,1,/catalog/apparel,0,,,,
8000000055,9000000000003019,1,1737066420,4,22,email,newsletter,desktop,Firefox,United Kingdom,England,0,1,/home,0,,,,
8000000355,9000000000003020,1,1737981720,1,12,organic,search-engine,desktop,Safari,France,Ile-de-France,0,1,/catalog/electronics,0,/checkout,77682,/product/featured-item,116734
8000002546,9000000000003021,1,1738146600,3,10,(none),(direct),desktop,Edge,Spain,Madrid,0,1,/catalog/electronics,0,,,,
8000001595,9000000000003022,1,1737381180,1,13,organic,search-engine,tablet,Firefox,Germany,Berlin,0,2,/home,0,,,,
8000000828,9000000000003023,1,1736907540,3,2,organic,search-engine,mobile,Safari,United Kingdom,England,0,1,/home,0,/product/featured-item,39587,,
8000002092,9000000000003024,0,1736462460,4,22,cpc,paid-media,desktop,Edge,United Kingdom,England,0,1,/catalog/apparel,0,,,,
8000001577,9000000000003025,1,1737191160,6,9,referral,partner.example,desktop,Safari,Portugal,Lisbon,0,1,/home,0,/catalog/electronics,74211,,
8000000319,9000000000003026,0,1737537300,3,9,(none),(direct),desktop,Safari,France,Ile-de-France,0,2,/catalog/apparel,0,/product/featured-item,79714,/basket,99617
8000000242,9000000000003027,1,1736303340,3,2,(none),(direct),tablet,Chrome,Germany,Berlin,0,1,/home,0,/product/featured-item,26340,/product/featured-item,59564
8000001549,9000000000003028,1,1737411480,1,22,cpc,paid-media,desktop,Edge,Portugal,Lisbon,0,1,/catalog/electronics,0,/checkout,24933,/checkout,76478
8000001155,9000000000003029,0,1737955260,1,5,cpc,paid-media,desktop,Firefox,France,Ile-de-France,0,1,/catalog/accessories,0,,,,
8000003136,9000000000003030,0,1736388300,4,2,email,newsletter,desktop,Safari,France,Ile-de-France,0,4,/catalog/accessories,0,,,,
8000000572,9000000000003031,1,1737338160,1,1,(none),(direct),mobile,Chrome,Portugal,Lisbon,0,2,/home,0,,,,
8000003355,9000000000003032,1,1736130840,1,2,email,newsletter,mobile,Firefox,Germany,Berlin,0,1,/catalog/electronics,0,,,,
8000001753,9000000000003033,1,1736817480,2,1,cpc,paid-media,desktop,Chrome,Portugal,Lisbon,0,4,/product/featured-item,0,,,,
8000000829,9000000000003034,1,1737671400,4,22,referral,partner.example,tablet,Edge,United Kingdom,England,0,1,/catalog/accessories,0,/product/featured-item,65552,/catalog/accessories,109500
8000003058,9000000000003035,1,1737042660,4,15,cpc,paid-media,desktop,Safari,Spain,Madrid,0,1,/catalog/accessories,0,,,,
8000000567,9000000000003036,1,1736786220,1,16,email,newsletter,desktop,Safari,France,Ile-de-France,0,1,/home,0,/catalog/electronics,85619,,
8000003375,9000000000003037,0,1738205520,4,2,referral,partner.example,mobile,Edge,France,Ile-de-France,0,1,/home,0,,,,
8000002725,9000000000003038,0,1737755280,5,21,cpc,paid-media,mobile,Firefox,United Kingdom,England,0,1,/catalog/apparel,0,,,,
8000000884,9000000000003039,1,1738177020,3,18,cpc,paid-media,desktop,Safari,United Kingdom,England,0,3,/product/featured-item,0,/catalog/electronics,26303,/basket,82463
8000000635,9000000000003040,1,1736392860,4,3,(none),(direct),tablet,Safari,Portugal,Lisbon,0,1,/home,0,,,,
8000003131,9000000000003041,1,1737230040,6,19,referral,partner.example,desktop,Safari,United Kingdom,England,0,1,/product/featured-item,0,/checkout,46790,/checkout,97031
8000000980,9000000000003042,1,1736025900,6,21,email,newsletter,mobile,Safari,Portugal,Lisbon,0,3,/catalog/apparel,0,,,,
8000002069,9000000000003043,1,1736281980,2,20,cpc,paid-media,desktop,Edge,France,Ile-de-France,0,1,/product/featured-item,0,,,,
8000001558,9000000000003044,0,1737106260,5,9,cpc,paid-media,desktop,Firefox,United Kingdom,England,0,1,/catalog/electronics,0,/product/featured-item,21367,,
8000000708,9000000000003045,0,1737812520,6,13,cpc,paid-media,mobile,Safari,France,Ile-de-France,0,1,/product/featured-item,0,/checkout,70662,/basket,180666
8000000697,9000000000003046,1,1737111060,5,10,(none),(direct),desktop,Safari,United Kingdom,England,0,1,/catalog/apparel,0,/checkout,89081,,
8000001000,9000000000003047,1,1735754220,3,17,(none),(direct),desktop,Chrome,Portugal,Lisbon,0,1,/catalog/apparel,0,/catalog/accessories,21955,,
8000002872,9000000000003048,0,1737282960,7,10,email,newsletter,mobile,Edge,United Kingdom,England,0,1,/home,0,,,,
8000002588,9000000000003049,1,1736044680,7,2,cpc,paid-media,mobile,Chrome,Spain,Madrid,0,1,/home,0,/checkout,6531,,
8000001591,9000000000003050,1,1737309840,7,18,referral,partner.example,mobile,Firefox,Germany,Berlin,0,2,/product/featured-item,0,/catalog/accessories,43701,,
8000002604,9000000000003051,1,1736992260,4,1,cpc,paid-media,mobile,Chrome,Germany,Berlin,0,1,/catalog/electronics,0,/basket,69036,/catalog/accessories,111956
8000003062,9000000000003052,1,1735861620,4,23,organic,search-engine,desktop,Chrome,Germany,Berlin,0,1,/product/featured-item,0,,,,
8000002704,9000000000003053,0,1737008820,4,6,referral,partner.example,desktop,Edge,United Kingdom,England,0,1,/catalog/electronics,0,/checkout,38366,/catalog/electronics,49880
8000002236,9000000000003054,0,1737830040,6,18,email,newsletter,desktop,Chrome,Germany,Berlin,0,1,/home,0,,,,
8000000728,9000000000003055,1,1736766240,1,11,referral,partner.example,mobile,Chrome,United Kingdom,England,0,1,/home,0,/catalog/electronics,3833,/product/featured-item,66246
8000002815,9000000000003056,1,1737514320,3,2,referral,partner.example,mobile,Chrome,France,Ile-de-France,0,2,/catalog/electronics,0,/catalog/accessories,47358,,
8000001821,9000000000003057,0,1736060340,7,6,email,newsletter,desktop,Edge,Spain,Madrid,0,2,/catalog/accessories,0,,,,
8000001865,9000000000003058,1,1737950220,1,3,email,newsletter,desktop,Chrome,Portugal,Lisbon,0,2,/catalog/apparel,0,/basket,77889,,
8000002080,9000000000003059,1,1738329900,5,13,(none),(direct),desktop,Edge,Spain,Madrid,0,2,/product/featured-item,0,/basket,20178,,
8000000015,9000000000003060,0,1736162220,1,11,referral,partner.example,desktop,Safari,Germany,Berlin,0,1,/product/featured-item,0,/catalog/apparel,64551,,
8000000260,9000000000003061,1,1736600580,6,13,(none),(direct),desktop,Edge,Portugal,Lisbon,0,2,/catalog/apparel,0,/checkout,24070,,
8000002299,9000000000003062,1,1736595360,6,11,(none),(direct),tablet,Safari,France,Ile-de-France,0,1,/product/featured-item,0,/checkout,53509,,
8000001090,9000000000003063,1,1736296560,3,0,(none),(direct),mobile,Chrome,United Kingdom,England,0,1,/catalog/electronics,0,/catalog/accessories,85960,,
8000002685,9000000000003064,1,1736656080,7,4,referral,partner.example,mobile,Edge,Portugal,Lisbon,0,1,/catalog/accessories,0,/catalog/apparel,37701,/catalog/accessories,127659
8000002395,9000000000003065,1,1735798620,4,6,email,newsletter,desktop,Chrome,Spain,Madrid,0,1,/catalog/electronics,0,,,,
8000001037,9000000000003066,1,1736825700,2,3,email,newsletter,desktop,Chrome,Spain,Madrid,0,1,/catalog/accessories,0,/checkout,34954,/catalog/accessories,148903
8000001461,9000000000003067,1,1737240720,6,22,(none),(direct),mobile,Firefox,United Kingdom,England,0,1,/catalog/electronics,0,,,,
8000003090,9000000000003068,1,1736507880,5,11,cpc,paid-media,desktop,Chrome,France,Ile-de-France,0,2,/catalog/electronics,0,/product/featured-item,30720,/catalog/accessories,84330
8000001079,9000000000003069,1,1736096700,7,17,referral,partner.example,desktop,Safari,Portugal,Lisbon,0,2,/product/featured-item,0,/catalog/accessories,85808,/checkout,107973
8000002561,9000000000003070,1,1736798580,1,20,organic,search-engine,desktop,Edge,United Kingdom,England,0,4,/catalog/accessories,0,/catalog/electronics,81652,/catalog/accessories,185122
8000000543,9000000000003071,0,1737382620,1,14,cpc,paid-media,mobile,Edge,United Kingdom,England,0,1,/catalog/electronics,0,,,,
8000002144,9000000000003072,1,1735962840,6,3,cpc,paid-media,desktop,Safari,France,Ile-de-France,0,1,/catalog/accessories,0,,,,
8000000642,9000000000003073,1,1738087440,2,18,(none),(direct),desktop,Firefox,United Kingdom,England,0,1,/catalog/electronics,0,/catalog/accessories,48910,,
8000000172,9000000000003074,1,1737741840,5,18,(none),(direct),tablet,Chrome,Spain,Madrid,0,1,/catalog/accessories,0,/basket,40047,,
8000002538,9000000000003075,0,1738058340,2,9,cpc,paid-media,mobile,Chrome,France,Ile-de-France,0,1,/product/featured-item,0,/catalog/electronics,87747,/basket,148667
8000002523,9000000000003076,1,1735846260,4,19,(none),(direct),tablet,Edge,Germany,Berlin,0,1,/catalog/electronics,0,/basket,46091,/basket,123452
8000000386,9000000000003077,0,1735812720,4,10,referral,partner.example,mobile,Chrome,France,Ile-de-France,0,1,/home,0,/product/featured-item,78094,/basket,92751
8000002891,9000000000003078,1,1738341540,5,16,cpc,paid-media,tablet,Edge,France,Ile-de-France,1,1,/home,0,/checkout,23174,/catalog/electronics,130702
8000002775,9000000000003079,1,1737358140,1,7,(none),(direct),mobile,Firefox,Germany,Berlin,0,1,/product/featured-item,0,/product/featured-item,11193,/basket,28753
8000002925,9000000000003080,0,1737339420,1,2,cpc,paid-media,mobile,Safari,Portugal,Lisbon,0,1,/home,0,,,,
8000002267,9000000000003081,1,1736254140,2,12,(none),(direct),mobile,Firefox,Spain,Madrid,0,3,/catalog/apparel,0,,,,
8000001058,9000000000003082,1,1737960180,1,6,(none),(direct),desktop,Firefox,Germany,Berlin,0,1,/catalog/apparel,0,/basket,75434,/product/featured-item,179458
8000000253,9000000000003083,1,1736783100,1,15,referral,partner.example,desktop,Chrome,Germany,Berlin,0,1,/product/featured-item,0,/basket,66752,/checkout,71609
8000003419,9000000000003084,0,1736694060,7,15,email,newsletter,desktop,Firefox,Portugal,Lisbon,0,1,/catalog/apparel,0,/catalog/electronics,37616,/catalog/accessories,44362
8000000977,9000000000003085,0,1736173380,1,14,organic,search-engine,mobile,Edge,France,Ile-de-France,0,1,/catalog/electronics,0,,,,
8000002147,9000000000003086,0,1736323920,3,8,referral,partner.example,mobile,Safari,United Kingdom,England,0,1,/catalog/apparel,0,,,,
8000003042,9000000000003087,1,1736740920,1,4,email,newsletter,tablet,Edge,Germany,Berlin,0,1,/catalog/electronics,0,/checkout,51130,,
8000001671,9000000000003088,0,1738171020,3,17,email,newsletter,tablet,Edge,Germany,Berlin,0,2,/catalog/apparel,0,,,,
8000002732,9000000000003089,1,1737594000,4,1,organic,search-engine,mobile,Chrome,France,Ile-de-France,0,2,/catalog/electronics,0,/basket,86876,,
8000001883,9000000000003090,1,1736162880,1,11,(none),(direct),desktop,Safari,Germany,Berlin,0,1,/home,0,/checkout,4624,/product/featured-item,40333
8000000192,9000000000003091,1,1736843700,2,8,organic,search-engine,desktop,Chrome,Portugal,Lisbon,0,1,/catalog/apparel,0,/product/featured-item,21354,,
8000001835,9000000000003092,1,1737953160,1,4,cpc,paid-media,desktop,Chrome,Germany,Berlin,0,1,/catalog/apparel,0,/catalog/electronics,62099,/product/featured-item,84714
8000002097,9000000000003093,1,1737843420,6,22,organic,search-engine,desktop,Firefox,Germany,Berlin,0,1,/home,0,/catalog/accessories,59462,,
8000001624,9000000000003094,0,1738207500,4,3,referral,partner.example,mobile,Edge,France,Ile-de-France,0,2,/product/featured-item,0,/product/featured-item,56859,/basket,65960
8000000646,9000000000003095,0,1738258740,4,17,organic,search-engine,mobile,Firefox,Germany,Berlin,0,1,/catalog/accessories,0,,,,
8000000135,9000000000003096,1,1738297080,5,4,referral,partner.example,desktop,Safari,Portugal,Lisbon,0,1,/home,0,/catalog/apparel,63769,,
8000003341,9000000000003097,1,1737388080,1,15,cpc,paid-media,desktop,Safari,Germany,Berlin,0,2,/catalog/apparel,0,,,,
8000001138,9000000000003098,1,1736306040,3,3,organic,search-engine,mobile,Safari,Germany,Berlin,0,3,/product/featured-item,0,,,,
8000003054,9000000000003099,1,1737397440,1,18,organic,search-engine,desktop,Chrome,Portugal,Lisbon,1,1,/catalog/electronics,0,/catalog/apparel,45637,/checkout,107023
8000002286,9000000000003100,1,1738259280,4,17,(none),(direct),desktop,Firefox,France,Ile-de-France,0,1,/catalog/electronics,0,/catalog/electronics,5954,/catalog/accessories,65686
8000000035,9000000000003101,1,1737121560,5,13,referral,partner.example,mobile,Safari,France,Ile-de-France,0,2,/catalog/accessories,0,/product/featured-item,36987,,
8000002760,9000000000003102,0,1737996480,1,16,(none),(direct),mobile,Safari,United Kingdom,England,0,1,/home,0,/checkout,80210,/product/featured-item,101932
8000000144,9000000000003103,0,1737195120,6,10,referral,partner.example,desktop,Edge,France,Ile-de-France,0,1,/catalog/accessories,0,/catalog/apparel,78988,,
8000000310,9000000000003104,0,1737990000,1,15,referral,partner.example,desktop,Firefox,United Kingdom,England,0,2,/catalog/accessories,0,/catalog/electronics,27937,/catalog/electronics,64948
8000002171,9000000000003105,1,1738231200,4,10,organic,search-engine,mobile,Safari,United Kingdom,England,0,3,/catalog/electronics,0,,,,
8000003127,9000000000003106,0,1736040240,7,1,cpc,paid-media,desktop,Safari,Germany,Berlin,0,1,/catalog/apparel,0,/catalog/accessories,58561,,
8000000523,9000000000003107,1,1738344360,5,17,email,newsletter,mobile,Chrome,Germany,Berlin,0,1,/catalog/electronics,0,/checkout,2316,,
8000000297,9000000000003108,0,1738109520,3,0,(none),(direct),desktop,Firefox,Portugal,Lisbon,0,1,/catalog/accessories,0,,,,
8000002269,9000000000003109,0,1738308480,5,7,organic,search-engine,mobile,Chrome,Germany,Berlin,0,1,/product/featured-item,0,/product/featured-item,3086,,
8000003304,9000000000003110,1,1738020420,1,23,(none),(direct),mobile,Chrome,France,Ile-de-France,0,1,/catalog/apparel,0,,,,
8000000888,9000000000003111,0,1736800860,1,20,organic,search-engine,desktop,Edge,Portugal,Lisbon,0,2,/product/featured-item,0,/checkout,31013,/catalog/accessories,77744
8000002418,9000000000003112,1,1735839120,4,17,referral,partner.example,tablet,Firefox,Spain,Madrid,0,1,/catalog/apparel,0,,,,
8000002607,9000000000003113,0,1735984800,6,10,referral,partner.example,mobile,Firefox,France,Ile-de-France,0,1,/home,0,,,,
8000000611,9000000000003114,0,1737052920,4,18,(none),(direct),desktop,Firefox,Spain,Madrid,0,1,/catalog/apparel,0,/catalog/accessories,75400,/product/featured-item,180084
8000001593,9000000000003115,1,1735707240,3,4,(none),(direct),desktop,Firefox,Spain,Madrid,0,1,/home,0,/checkout,50423,,
8000003109,9000000000003116,1,1737339360,1,2,cpc,paid-media,desktop,Firefox,United Kingdom,England,0,2,/catalog/accessories,0,,,,
8000000964,9000000000003117,0,1737660780,4,19,(none),(direct),mobile,Firefox,Germany,Berlin,0,1,/catalog/apparel,0,/catalog/apparel,52543,/product/featured-item,73439
8000003150,9000000000003118,0,1736189280,1,18,referral,partner.example,desktop,Edge,Spain,Madrid,0,1,/home,0,,,,
8000000764,9000000000003119,1,1737314400,7,19,organic,search-engine,mobile,Chrome,United Kingdom,England,0,1,/product/featured-item,0,/catalog/electronics,54017,,
8000000820,9000000000003120,1,1737956880,1,5,referral,partner.example,desktop,Firefox,Portugal,Lisbon,0,1,/product/featured-item,0,/catalog/electronics,85763,/product/featured-item,149868
8000000512,9000000000003121,0,1738007640,1,19,referral,partner.example,desktop,Edge,United Kingdom,England,0,2,/catalog/electronics,0,/product/featured-item,89071,,
8000001785,9000000000003122,1,1736331420,3,10,referral,partner.example,desktop,Firefox,United Kingdom,England,0,3,/catalog/electronics,0,/catalog/accessories,18091,/catalog/electronics,89876
8000003421,9000000000003123,0,1737895620,7,12,organic,search-engine,desktop,Edge,Spain,Madrid,0,1,/home,0,,,,
8000001723,9000000000003124,1,1736200560,1,21,(none),(direct),desktop,Firefox,Portugal,Lisbon,0,1,/catalog/accessories,0,/product/featured-item,37056,,
8000000392,9000000000003125,1,1738216140,4,5,email,newsletter,mobile,Edge,United Kingdom,England,0,3,/product/featured-item,0,/checkout,18213,/catalog/electronics,128607
8000002610,9000000000003126,1,1735885920,5,6,cpc,paid-media,desktop,Safari,Germany,Berlin,0,2,/home,0,,,,
8000000326,9000000000003127,1,1738292160,5,2,organic,search-engine,desktop,Chrome,United Kingdom,England,0,1,/catalog/electronics,0,/catalog/electronics,24730,/basket,78409
8000001921,9000000000003128,1,1737560040,3,15,(none),(direct),mobile,Safari,Spain,Madrid,0,3,/catalog/apparel,0,/checkout,44533,,
8000000549,9000000000003129,1,1736726400,1,0,referral,partner.example,desktop,Chrome,Germany,Berlin,0,1,/product/featured-item,0,/catalog/accessories,46443,/product/featured-item,54721
8000002153,9000000000003130,1,1737043320,4,16,referral,partner.example,desktop,Safari,France,Ile-de-France,0,1,/catalog/electronics,0,/product/featured-item,51605,,
8000002915,9000000000003131,0,1737790260,6,7,cpc,paid-media,desktop,Firefox,United Kingdom,England,0,1,/product/featured-item,0,,,,
8000003162,9000000000003132,0,1737893340,7,12,referral,partner.example,desktop,Chrome,United Kingdom,England,0,2,/product/featured-item,0,,,,
8000002874,9000000000003133,1,1736650740,7,2,(none),(direct),desktop,Chrome,France,Ile-de-France,0,2,/catalog/electronics,0,/checkout,43580,,
8000002426,9000000000003134,0,1736829180,2,4,cpc,paid-media,mobile,Edge,Germany,Berlin,0,1,/catalog/electronics,0,,,,
8000003057,9000000000003135,1,1735997940,6,13,referral,partner.example,mobile,Chrome,France,Ile-de-France,0,1,/product/featured-item,0,/catalog/electronics,78778,,
8000001374,9000000000003136,1,1737412740,1,22,referral,partner.example,desktop,Edge,France,Ile-de-France,0,1,/catalog/electronics,0,,,,
8000002339,9000000000003137,0,1737351000,1,5,referral,partner.example,desktop,Edge,Spain,Madrid,0,1,/catalog/electronics,0,/basket,75757,/product/featured-item,159320
8000002270,9000000000003138,1,1738155180,3,12,referral,partner.example,mobile,Firefox,Spain,Madrid,0,1,/catalog/electronics,0,/basket,5952,,
8000002736,9000000000003139,1,1737326220,7,22,(none),(direct),desktop,Chrome,Spain,Madrid,0,1,/catalog/electronics,0,/catalog/electronics,16113,,
8000001824,9000000000003140,0,1736075520,7,11,organic,search-engine,mobile,Firefox,Portugal,Lisbon,0,1,/catalog/apparel,0,/catalog/electronics,65405,,
8000001982,9000000000003141,1,1738337460,5,15,email,newsletter,mobile,Safari,United Kingdom,England,0,1,/product/featured-item,0,,,,
8000000813,9000000000003142,1,1735866000,5,1,email,newsletter,desktop,Firefox,Portugal,Lisbon,0,1,/catalog/apparel,0,/catalog/accessories,87529,,
8000001342,9000000000003143,1,1736601900,6,13,cpc,paid-media,desktop,Safari,Germany,Berlin,0,1,/catalog/accessories,0,,,,
8000002180,9000000000003144,1,1737585300,3,22,email,newsletter,desktop,Edge,Portugal,Lisbon,0,3,/home,0,/checkout,14078,,
8000002579,9000000000003145,0,1738158000,3,13,referral,partner.example,mobile,Chrome,Portugal,Lisbon,0,1,/catalog/accessories,0,,,,
8000001616,9000000000003146,1,1737235080,6,21,cpc,paid-media,mobile,Chrome,Germany,Berlin,0,1,/catalog/apparel,0,,,,
8000001188,9000000000003147,0,1736595000,6,11,email,newsletter,desktop,Chrome,United Kingdom,England,0,1,/catalog/accessories,0,,,,
8000003102,9000000000003148,0,1736465100,4,23,cpc,paid-media,mobile,Edge,United Kingdom,England,0,1,/catalog/accessories,0,/catalog/accessories,60391,,
8000002988,9000000000003149,1,1735730940,3,11,cpc,paid-media,tablet,Safari,Portugal,Lisbon,0,1,/catalog/accessories,0,,,,
8000003325,9000000000003150,1,1737503280,2,23,cpc,paid-media,desktop,Edge,Germany,Berlin,0,1,/product/featured-item,0,,,,
8000002858,9000000000003151,0,1738202280,4,1,(none),(direct),desktop,Edge,Germany,Berlin,0,1,/catalog/electronics,0,,,,
8000001368,9000000000003152,1,1737240660,6,22,email,newsletter,desktop,Firefox,United Kingdom,England,0,1,/catalog/electronics,0,,,,
8000000892,9000000000003153,1,1735754460,3,18,organic,search-engine,mobile,Chrome,Spain,Madrid,0,1,/home,0,/checkout,9053,,
8000001825,9000000000003154,1,1737696600,5,5,cpc,paid-media,mobile,Chrome,Portugal,Lisbon,0,1,/catalog/accessories,0,,,,
8000003135,9000000000003155,0,1736457960,4,21,cpc,paid-media,mobile,Firefox,Spain,Madrid,0,1,/product/featured-item,0,/catalog/electronics,84392,,
8000001608,9000000000003156,1,1737422340,2,1,cpc,paid-media,desktop,Safari,Portugal,Lisbon,0,1,/product/featured-item,0,/catalog/electronics,6840,,
8000001574,9000000000003157,1,1738084200,2,17,(none),(direct),mobile,Safari,France,Ile-de-France,1,2,/home,0,/basket,88095,/basket,106779
8000000869,9000000000003158,1,1736195580,1,20,cpc,paid-media,desktop,Firefox,Spain,Madrid,0,1,/catalog/electronics,0,/catalog/electronics,58958,/catalog/electronics,160290
8000001975,9000000000003159,0,1736018280,6,19,referral,partner.example,mobile,Firefox,Portugal,Lisbon,0,2,/home,0,/catalog/accessories,10273,,
8000001938,9000000000003160,1,1737402960,1,19,email,newsletter,desktop,Firefox,United Kingdom,England,0,1,/home,0,/catalog/accessories,18992,,
8000001791,9000000000003161,0,1736456160,4,20,organic,search-engine,mobile,Safari,Spain,Madrid,0,1,/catalog/apparel,0,,,,
8000003267,9000000000003162,1,1736615760,6,17,email,newsletter,tablet,Firefox,United Kingdom,England,0,2,/catalog/apparel,0,,,,
8000001437,9000000000003163,1,1738043460,2,5,cpc,paid-media,desktop,Chrome,Spain,Madrid,0,1,/catalog/apparel,0,/checkout,38304,/basket,128894
8000002130,9000000000003164,0,1736654460,7,4,organic,search-engine,mobile,Chrome,Portugal,Lisbon,0,1,/home,0,,,,
8000002212,9000000000003165,0,1737577740,3,20,email,newsletter,desktop,Firefox,France,Ile-de-France,0,1,/home,0,,,,
8000001311,9000000000003166,1,1737772740,6,2,organic,search-engine,desktop,Edge,United Kingdom,England,0,1,/catalog/electronics,0,,,,
8000003293,9000000000003167,0,1736711940,7,19,email,newsletter,desktop,Edge,Portugal,Lisbon,0,1,/catalog/electronics,0,/product/featured-item,73834,,
8000003219,9000000000003168,0,1738182540,3,20,email,newsletter,desktop,Safari,France,Ile-de-France,0,3,/product/featured-item,0,/catalog/accessories,77245,/basket,132777
8000000606,9000000000003169,1,1736303820,3,2,cpc,paid-media,mobile,Firefox,Spain,Madrid,0,1,/catalog/electronics,0,/basket,25765,,
8000001004,9000000000003170,1,1736823180,2,2,email,newsletter,desktop,Edge,Spain,Madrid,0,2,/product/featured-item,0,/catalog/electronics,19113,/catalog/accessories,119620
8000001750,9000000000003171,1,1736333820,3,10,(none),(direct),desktop,Edge,France,Ile-de-France,0,1,/product/featured-item,0,,,,
8000002182,9000000000003172,1,1736936400,3,10,(none),(direct),desktop,Safari,United Kingdom,England,0,1,/product/featured-item,0,/catalog/electronics,52969,,
8000002160,9000000000003173,0,1737066120,4,22,(none),(direct),desktop,Edge,France,Ile-de-France,0,1,/home,0,/basket,87797,,
8000003276,9000000000003174,1,1738173720,3,18,(none),(direct),desktop,Firefox,France,Ile-de-France,0,1,/catalog/electronics,0,/checkout,59034,,
8000001028,9000000000003175,1,1737567060,3,17,cpc,paid-media,desktop,Edge,Spain,Madrid,0,3,/home,0,/catalog/accessories,69530,/catalog/electronics,131181
8000003218,9000000000003176,1,1738130820,3,6,organic,search-engine,mobile,Safari,United Kingdom,England,0,1,/catalog/apparel,0,,,,
8000003335,9000000000003177,1,1738027800,2,1,organic,search-engine,mobile,Firefox,Portugal,Lisbon,0,1,/home,0,,,,
8000001795,9000000000003178,1,1736594400,6,11,cpc,paid-media,desktop,Safari,France,Ile-de-France,0,1,/catalog/apparel,0,/catalog/electronics,31375,,
8000002694,9000000000003179,1,1737535140,3,8,organic,search-engine,tablet,Safari,Spain,Madrid,0,1,/catalog/apparel,0,/catalog/accessories,55270,,
8000002924,9000000000003180,1,1737138300,5,18,(none),(direct),mobile,Chrome,France,Ile-de-France,0,1,/catalog/apparel,0,,,,
8000002064,9000000000003181,1,1736420580,4,11,organic,search-engine,mobile,Safari,Portugal,Lisbon,0,2,/catalog/electronics,0,/basket,84954,,
8000000780,9000000000003182,1,1737518280,3,3,cpc,paid-media,desktop,Safari,United Kingdom,England,0,2,/catalog/electronics,0,,,,
8000001688,9000000000003183,1,1735796640,4,5,(none),(direct),desktop,Firefox,United Kingdom,England,0,4,/home,0,,,,
8000002811,9000000000003184,1,1738216320,4,5,email,newsletter,desktop,Edge,France,Ile-de-France,0,1,/product/featured-item,0,,,,
8000002988,9000000000003185,1,1735796520,4,5,organic,search-engine,desktop,Firefox,Germany,Berlin,0,1,/catalog/apparel,0,/checkout,21361,/catalog/electronics,82165
8000000065,9000000000003186,1,1736997300,4,3,(none),(direct),desktop,Edge,Portugal,Lisbon,0,1,/catalog/apparel,0,,,,
8000002393,9000000000003187,1,1737856740,7,1,cpc,paid-media,desktop,Chrome,France,Ile-de-France,0,4,/product/featured-item,0,/checkout,74491,,
8000001246,9000000000003188,0,1735717680,3,7,cpc,paid-media,desktop,Firefox,France,Ile-de-France,0,1,/catalog/electronics,0,,,,
8000001388,9000000000003189,0,1738121940,3,3,cpc,paid-media,desktop,Chrome,United Kingdom,England,0,1,/catalog/apparel,0,/basket,61433,,
8000003491,9000000000003190,1,1735868280,5,1,cpc,paid-media,mobile,Edge,Germany,Berlin,0,2,/catalog/apparel,0,/catalog/accessories,73763,,
8000001981,9000000000003191,1,1737737040,5,16,email,newsletter,desktop,Firefox,United Kingdom,England,0,4,/product/featured-item,0,,,,
8000000699,9000000000003192,1,1736909220,3,2,organic,search-engine,desktop,Firefox,Portugal,Lisbon,0,1,/home,0,/catalog/apparel,27194,,
8000001672,9000000000003193,1,1737888720,7,10,email,newsletter,mobile,Safari,United Kingdom,England,0,1,/catalog/electronics,0,/product/featured-item,18203,,
8000001744,9000000000003194,1,1737010680,4,6,cpc,paid-media,desktop,Safari,Germany,Berlin,0,2,/catalog/accessories,0,/catalog/electronics,48625,,
8000001191,9000000000003195,1,1736084700,7,13,organic,search-engine,desktop,Chrome,Germany,Berlin,0,1,/product/featured-item,0,/checkout,25440,/catalog/accessories,70459
8000001312,9000000000003196,1,1736968860,3,19,(none),(direct),desktop,Chrome,Spain,Madrid,0,1,/home,0,/basket,84481,/product/featured-item,106007
8000000068,9000000000003197,1,1736815200,2,0,organic,search-engine,desktop,Safari,Germany,Berlin,0,1,/catalog/electronics,0,,,,
8000000057,9000000000003198,1,1737746100,5,19,organic,search-engine,desktop,Chrome,Portugal,Lisbon,0,1,/catalog/electronics,0,/checkout,13708,/basket,45980
8000002718,9000000000003199,1,1738262820,4,18,email,newsletter,desktop,Chrome,Portugal,Lisbon,0,3,/product/featured-item,0,,,,
8000002406,9000000000003200,1,1736231340,2,6,referral,partner.example,mobile,Firefox,Portugal,Lisbon,0,1,/catalog/accessories,0,/basket,87303,,
8000001791,9000000000003201,1,1738242060,4,13,email,newsletter,mobile,Edge,United Kingdom,England,0,1,/catalog/apparel,0,,,,
8000001653,9000000000003202,1,1736841240,2,7,cpc,paid-media,desktop,Safari,Spain,Madrid,0,1,/home,0,/catalog/electronics,14750,,
8000003205,9000000000003203,1,1736856600,2,12,referral,partner.example,desktop,Safari,United Kingdom,England,0,1,/home,0,,,,
8000003156,9000000000003204,0,1735849320,4,20,organic,search-engine,desktop,Edge,Spain,Madrid,0,1,/catalog/apparel,0,/checkout,74107,,
8000003450,9000000000003205,1,1736932860,3,9,organic,search-engine,desktop,Chrome,United Kingdom,England,0,3,/product/featured-item,0,/checkout,60696,/checkout,90320
8000000474,9000000000003206,1,1737254580,7,2,cpc,paid-media,tablet,Chrome,United Kingdom,England,0,1,/home,0,/catalog/apparel,81002,/checkout,97234
8000001561,9000000000003207,1,1736682000,7,11,email,newsletter,desktop,Safari,Germany,Berlin,0,1,/product/featured-item,0,/catalog/accessories,47767,/catalog/electronics,78476
8000002051,9000000000003208,1,1737468600,2,14,cpc,paid-media,desktop,Edge,Spain,Madrid,0,2,/product/featured-item,0,,,,
8000001266,9000000000003209,1,1737609600,4,5,email,newsletter,desktop,Safari,United Kingdom,England,0,1,/home,0,/basket,61159,,
8000003107,9000000000003210,1,1737014100,4,7,cpc,paid-media,desktop,Edge,Germany,Berlin,0,1,/catalog/accessories,0,/catalog/electronics,35092,/catalog/accessories,95785
8000001076,9000000000003211,1,1736101620,7,18,email,newsletter,desktop,Edge,France,Ile-de-France,0,2,/catalog/accessories,0,/catalog/electronics,84951,,
8000002984,9000000000003212,1,1737141000,5,19,email,newsletter,desktop,Edge,United Kingdom,England,0,1,/catalog/accessories,0,,,,
8000002437,9000000000003213,1,1737679200,5,0,cpc,paid-media,mobile,Edge,Spain,Madrid,0,3,/catalog/apparel,0,/catalog/accessories,60227,,
8000001280,9000000000003214,1,1736372280,3,21,cpc,paid-media,mobile,Chrome,Portugal,Lisbon,0,1,/catalog/accessories,0,,,,
8000003461,9000000000003215,1,1736752260,1,7,organic,search-engine,mobile,Safari,Germany,Berlin,0,1,/catalog/accessories,0,,,,
8000001579,9000000000003216,1,1736028960,6,22,(none),(direct),desktop,Firefox,Germany,Berlin,0,3,/catalog/accessories,0,,,,
8000001412,9000000000003217,0,1735974240,6,7,organic,search-engine,mobile,Firefox,France,Ile-de-France,0,1,/catalog/electronics,0,/catalog/accessories,20528,,
8000002217,9000000000003218,1,1737668700,4,21,organic,search-engine,desktop,Chrome,France,Ile-de-France,0,1,/catalog/electronics,0,,,,
8000000295,9000000000003219,0,1736284500,2,21,cpc,paid-media,desktop,Safari,France,Ile-de-France,0,1,/catalog/electronics,0,/checkout,71402,/checkout,87206
8000000649,9000000000003220,1,1737464160,2,12,referral,partner.example,desktop,Firefox,Germany,Berlin,0,3,/product/featured-item,0,/product/featured-item,40197,,
8000000507,9000000000003221,1,1737972720,1,10,email,newsletter,mobile,Firefox,United Kingdom,England,0,1,/catalog/apparel,0,,,,
8000002356,9000000000003222,1,1736828040,2,4,email,newsletter,mobile,Edge,Spain,Madrid,0,1,/catalog/electronics,0,,,,
8000001675,9000000000003223,1,1737673860,4,23,email,newsletter,mobile,Safari,United Kingdom,England,1,1,/catalog/electronics,0,,,,
8000001799,9000000000003224,1,1738230420,4,9,(none),(direct),desktop,Firefox,Spain,Madrid,0,1,/home,0,/catalog/apparel,65394,/catalog/electronics,126400
8000000850,9000000000003225,1,1737870240,7,5,(none),(direct),desktop,Chrome,Spain,Madrid,0,1,/catalog/accessories,0,/catalog/electronics,14561,,
8000002215,9000000000003226,0,1735734120,3,12,referral,partner.example,desktop,Firefox,Spain,Madrid,0,3,/home,0,/catalog/apparel,71272,,
8000000452,9000000000003227,1,1737080040,5,2,email,newsletter,mobile,Chrome,Spain,Madrid,0,2,/product/featured-item,0,/basket,34252,,
8000003292,9000000000003228,1,1736021700,6,20,organic,search-engine,mobile,Firefox,Germany,Berlin,0,1,/catalog/apparel,0,/product/featured-item,51814,,
8000001681,9000000000003229,1,1738257360,4,17,referral,partner.example,mobile,Safari,France,Ile-de-France,0,1,/catalog/accessories,0,,,,
8000000430,9000000000003230,0,1738199580,4,1,(none),(direct),tablet,Chrome,Spain,Madrid,0,3,/catalog/apparel,0,,,,
8000001382,9000000000003231,0,1735859100,4,23,cpc,paid-media,desktop,Chrome,Portugal,Lisbon,0,1,/product/featured-item,0,/catalog/apparel,78275,/basket,145341
8000002145,9000000000003232,1,1735942380,5,22,organic,search-engine,mobile,Safari,United Kingdom,England,0,1,/home,0,/catalog/electronics,56840,/basket,107883
8000003125,9000000000003233,1,1737228360,6,19,(none),(direct),mobile,Edge,Spain,Madrid,0,1,/catalog/accessories,0,/catalog/apparel,27685,/catalog/electronics,36751
8000003091,9000000000003234,1,1736466900,4,23,(none),(direct),desktop,Chrome,United Kingdom,England,0,1,/catalog/apparel,0,/catalog/accessories,89157,/catalog/accessories,142426
8000002671,9000000000003235,1,1736808420,1,22,cpc,paid-media,desktop,Safari,France,Ile-de-France,0,1,/catalog/apparel,0,,,,
8000001892,9000000000003236,0,1736587740,6,9,(none),(direct),desktop,Safari,France,Ile-de-France,0,1,/product/featured-item,0,,,,
8000001858,9000000000003237,0,1738326540,5,12,referral,partner.example,tablet,Firefox,France,Ile-de-France,0,1,/home,0,/catalog/apparel,40763,/catalog/electronics,106896
8000002073,9000000000003238,0,1737801180,6,10,cpc,paid-media,mobile,Safari,France,Ile-de-France,0,2,/catalog/accessories,0,/product/featured-item,84467,,
8000003087,9000000000003239,0,1737374520,1,12,referral,partner.example,desktop,Firefox,United Kingdom,England,0,4,/catalog/accessories,0,,,,
8000002656,9000000000003240,0,1735756680,3,18,email,newsletter,mobile,Chrome,France,Ile-de-France,0,1,/home,0,/basket,67509,,
8000002998,9000000000003241,1,1736429940,4,13,organic,search-engine,desktop,Chrome,Spain,Madrid,0,1,/catalog/apparel,0,/catalog/apparel,79012,,
8000000969,9000000000003242,0,1736122080,1,0,email,newsletter,mobile,Safari,United Kingdom,England,0,4,/catalog/apparel,0,/catalog/apparel,6062,/catalog/accessories,19941
8000001339,9000000000003243,1,1736419320,4,10,organic,search-engine,mobile,Edge,Germany,Berlin,0,2,/catalog/apparel,0,/catalog/accessories,76323,,
8000003116,9000000000003244,1,1737208680,6,13,cpc,paid-media,mobile,Chrome,Spain,Madrid,0,1,/catalog/electronics,0,/product/featured-item,22468,/catalog/accessories,49411
8000000496,9000000000003245,1,1738056960,2,9,(none),(direct),desktop,Chrome,Germany,Berlin,0,1,/product/featured-item,0,,,,
8000001483,9000000000003246,1,1735803000,4,7,(none),(direct),desktop,Edge,Portugal,Lisbon,0,4,/catalog/accessories,0,/catalog/electronics,32507,/basket,118089
8000002450,9000000000003247,1,1737140880,5,19,organic,search-engine,desktop,Edge,Germany,Berlin,0,1,/home,0,/catalog/accessories,5687,/catalog/electronics,27357
8000000223,9000000000003248,0,1737250080,7,1,cpc,paid-media,desktop,Edge,Germany,Berlin,0,1,/home,0,/catalog/electronics,50015,,
8000002721,9000000000003249,0,1736873220,2,16,(none),(direct),desktop,Edge,Germany,Berlin,0,1,/catalog/accessories,0,/catalog/electronics,83794,/catalog/electronics,166814
8000000669,9000000000003250,1,1737237900,6,22,organic,search-engine,desktop,Chrome,Germany,Berlin,0,1,/product/featured-item,0,,,,
8000001022,9000000000003251,1,1736077440,7,11,cpc,paid-media,tablet,Safari,France,Ile-de-France,0,2,/home,0,,,,
8000000644,9000000000003252,1,1736840760,2,7,(none),(direct),desktop,Chrome,France,Ile-de-France,0,3,/catalog/apparel,0,,,,
8000001818,9000000000003253,1,1735981920,6,9,cpc,paid-media,mobile,Firefox,France,Ile-de-France,0,1,/product/featured-item,0,/catalog/apparel,44097,,
8000001442,9000000000003254,0,1737559680,3,15,organic,search-engine,desktop,Edge,Portugal,Lisbon,0,1,/home,0,,,,
8000001891,9000000000003255,0,1735803300,4,7,cpc,paid-media,desktop,Chrome,Portugal,Lisbon,0,1,/home,0,/checkout,13858,/catalog/electronics,102977
8000001002,9000000000003256,1,1736939580,3,11,cpc,paid-media,mobile,Chrome,France,Ile-de-France,0,1,/catalog/accessories,0,,,,
8000001191,9000000000003257,0,1736200260,1,21,cpc,paid-media,mobile,Safari,Germany,Berlin,0,1,/catalog/apparel,0,/catalog/accessories,57200,,
8000001241,9000000000003258,0,1738287900,5,1,organic,search-engine,mobile,Edge,France,Ile-de-France,0,3,/catalog/apparel,0,,,,
8000001126,9000000000003259,0,1737766440,6,0,referral,partner.example,desktop,Safari,Portugal,Lisbon,0,2,/home,0,,,,
8000001732,9000000000003260,1,1737699720,5,6,email,newsletter,desktop,Safari,Spain,Madrid,0,1,/catalog/electronics,0,/basket,46294,,
8000001602,9000000000003261,0,1736942340,3,11,referral,partner.example,desktop,Firefox,Germany,Berlin,0,1,/home,0,/catalog/electronics,58774,/catalog/electronics,159348
8000003192,9000000000003262,1,1736961960,3,17,email,newsletter,desktop,Safari,Spain,Madrid,0,1,/home,0,/checkout,40089,/catalog/electronics,126075
8000002034,9000000000003263,1,1737826020,6,17,(none),(direct),mobile,Firefox,Portugal,Lisbon,0,1,/catalog/electronics,0,,,,
8000000220,9000000000003264,1,1736127900,1,1,(none),(direct),mobile,Firefox,United Kingdom,England,0,2,/catalog/apparel,0,/catalog/apparel,38478,/product/featured-item,124197
8000000976,9000000000003265,1,1736741280,1,4,referral,partner.example,desktop,Firefox,United Kingdom,England,0,1,/catalog/accessories,0,/product/featured-item,14291,,
8000003428,9000000000003266,1,1736638860,6,23,organic,search-engine,mobile,Chrome,Germany,Berlin,0,2,/catalog/apparel,0,,,,
8000001941,9000000000003267,1,1735762500,3,20,organic,search-engine,mobile,Firefox,Portugal,Lisbon,0,1,/home,0,/basket,37214,/checkout,123658
8000001342,9000000000003268,1,1738273800,4,21,email,newsletter,desktop,Edge,France,Ile-de-France,0,1,/catalog/electronics,0,/basket,60577,/catalog/accessories,158249
8000000842,9000000000003269,1,1738073820,2,14,(none),(direct),mobile,Firefox,Spain,Madrid,0,1,/catalog/electronics,0,/product/featured-item,80227,,
8000000728,9000000000003270,1,1737608340,4,4,(none),(direct),mobile,Safari,United Kingdom,England,0,1,/home,0,/basket,9068,,
8000000615,9000000000003271,1,1738315260,5,9,organic,search-engine,desktop,Chrome,United Kingdom,England,0,1,/catalog/electronics,0,/catalog/accessories,22996,,
8000001991,9000000000003272,1,1737649260,4,16,referral,partner.example,desktop,Edge,Spain,Madrid,0,1,/catalog/accessories,0,/catalog/electronics,18159,,
8000000377,9000000000003273,1,1736434620,4,14,email,newsletter,mobile,Firefox,Germany,Berlin,0,1,/catalog/apparel,0,,,,
8000002866,9000000000003274,1,1737616620,4,7,email,newsletter,desktop,Firefox,Portugal,Lisbon,0,1,/catalog/electronics,0,,,,
8000002433,9000000000003275,1,1736627220,6,20,cpc,paid-media,desktop,Firefox,France,Ile-de-France,0,1,/home,0,,,,
8000002714,9000000000003276,1,1736984400,3,23,(none),(direct),desktop,Edge,France,Ile-de-France,1,1,/product/featured-item,0,/checkout,77324,,
8000000917,9000000000003277,1,1737244260,6,23,email,newsletter,mobile,Chrome,Spain,Madrid,0,1,/home,0,/product/featured-item,31167,,
8000000523,9000000000003278,1,1737982020,1,12,referral,partner.example,desktop,Chrome,France,Ile-de-France,0,1,/catalog/accessories,0,/checkout,87931,,
8000000769,9000000000003279,0,1737156120,5,23,organic,search-engine,desktop,Chrome,France,Ile-de-France,0,1,/catalog/apparel,0,/basket,39794,/checkout,135047
8000003371,9000000000003280,0,1736185440,1,17,referral,partner.example,desktop,Firefox,Spain,Madrid,0,2,/catalog/electronics,0,,,,
8000000243,9000000000003281,0,1737952620,1,4,email,newsletter,desktop,Safari,Portugal,Lisbon,0,1,/catalog/apparel,0,/catalog/apparel,75643,,
8000000508,9000000000003282,0,1736575080,6,5,organic,search-engine,desktop,Safari,United Kingdom,England,0,1,/catalog/accessories,0,/product/featured-item,82906,,
8000000438,9000000000003283,1,1738145580,3,10,referral,partner.example,desktop,Safari,Germany,Berlin,0,1,/catalog/apparel,0,,,,
8000001820,9000000000003284,1,1738198080,4,0,email,newsletter,tablet,Chrome,Germany,Berlin,0,1,/catalog/apparel,0,,,,
8000001825,9000000000003285,0,1735930200,5,18,email,newsletter,mobile,Chrome,Germany,Berlin,0,1,/catalog/apparel,0,/catalog/electronics,65999,/catalog/accessories,183648
8000001459,9000000000003286,1,1736955360,3,15,(none),(direct),desktop,Chrome,Spain,Madrid,0,2,/home,0,,,,
8000002736,9000000000003287,1,1737873540,7,6,referral,partner.example,mobile,Safari,Spain,Madrid,0,3,/product/featured-item,0,/catalog/electronics,72115,/catalog/electronics,110858
8000001992,9000000000003288,0,1737081960,5,2,referral,partner.example,desktop,Edge,France,Ile-de-France,0,1,/catalog/electronics,0,/catalog/electronics,6367,/catalog/electronics,66857
8000000250,9000000000003289,1,1738224360,4,8,cpc,paid-media,desktop,Chrome,Spain,Madrid,0,4,/product/featured-item,0,/basket,58459,,
8000001362,9000000000003290,1,1737014520,4,8,referral,partner.example,desktop,Chrome,Spain,Madrid,0,4,/home,0,/checkout,9480,/catalog/electronics,41674
8000003171,9000000000003291,0,1736534640,5,18,cpc,paid-media,mobile,Firefox,Spain,Madrid,0,4,/catalog/accessories,0,/catalog/apparel,8664,,
8000002120,9000000000003292,1,1736199120,1,21,organic,search-engine,desktop,Edge,Portugal,Lisbon,0,1,/catalog/accessories,0,/catalog/electronics,58570,/product/featured-item,133823
8000003234,9000000000003293,1,1736952840,3,14,organic,search-engine,mobile,Firefox,France,Ile-de-France,0,1,/catalog/apparel,0,,,,
8000001576,9000000000003294,1,1737424260,2,1,(none),(direct),mobile,Edge,Spain,Madrid,0,1,/product/featured-item,0,/product/featured-item,6483,,
8000000093,9000000000003295,0,1736610300,6,15,email,newsletter,mobile,Firefox,France,Ile-de-France,0,1,/catalog/electronics,0,/basket,56317,/checkout,129044
8000001338,9000000000003296,0,1737446040,2,7,(none),(direct),mobile,Firefox,Germany,Berlin,0,3,/catalog/accessories,0,/catalog/accessories,85341,/product/featured-item,134731
8000001720,9000000000003297,1,1737594120,4,1,email,newsletter,desktop,Safari,Spain,Madrid,0,1,/home,0,/checkout,80829,/basket,179340
8000000294,9000000000003298,1,1736570700,6,4,email,newsletter,mobile,Chrome,Portugal,Lisbon,1,2,/catalog/accessories,0,/catalog/apparel,84585,/checkout,149336
8000001776,9000000000003299,0,1737102600,5,8,email,newsletter,desktop,Chrome,Portugal,Lisbon,1,1,/catalog/electronics,0,,,,
8000001044,9000000000003300,1,1737100380,5,7,email,newsletter,mobile,Chrome,Germany,Berlin,0,1,/product/featured-item,0,/catalog/accessories,48007,/checkout,72341
8000002380,9000000000003301,1,1738068600,2,12,referral,partner.example,mobile,Edge,Germany,Berlin,0,1,/home,0,/catalog/electronics,27220,/catalog/accessories,98733
8000000366,9000000000003302,1,1737683760,5,1,organic,search-engine,desktop,Firefox,Portugal,Lisbon,0,1,/home,0,,,,
8000001508,9000000000003303,0,1737915720,7,18,email,newsletter,mobile,Firefox,France,Ile-de-France,0,1,/catalog/electronics,0,/catalog/electronics,11258,,
8000002801,9000000000003304,1,1736769060,1,11,cpc,paid-media,mobile,Safari,Germany,Berlin,0,2,/home,0,,,,
8000002564,9000000000003305,1,1735846320,4,19,referral,partner.example,mobile,Edge,Spain,Madrid,0,1,/catalog/accessories,0,,,,
8000001259,9000000000003306,1,1737167100,6,2,organic,search-engine,desktop,Firefox,France,Ile-de-France,0,1,/product/featured-item,0,,,,
8000002487,9000000000003307,1,1736397420,4,4,email,newsletter,mobile,Chrome,Portugal,Lisbon,0,2,/catalog/apparel,0,,,,
8000001819,9000000000003308,1,1738177500,3,19,referral,partner.example,desktop,Safari,France,Ile-de-France,0,2,/catalog/electronics,0,,,,
8000003065,9000000000003309,1,1736965980,3,18,(none),(direct),desktop,Firefox,France,Ile-de-France,0,1,/home,0,,,,
8000002353,9000000000003310,0,1738286940,5,1,email,newsletter,desktop,Edge,United Kingdom,England,0,1,/catalog/electronics,0,/product/featured-item,39905,/checkout,115351
8000003080,9000000000003311,1,1736648640,7,2,cpc,paid-media,desktop,Chrome,Germany,Berlin,0,1,/catalog/accessories,0,/catalog/electronics,28971,,
8000000607,9000000000003312,1,1737068220,4,22,organic,search-engine,mobile,Edge,United Kingdom,England,0,1,/catalog/electronics,0,/product/featured-item,42188,/checkout,102061
8000003087,9000000000003313,1,1735915140,5,14,(none),(direct),desktop,Safari,Portugal,Lisbon,0,1,/catalog/electronics,0,/catalog/electronics,77610,/product/featured-item,165831
8000002374,9000000000003314,1,1737640800,4,14,organic,search-engine,desktop,Safari,France,Ile-de-France,1,2,/product/featured-item,0,/product/featured-item,51121,/catalog/accessories,163970
8000002672,9000000000003315,1,1738327680,5,12,cpc,paid-media,desktop,Edge,France,Ile-de-France,0,3,/home,0,,,,
8000001113,9000000000003316,0,1735823460,4,13,email,newsletter,mobile,Chrome,Germany,Berlin,0,1,/catalog/accessories,0,,,,
8000001510,9000000000003317,1,1736798820,1,20,email,newsletter,mobile,Firefox,Portugal,Lisbon,0,1,/catalog/accessories,0,,,,
8000000542,9000000000003318,1,1737145260,5,20,cpc,paid-media,tablet,Firefox,Spain,Madrid,0,1,/catalog/electronics,0,/catalog/electronics,48784,,
8000001599,9000000000003319,1,1738336380,5,15,cpc,paid-media,desktop,Firefox,France,Ile-de-France,0,1,/product/featured-item,0,,,,
8000001399,9000000000003320,1,1736538180,5,19,organic,search-engine,mobile,Firefox,Spain,Madrid,0,1,/product/featured-item,0,/checkout,20731,/checkout,84964
8000002040,9000000000003321,0,1735926240,5,17,(none),(direct),mobile,Edge,France,Ile-de-France,0,2,/home,0,,,,
8000000962,9000000000003322,1,1737300780,7,15,cpc,paid-media,mobile,Firefox,United Kingdom,England,0,1,/catalog/accessories,0,/checkout,42138,/basket,78767
8000000190,9000000000003323,1,1735912260,5,13,cpc,paid-media,mobile,Edge,Germany,Berlin,0,2,/catalog/electronics,0,,,,
8000002789,9000000000003324,1,1737755940,5,21,email,newsletter,desktop,Edge,Germany,Berlin,0,1,/home,0,/catalog/electronics,16640,,
8000003426,9000000000003325,1,1737540600,3,10,referral,partner.example,desktop,Edge,Spain,Madrid,0,1,/catalog/apparel,0,/catalog/apparel,82353,/catalog/accessories,146799
8000000853,9000000000003326,1,1735899840,5,10,cpc,paid-media,mobile,Edge,Portugal,Lisbon,0,1,/catalog/apparel,0,/catalog/accessories,77958,/product/featured-item,82367
8000003405,9000000000003327,1,1737389040,1,16,(none),(direct),mobile,Chrome,Spain,Madrid,0,1,/catalog/electronics,0,,,,
8000002756,9000000000003328,1,1737959280,1,6,email,newsletter,mobile,Firefox,United Kingdom,England,0,1,/home,0,/checkout,41390,,
8000000439,9000000000003329,0,1737822360,6,16,referral,partner.example,mobile,Firefox,United Kingdom,England,0,1,/home,0,,,,
8000002677,9000000000003330,0,1736260080,2,14,organic,search-engine,mobile,Edge,Spain,Madrid,0,1,/product/featured-item,0,/checkout,81002,,
8000001040,9000000000003331,1,1736295840,3,0,referral,partner.example,mobile,Edge,France,Ile-de-France,0,1,/catalog/accessories,0,,,,
8000000652,9000000000003332,0,1737773220,6,2,(none),(direct),desktop,Chrome,Spain,Madrid,0,2,/catalog/apparel,0,/product/featured-item,44533,/checkout,53572
8000001838,9000000000003333,0,1737556920,3,14,referral,partner.example,mobile,Edge,Portugal,Lisbon,0,1,/home,0,,,,
8000003447,9000000000003334,1,1736987220,4,0,email,newsletter,desktop,Safari,Germany,Berlin,0,1,/product/featured-item,0,/basket,68981,/product/featured-item,103235
8000002944,9000000000003335,1,1737503760,2,23,cpc,paid-media,mobile,Firefox,Spain,Madrid,0,2,/home,0,,,,
8000003283,9000000000003336,1,1736363820,3,19,(none),(direct),tablet,Chrome,Germany,Berlin,0,1,/home,0,/product/featured-item,72565,,
8000001815,9000000000003337,1,1737181440,6,6,referral,partner.example,mobile,Firefox,United Kingdom,England,0,1,/catalog/accessories,0,,,,
8000001991,9000000000003338,0,1736556240,6,0,organic,search-engine,mobile,Chrome,Portugal,Lisbon,0,1,/catalog/accessories,0,/catalog/electronics,3042,/catalog/accessories,65360
8000001022,9000000000003339,1,1736666700,7,7,cpc,paid-media,desktop,Firefox,Spain,Madrid,0,1,/home,0,/product/featured-item,83307,,
8000002386,9000000000003340,1,1736513400,5,12,email,newsletter,desktop,Firefox,Portugal,Lisbon,0,1,/catalog/accessories,0,,,,
8000001621,9000000000003341,1,1737431220,2,3,referral,partner.example,tablet,Chrome,Portugal,Lisbon,0,4,/catalog/electronics,0,,,,
8000001128,9000000000003342,1,1737919980,7,19,referral,partner.example,desktop,Chrome,Germany,Berlin,0,1,/catalog/electronics,0,/catalog/apparel,2892,,
8000000873,9000000000003343,1,1737471420,2,14,referral,partner.example,desktop,Firefox,United Kingdom,England,0,1,/catalog/electronics,0,/checkout,2746,,
8000000641,9000000000003344,0,1735991340,6,11,(none),(direct),mobile,Firefox,Spain,Madrid,0,1,/home,0,,,,
8000001704,9000000000003345,1,1735993680,6,12,referral,partner.example,desktop,Firefox,France,Ile-de-France,0,2,/catalog/accessories,0,/checkout,8947,,
8000001023,9000000000003346,0,1737031980,4,12,(none),(direct),mobile,Chrome,France,Ile-de-France,0,4,/home,0,,,,
8000001241,9000000000003347,1,1737022440,4,10,organic,search-engine,desktop,Firefox,France,Ile-de-France,0,1,/catalog/electronics,0,,,,
8000000239,9000000000003348,1,1736283720,2,21,cpc,paid-media,desktop,Edge,Spain,Madrid,0,4,/product/featured-item,0,,,,
8000001791,9000000000003349,1,1737329820,7,23,organic,search-engine,mobile,Safari,France,Ile-de-France,0,1,/catalog/accessories,0,,,,
8000000034,9000000000003350,1,1736764500,1,10,referral,partner.example,desktop,Firefox,Germany,Berlin,0,1,/product/featured-item,0,,,,
8000001700,9000000000003351,1,1736120640,7,23,cpc,paid-media,desktop,Edge,France,Ile-de-France,0,1,/home,0,,,,
8000001230,9000000000003352,1,1737898500,7,13,(none),(direct),mobile,Firefox,Portugal,Lisbon,0,1,/catalog/electronics,0,/catalog/electronics,11914,,
8000000173,9000000000003353,1,1737878460,7,8,referral,partner.example,desktop,Firefox,United Kingdom,England,0,3,/catalog/accessories,0,/catalog/electronics,39970,,
8000003059,9000000000003354,1,1736229840,2,6,(none),(direct),tablet,Chrome,France,Ile-de-France,0,1,/home,0,,,,
8000002868,9000000000003355,1,1737052260,4,18,organic,search-engine,desktop,Firefox,Portugal,Lisbon,0,2,/catalog/electronics,0,/checkout,25170,,
8000000177,9000000000003356,1,1736842920,2,8,referral,partner.example,desktop,Safari,Germany,Berlin,0,2,/home,0,,,,
8000001824,9000000000003357,1,1737192240,6,9,(none),(direct),desktop,Safari,Portugal,Lisbon,0,1,/catalog/electronics,0,/basket,49179,/product/featured-item,126778
8000001604,9000000000003358,0,1737306120,7,17,organic,search-engine,mobile,Edge,France,Ile-de-France,0,1,/catalog/electronics,0,/product/featured-item,5839,,
8000001425,9000000000003359,1,1736125560,1,1,(none),(direct),mobile,Safari,Portugal,Lisbon,0,1,/catalog/accessories,0,,,,
8000001486,9000000000003360,1,1737484800,2,18,cpc,paid-media,desktop,Edge,Germany,Berlin,0,1,/home,0,,,,
8000002475,9000000000003361,1,1736316060,3,6,referral,partner.example,mobile,Firefox,Spain,Madrid,0,1,/catalog/apparel,0,/catalog/apparel,79577,/catalog/accessories,185851
8000003053,9000000000003362,0,1737119100,5,13,(none),(direct),desktop,Chrome,Spain,Madrid,0,1,/home,0,/product/featured-item,9128,,
8000001415,9000000000003363,0,1738021380,1,23,(none),(direct),mobile,Chrome,France,Ile-de-France,0,1,/catalog/apparel,0,,,,
8000001402,9000000000003364,1,1737282120,7,10,referral,partner.example,desktop,Chrome,Spain,Madrid,0,2,/catalog/electronics,0,/checkout,21493,/checkout,70374
8000002659,9000000000003365,1,1736351760,3,15,organic,search-engine,mobile,Firefox,Germany,Berlin,0,3,/product/featured-item,0,,,,
8000001441,9000000000003366,1,1738138320,3,8,organic,search-engine,desktop,Edge,Germany,Berlin,0,2,/catalog/accessories,0,/product/featured-item,56178,,
8000002219,9000000000003367,0,1737248940,7,1,referral,partner.example,desktop,Safari,Portugal,Lisbon,0,1,/catalog/accessories,0,/catalog/electronics,26642,/basket,47554
8000001473,9000000000003368,1,1735870440,5,2,(none),(direct),tablet,Edge,Portugal,Lisbon,0,3,/product/featured-item,0,/catalog/electronics,62697,/basket,172094
8000000820,9000000000003369,1,1738190400,3,22,email,newsletter,mobile,Firefox,Portugal,Lisbon,0,1,/product/featured-item,0,,,,
8000001177,9000000000003370,1,1736636640,6,23,(none),(direct),desktop,Firefox,Portugal,Lisbon,0,2,/catalog/electronics,0,,,,
8000000006,9000000000003371,1,1737788100,6,6,(none),(direct),mobile,Safari,Germany,Berlin,0,1,/product/featured-item,0,,,,
8000003264,9000000000003372,0,1735710480,3,5,email,newsletter,desktop,Safari,United Kingdom,England,0,1,/catalog/electronics,0,,,,
8000000061,9000000000003373,1,1736186940,1,18,cpc,paid-media,mobile,Chrome,United Kingdom,England,0,1,/home,0,/product/featured-item,26651,/product/featured-item,29225
8000003500,9000000000003374,1,1736154600,1,9,(none),(direct),desktop,Chrome,France,Ile-de-France,0,1,/catalog/apparel,0,,,,
8000001986,9000000000003375,1,1736898540,2,23,organic,search-engine,desktop,Safari,United Kingdom,England,0,1,/catalog/apparel,0,/catalog/electronics,47150,,
8000002197,9000000000003376,1,1737108000,5,10,organic,search-engine,desktop,Firefox,France,Ile-de-France,0,1,/home,0,,,,
8000003281,9000000000003377,1,1737410760,1,22,(none),(direct),desktop,Firefox,France,Ile-de-France,0,1,/home,0,/catalog/electronics,17776,/checkout,134757
8000001470,9000000000003378,1,1736053620,7,5,email,newsletter,desktop,Firefox,Portugal,Lisbon,0,1,/home,0,,,,
8000001126,9000000000003379,0,1737158940,6,0,organic,search-engine,desktop,Edge,United Kingdom,England,0,1,/product/featured-item,0,/catalog/accessories,83915,/catalog/electronics,104972
8000001087,9000000000003380,0,1737451440,2,9,referral,partner.example,desktop,Chrome,United Kingdom,England,0,1,/home,0,/basket,25352,,
8000001504,9000000000003381,0,1737312660,7,18,referral,partner.example,desktop,Chrome,Portugal,Lisbon,0,1,/catalog/accessories,0,/catalog/accessories,28893,/catalog/accessories,110813
8000002193,9000000000003382,0,1735962900,6,3,(none),(direct),desktop,Firefox,Germany,Berlin,0,1,/catalog/apparel,0,/catalog/electronics,29205,,
8000000345,9000000000003383,0,1738276080,4,22,email,newsletter,mobile,Firefox,France,Ile-de-France,0,3,/product/featured-item,0,,,,
8000003116,9000000000003384,0,1736151000,1,8,email,newsletter,desktop,Chrome,United Kingdom,England,0,1,/product/featured-item,0,/catalog/apparel,32501,,
8000002256,9000000000003385,1,1737966060,1,8,cpc,paid-media,mobile,Safari,Spain,Madrid,0,1,/catalog/apparel,0,/checkout,3026,,
8000002833,9000000000003386,1,1737727020,5,13,(none),(direct),mobile,Safari,Spain,Madrid,0,1,/catalog/accessories,0,/basket,82030,/catalog/electronics,179225
8000000024,9000000000003387,1,1735784940,4,2,email,newsletter,desktop,Firefox,United Kingdom,England,0,1,/catalog/electronics,0,,,,
8000002672,9000000000003388,1,1736290500,2,22,cpc,paid-media,desktop,Chrome,Spain,Madrid,0,1,/catalog/electronics,0,/product/featured-item,57918,,
8000000793,9000000000003389,1,1737773280,6,2,organic,search-engine,mobile,Chrome,United Kingdom,England,0,1,/home,0,,,,
8000000383,9000000000003390,1,1738083120,2,16,(none),(direct),desktop,Edge,France,Ile-de-France,0,1,/home,0,/catalog/apparel,15012,,
8000002308,9000000000003391,1,1737683220,5,1,cpc,paid-media,mobile,Chrome,Germany,Berlin,0,1,/catalog/electronics,0,/checkout,73361,/catalog/accessories,150593
8000003497,9000000000003392,1,1737672180,4,22,(none),(direct),desktop,Firefox,Spain,Madrid,0,1,/home,0,/catalog/apparel,73342,/catalog/electronics,163420
8000001730,9000000000003393,1,1737836280,6,20,organic,search-engine,mobile,Safari,United Kingdom,England,0,1,/product/featured-item,0,/checkout,61813,/checkout,143046
8000000256,9000000000003394,0,1737778200,6,4,referral,partner.example,desktop,Chrome,Portugal,Lisbon,0,3,/catalog/accessories,0,/catalog/electronics,71560,,
8000002188,9000000000003395,1,1736659560,7,5,referral,partner.example,desktop,Chrome,France,Ile-de-France,0,1,/catalog/electronics,0,/checkout,25959,/catalog/electronics,41060
8000003063,9000000000003396,1,1737321480,7,21,email,newsletter,desktop,Safari,United Kingdom,England,0,1,/product/featured-item,0,,,,
8000002043,9000000000003397,1,1737874980,7,7,organic,search-engine,mobile,Safari,Spain,Madrid,0,1,/catalog/apparel,0,/catalog/accessories,45834,,
8000001714,9000000000003398,0,1737757440,5,22,(none),(direct),desktop,Firefox,France,Ile-de-France,0,1,/home,0,,,,
8000000963,9000000000003399,1,1738173660,3,18,cpc,paid-media,desktop,Edge,Portugal,Lisbon,0,4,/catalog/accessories,0,/catalog/accessories,64655,,
8000001969,9000000000003400,1,1738026060,2,1,(none),(direct),desktop,Chrome,France,Ile-de-France,0,1,/product/featured-item,0,/catalog/apparel,60927,,
8000001957,9000000000003401,1,1737295860,7,14,cpc,paid-media,desktop,Edge,United Kingdom,England,0,1,/home,0,/catalog/apparel,37945,,
8000003130,9000000000003402,1,1736141520,1,5,email,newsletter,desktop,Edge,France,Ile-de-France,0,1,/catalog/apparel,0,/product/featured-item,65672,/checkout,134649
8000001295,9000000000003403,1,1737040680,4,15,email,newsletter,desktop,Edge,France,Ile-de-France,0,1,/catalog/electronics,0,/product/featured-item,77045,/catalog/electronics,158619
8000001935,9000000000003404,1,1738111380,3,0,email,newsletter,desktop,Safari,Portugal,Lisbon,0,4,/product/featured-item,0,/catalog/electronics,32590,/checkout,107609
8000000553,9000000000003405,1,1736487360,5,5,(none),(direct),mobile,Edge,United Kingdom,England,0,2,/home,0,/catalog/accessories,67666,/product/featured-item,166612
8000000248,9000000000003406,1,1736580840,6,7,email,newsletter,desktop,Safari,Germany,Berlin,0,1,/catalog/electronics,0,/basket,87435,/product/featured-item,99816
8000000950,9000000000003407,1,1738154640,3,12,email,newsletter,desktop,Chrome,Germany,Berlin,0,1,/catalog/electronics,0,/checkout,39403,/basket,153515
8000000310,9000000000003408,1,1736809200,1,23,(none),(direct),mobile,Chrome,United Kingdom,England,0,1,/catalog/accessories,0,,,,
8000003419,9000000000003409,1,1738308420,5,7,(none),(direct),mobile,Firefox,France,Ile-de-France,0,2,/catalog/apparel,0,/catalog/electronics,9166,,
8000002681,9000000000003410,1,1737619920,4,8,email,newsletter,mobile,Safari,Spain,Madrid,1,2,/catalog/apparel,0,,,,
8000001393,9000000000003411,1,1738305300,5,6,(none),(direct),mobile,Safari,Germany,Berlin,0,1,/catalog/electronics,0,,,,
8000001626,9000000000003412,0,1737158280,5,23,cpc,paid-media,mobile,Chrome,Portugal,Lisbon,0,2,/home,0,/product/featured-item,54955,/checkout,155391
8000000875,9000000000003413,0,1738320000,5,10,email,newsletter,desktop,Firefox,Spain,Madrid,0,1,/product/featured-item,0,/catalog/apparel,62081,/catalog/electronics,119200
8000002648,9000000000003414,1,1736895180,2,22,cpc,paid-media,desktop,Firefox,Germany,Berlin,0,4,/catalog/accessories,0,,,,
8000002045,9000000000003415,0,1737617700,4,7,email,newsletter,desktop,Edge,Germany,Berlin,0,1,/product/featured-item,0,/basket,27198,/checkout,123183
8000002619,9000000000003416,1,1737895260,7,12,cpc,paid-media,mobile,Chrome,United Kingdom,England,0,1,/catalog/accessories,0,,,,
8000000671,9000000000003417,0,1737771300,6,2,referral,partner.example,mobile,Firefox,Portugal,Lisbon,0,2,/home,0,,,,
8000002699,9000000000003418,1,1736657280,7,4,referral,partner.example,mobile,Firefox,Germany,Berlin,0,1,/product/featured-item,0,/catalog/electronics,21068,/product/featured-item,100812
8000001756,9000000000003419,1,1737651300,4,16,email,newsletter,mobile,Edge,Portugal,Lisbon,0,1,/product/featured-item,0,/product/featured-item,85399,,
8000001970,9000000000003420,1,1736280720,2,20,(none),(direct),desktop,Firefox,France,Ile-de-France,1,1,/catalog/apparel,0,/catalog/apparel,80176,/catalog/accessories,157189
8000002514,9000000000003421,1,1737686580,5,2,referral,partner.example,mobile,Firefox,Spain,Madrid,0,3,/catalog/electronics,0,/checkout,18599,/catalog/accessories,76130
8000003174,9000000000003422,1,1735887420,5,6,referral,partner.example,desktop,Firefox,United Kingdom,England,0,2,/product/featured-item,0,/catalog/electronics,77101,,
8000003045,9000000000003423,1,1736716020,7,21,referral,partner.example,desktop,Safari,France,Ile-de-France,0,4,/catalog/apparel,0,,,,
8000001175,9000000000003424,1,1736494020,5,7,email,newsletter,desktop,Safari,Germany,Berlin,0,1,/catalog/apparel,0,,,,
8000002421,9000000000003425,0,1736982360,3,23,(none),(direct),mobile,Chrome,Spain,Madrid,0,2,/catalog/apparel,0,/product/featured-item,37321,,
8000002831,9000000000003426,1,1736175240,1,14,referral,partner.example,desktop,Firefox,Portugal,Lisbon,0,1,/home,0,,,,
8000002704,9000000000003427,1,1737698400,5,6,organic,search-engine,desktop,Safari,France,Ile-de-France,0,2,/catalog/electronics,0,,,,
8000000213,9000000000003428,1,1737606840,4,4,organic,search-engine,desktop,Safari,Portugal,Lisbon,0,1,/catalog/apparel,0,/basket,19058,/catalog/accessories,71498
8000001046,9000000000003429,1,1738272120,4,21,referral,partner.example,desktop,Edge,France,Ile-de-France,0,1,/product/featured-item,0,/catalog/apparel,70848,,
8000002546,9000000000003430,0,1738209240,4,3,referral,partner.example,desktop,Safari,United Kingdom,England,0,1,/home,0,/checkout,83489,/catalog/electronics,142460
8000003321,9000000000003431,0,1737731040,5,15,email,newsletter,desktop,Firefox,France,Ile-de-France,0,1,/product/featured-item,0,/checkout,31429,,
8000000630,9000000000003432,1,1737763020,5,23,referral,partner.example,desktop,Firefox,Spain,Madrid,0,1,/product/featured-item,0,,,,
8000002964,9000000000003433,1,1737959580,1,6,email,newsletter,desktop,Firefox,France,Ile-de-France,0,2,/catalog/apparel,0,/basket,14957,,
8000000839,9000000000003434,1,1735967460,6,5,cpc,paid-media,mobile,Chrome,Spain,Madrid,0,1,/catalog/electronics,0,/checkout,45184,/product/featured-item,164721
8000003070,9000000000003435,1,1736062200,7,7,cpc,paid-media,desktop,Edge,Portugal,Lisbon,0,1,/product/featured-item,0,/catalog/apparel,24482,,
8000003159,9000000000003436,0,1737903600,7,15,email,newsletter,mobile,Chrome,United Kingdom,England,0,2,/catalog/accessories,0,,,,
8000000495,9000000000003437,1,1738192380,3,23,referral,partner.example,mobile,Safari,Spain,Madrid,0,2,/catalog/electronics,0,/checkout,82486,/basket,176259
8000002450,9000000000003438,1,1736508240,5,11,referral,partner.example,mobile,Edge,Germany,Berlin,0,1,/catalog/electronics,0,,,,
8000003174,9000000000003439,1,1736426100,4,12,referral,partner.example,desktop,Chrome,United Kingdom,England,0,2,/catalog/accessories,0,,,,
8000000670,9000000000003440,1,1738317540,5,9,email,newsletter,mobile,Safari,Spain,Madrid,0,2,/catalog/accessories,0,/catalog/accessories,44620,,
8000002667,9000000000003441,1,1736868360,2,15,email,newsletter,mobile,Edge,France,Ile-de-France,0,1,/catalog/accessories,0,,,,
8000002780,9000000000003442,1,1737949320,1,3,cpc,paid-media,desktop,Safari,France,Ile-de-France,0,2,/catalog/electronics,0,,,,
8000002724,9000000000003443,1,1735982340,6,9,email,newsletter,desktop,Edge,Spain,Madrid,0,1,/home,0,,,,
8000002219,9000000000003444,1,1736303220,3,2,email,newsletter,desktop,Edge,Portugal,Lisbon,0,1,/home,0,,,,
8000001954,9000000000003445,1,1737085980,5,3,(none),(direct),desktop,Chrome,France,Ile-de-France,0,1,/catalog/electronics,0,,,,
8000002983,9000000000003446,1,1737494880,2,21,cpc,paid-media,mobile,Firefox,Portugal,Lisbon,0,4,/home,0,,,,
8000000005,9000000000003447,0,1736418480,4,10,cpc,paid-media,mobile,Edge,France,Ile-de-France,0,1,/catalog/electronics,0,/checkout,86200,/product/featured-item,199085
8000000789,9000000000003448,1,1736237220,2,8,(none),(direct),mobile,Chrome,Germany,Berlin,0,1,/catalog/accessories,0,,,,
8000002517,9000000000003449,1,1735772220,3,22,referral,partner.example,desktop,Edge,Portugal,Lisbon,0,1,/catalog/electronics,0,/catalog/electronics,26355,,
8000003432,9000000000003450,1,1736073660,7,10,cpc,paid-media,tablet,Chrome,France,Ile-de-France,0,3,/product/featured-item,0,/product/featured-item,40841,/catalog/accessories,64456
8000000288,9000000000003451,0,1738186260,3,21,cpc,paid-media,desktop,Edge,Spain,Madrid,0,1,/home,0,/basket,48087,,
8000001769,9000000000003452,1,1737254880,7,2,organic,search-engine,desktop,Edge,Portugal,Lisbon,1,1,/catalog/electronics,0,/product/featured-item,17520,/checkout,35199
8000002764,9000000000003453,1,1736486760,5,5,organic,search-engine,mobile,Firefox,France,Ile-de-France,0,1,/home,0,/catalog/apparel,8381,,
8000000610,9000000000003454,1,1736277720,2,19,(none),(direct),mobile,Edge,United Kingdom,England,0,1,/product/featured-item,0,/basket,69774,,
8000002209,9000000000003455,1,1737688860,5,3,(none),(direct),desktop,Safari,Spain,Madrid,0,1,/catalog/accessories,0,/basket,72502,/checkout,164490
8000002058,9000000000003456,0,1736426460,4,12,referral,partner.example,desktop,Chrome,Portugal,Lisbon,0,1,/catalog/apparel,0,/product/featured-item,45640,/product/featured-item,125026
8000003490,9000000000003457,0,1736539260,5,20,cpc,paid-media,desktop,Edge,Spain,Madrid,0,1,/product/featured-item,0,,,,
8000000271,9000000000003458,1,1736778900,1,14,organic,search-engine,desktop,Chrome,United Kingdom,England,0,1,/catalog/electronics,0,/catalog/electronics,81839,,
8000000327,9000000000003459,0,1737341640,1,2,email,newsletter,desktop,Safari,France,Ile-de-France,0,1,/catalog/accessories,0,,,,
8000002335,9000000000003460,0,1737295140,7,13,referral,partner.example,desktop,Safari,United Kingdom,England,1,1,/product/featured-item,0,/catalog/accessories,15920,/checkout,85115
8000003291,9000000000003461,0,1735781700,4,1,organic,search-engine,desktop,Chrome,Germany,Berlin,0,1,/product/featured-item,0,/catalog/electronics,36304,/product/featured-item,46166
8000003116,9000000000003462,0,1736565420,6,3,(none),(direct),desktop,Safari,Spain,Madrid,0,1,/product/featured-item,0,/basket,84047,,
8000002444,9000000000003463,1,1735903260,5,11,organic,search-engine,mobile,Chrome,Germany,Berlin,0,2,/catalog/accessories,0,,,,
8000001263,9000000000003464,1,1736007000,6,16,cpc,paid-media,mobile,Edge,Germany,Berlin,0,1,/product/featured-item,0,,,,
8000001140,9000000000003465,1,1736331240,3,10,organic,search-engine,desktop,Chrome,Germany,Berlin,0,1,/catalog/electronics,0,/catalog/apparel,47172,/checkout,121834
8000001985,9000000000003466,0,1738007220,1,19,email,newsletter,mobile,Edge,Spain,Madrid,0,1,/catalog/accessories,0,/catalog/apparel,49906,/catalog/accessories,60360
8000002415,9000000000003467,1,1737885240,7,9,(none),(direct),desktop,Edge,Spain,Madrid,0,1,/home,0,,,,
8000002499,9000000000003468,1,1736753160,1,7,(none),(direct),tablet,Firefox,France,Ile-de-France,0,1,/product/featured-item,0,,,,
8000000156,9000000000003469,1,1736014980,6,18,organic,search-engine,desktop,Edge,Germany,Berlin,0,1,/catalog/electronics,0,/catalog/electronics,20995,,
8000000225,9000000000003470,1,1737779520,6,4,email,newsletter,mobile,Firefox,Spain,Madrid,0,1,/catalog/apparel,0,/catalog/accessories,36592,/product/featured-item,64610
8000000375,9000000000003471,1,1736637360,6,23,(none),(direct),mobile,Chrome,Portugal,Lisbon,0,1,/catalog/accessories,0,/checkout,80908,,
8000000421,9000000000003472,1,1736518140,5,14,(none),(direct),desktop,Safari,France,Ile-de-France,0,1,/home,0,,,,
8000002066,9000000000003473,1,1736537760,5,19,(none),(direct),desktop,Safari,Portugal,Lisbon,0,1,/catalog/apparel,0,/catalog/accessories,30883,,
8000000394,9000000000003474,1,1736493780,5,7,(none),(direct),desktop,Edge,Germany,Berlin,0,1,/home,0,,,,
8000002011,9000000000003475,0,1736465280,4,23,referral,partner.example,desktop,Chrome,Portugal,Lisbon,0,4,/catalog/accessories,0,/catalog/electronics,44738,,
8000003203,9000000000003476,1,1737728460,5,14,referral,partner.example,mobile,Firefox,France,Ile-de-France,0,1,/catalog/apparel,0,/checkout,26534,,
8000002362,9000000000003477,1,1736433840,4,14,cpc,paid-media,desktop,Edge,Germany,Berlin,0,2,/catalog/electronics,0,,,,
8000000080,9000000000003478,0,1737748380,5,19,organic,search-engine,desktop,Edge,United Kingdom,England,0,1,/home,0,/checkout,89083,/catalog/electronics,101921
8000000261,9000000000003479,1,1736021280,6,20,email,newsletter,desktop,Safari,Spain,Madrid,0,2,/home,0,,,,
8000003398,9000000000003480,1,1736812560,1,23,cpc,paid-media,desktop,Edge,France,Ile-de-France,0,1,/catalog/electronics,0,,,,
8000000368,9000000000003481,1,1736619000,6,18,cpc,paid-media,tablet,Safari,United Kingdom,England,0,1,/product/featured-item,0,/catalog/apparel,45616,,
8000002256,9000000000003482,1,1735985460,6,10,referral,partner.example,mobile,Firefox,Spain,Madrid,0,1,/catalog/accessories,0,,,,
8000003462,9000000000003483,0,1736457360,4,21,cpc,paid-media,mobile,Safari,Germany,Berlin,0,1,/catalog/apparel,0,/catalog/electronics,52259,/catalog/electronics,74534
8000003216,9000000000003484,1,1736793060,1,18,cpc,paid-media,mobile,Edge,France,Ile-de-France,0,1,/product/featured-item,0,,,,
8000000233,9000000000003485,1,1737449460,2,8,organic,search-engine,mobile,Firefox,Germany,Berlin,0,1,/catalog/electronics,0,/checkout,28531,/checkout,109857
8000002696,9000000000003486,1,1737770760,6,2,referral,partner.example,desktop,Safari,Spain,Madrid,0,1,/catalog/accessories,0,/catalog/apparel,51507,/checkout,55435
8000002872,9000000000003487,1,1737637440,4,13,organic,search-engine,mobile,Edge,Spain,Madrid,0,3,/catalog/accessories,0,/catalog/accessories,80446,,
8000002567,9000000000003488,1,1735825500,4,13,(none),(direct),desktop,Chrome,France,Ile-de-France,0,1,/product/featured-item,0,/catalog/accessories,82537,/checkout,160877
8000002108,9000000000003489,1,1737730320,5,14,cpc,paid-media,mobile,Chrome,United Kingdom,England,0,1,/catalog/electronics,0,/catalog/apparel,24861,/product/featured-item,53643
8000002095,9000000000003490,0,1735804980,4,8,(none),(direct),mobile,Firefox,United Kingdom,England,0,1,/catalog/electronics,0,,,,
8000000551,9000000000003491,1,1736133600,1,3,referral,partner.example,desktop,Safari,Germany,Berlin,0,2,/home,0,,,,
8000002930,9000000000003492,1,1737999060,1,17,organic,search-engine,mobile,Edge,United Kingdom,England,0,1,/catalog/electronics,0,/catalog/electronics,8115,/product/featured-item,111189
8000001350,9000000000003493,0,1737167280,6,2,(none),(direct),mobile,Firefox,France,Ile-de-France,0,1,/product/featured-item,0,/basket,70892,/catalog/accessories,184071
8000000375,9000000000003494,1,1736587680,6,9,organic,search-engine,desktop,Chrome,Germany,Berlin,1,1,/catalog/electronics,0,/checkout,9505,/basket,28694
8000002162,9000000000003495,1,1736135160,1,3,cpc,paid-media,mobile,Chrome,Portugal,Lisbon,0,2,/product/featured-item,0,/checkout,43250,/catalog/electronics,114178
8000001301,9000000000003496,0,1738092240,2,19,referral,partner.example,desktop,Chrome,Spain,Madrid,0,1,/product/featured-item,0,/catalog/electronics,61444,/product/featured-item,85393
8000000422,9000000000003497,0,1735727640,3,10,(none),(direct),desktop,Chrome,Portugal,Lisbon,0,1,/catalog/apparel,0,,,,
8000003104,9000000000003498,1,1736963040,3,17,organic,search-engine,desktop,Chrome,Spain,Madrid,0,1,/product/featured-item,0,/basket,88835,,
8000002674,9000000000003499,1,1737891660,7,11,organic,search-engine,mobile,Edge,France,Ile-de-France,0,1,/catalog/electronics,0,/catalog/electronics,32961,/basket,141910
8000000642,9000000000003500,0,1735832400,4,15,email,newsletter,desktop,Safari,United Kingdom,England,1,1,/catalog/accessories,0,,,,
8000000937,9000000000003501,1,1736637120,6,23,referral,partner.example,desktop,Firefox,Portugal,Lisbon,0,4,/home,0,,,,
8000001280,9000000000003502,0,1737955260,1,5,email,newsletter,desktop,Firefox,Portugal,Lisbon,0,1,/catalog/apparel,0,/catalog/apparel,11780,,
8000002694,9000000000003503,1,1736183340,1,17,organic,search-engine,mobile,Chrome,Germany,Berlin,0,1,/home,0,/basket,21638,,
8000002613,9000000000003504,1,1736482020,5,4,email,newsletter,mobile,Firefox,Germany,Berlin,0,1,/catalog/apparel,0,/catalog/accessories,52317,/catalog/accessories,83845
8000000907,9000000000003505,1,1738068600,2,12,organic,search-engine,mobile,Edge,United Kingdom,England,0,1,/home,0,/catalog/apparel,53360,/checkout,73921
8000002922,9000000000003506,1,1736908860,3,2,cpc,paid-media,desktop,Firefox,Portugal,Lisbon,0,2,/catalog/accessories,0,/catalog/electronics,35511,/catalog/accessories,138244
8000002093,9000000000003507,1,1738345800,5,17,email,newsletter,desktop,Chrome,France,Ile-de-France,0,1,/catalog/apparel,0,,,,
8000000009,9000000000003508,0,1736062800,7,7,cpc,paid-media,tablet,Chrome,Portugal,Lisbon,1,2,/catalog/accessories,0,/basket,4073,,
8000000133,9000000000003509,0,1737484380,2,18,email,newsletter,desktop,Edge,United Kingdom,England,0,1,/home,0,,,,
8000001150,9000000000003510,0,1737267300,7,6,organic,search-engine,mobile,Firefox,Spain,Madrid,0,4,/product/featured-item,0,,,,
8000002761,9000000000003511,0,1737385440,1,15,email,newsletter,desktop,Safari,United Kingdom,England,0,1,/home,0,,,,
8000001054,9000000000003512,1,1737874680,7,6,cpc,paid-media,desktop,Safari,Portugal,Lisbon,0,1,/catalog/electronics,0,,,,
8000003081,9000000000003513,0,1736850960,2,10,organic,search-engine,desktop,Chrome,Spain,Madrid,0,1,/product/featured-item,0,,,,
8000001794,9000000000003514,1,1736851260,2,10,email,newsletter,desktop,Chrome,France,Ile-de-France,0,4,/product/featured-item,0,/catalog/electronics,8519,/checkout,29543
8000001434,9000000000003515,1,1736888940,2,21,cpc,paid-media,desktop,Chrome,France,Ile-de-France,0,1,/product/featured-item,0,/catalog/electronics,79791,/basket,115110
8000000102,9000000000003516,1,1737913200,7,17,(none),(direct),mobile,Edge,France,Ile-de-France,0,1,/catalog/apparel,0,/checkout,58440,,
8000001714,9000000000003517,0,1735713300,3,6,cpc,paid-media,desktop,Safari,Germany,Berlin,0,1,/home,0,/product/featured-item,45991,/catalog/electronics,90327
8000000771,9000000000003518,0,1736690700,7,14,organic,search-engine,desktop,Firefox,Spain,Madrid,0,1,/home,0,,,,
8000002015,9000000000003519,1,1737144360,5,20,email,newsletter,mobile,Safari,Portugal,Lisbon,0,1,/catalog/electronics,0,/product/featured-item,74006,,
8000000770,9000000000003520,0,1738102200,2,22,referral,partner.example,desktop,Chrome,United Kingdom,England,0,2,/product/featured-item,0,,,,
8000000671,9000000000003521,1,1737990060,1,15,cpc,paid-media,mobile,Edge,France,Ile-de-France,0,2,/catalog/electronics,0,/catalog/apparel,52170,/catalog/accessories,91511
8000001541,9000000000003522,1,1736710800,7,19,cpc,paid-media,mobile,Chrome,France,Ile-de-France,0,1,/catalog/accessories,0,/catalog/electronics,48267,,
8000001016,9000000000003523,1,1737945000,1,2,(none),(direct),mobile,Chrome,France,Ile-de-France,0,1,/product/featured-item,0,/catalog/apparel,24365,,
8000001411,9000000000003524,1,1738161480,3,14,email,newsletter,mobile,Safari,Portugal,Lisbon,0,1,/product/featured-item,0,/basket,45720,,
8000003119,9000000000003525,1,1737299400,7,15,email,newsletter,mobile,Firefox,Portugal,Lisbon,0,1,/catalog/apparel,0,/catalog/apparel,71349,,
8000003315,9000000000003526,1,1738067460,2,12,organic,search-engine,mobile,Chrome,France,Ile-de-France,0,1,/product/featured-item,0,/product/featured-item,89915,,
8000001186,9000000000003527,1,1735762560,3,20,organic,search-engine,mobile,Chrome,Germany,Berlin,0,2,/catalog/accessories,0,/product/featured-item,10541,,
8000000053,9000000000003528,0,1737614760,4,6,organic,search-engine,mobile,Chrome,Portugal,Lisbon,0,2,/catalog/apparel,0,/product/featured-item,38352,/product/featured-item,43563
8000002089,9000000000003529,0,1737477120,2,16,cpc,paid-media,desktop,Firefox,United Kingdom,England,0,2,/catalog/accessories,0,,,,
8000001693,9000000000003530,1,1737637320,4,13,cpc,paid-media,mobile,Safari,United Kingdom,England,0,2,/catalog/apparel,0,,,,
8000000673,9000000000003531,1,1737560760,3,15,referral,partner.example,desktop,Chrome,France,Ile-de-France,0,1,/home,0,,,,
8000001338,9000000000003532,1,1737298080,7,14,cpc,paid-media,mobile,Firefox,Portugal,Lisbon,0,1,/catalog/electronics,0,,,,
8000001627,9000000000003533,0,1737727860,5,14,referral,partner.example,desktop,Chrome,United Kingdom,England,0,1,/catalog/electronics,0,,,,
8000000137,9000000000003534,1,1737082440,5,2,organic,search-engine,mobile,Safari,Germany,Berlin,0,1,/catalog/apparel,0,,,,
8000001809,9000000000003535,1,1736674020,7,9,referral,partner.example,desktop,Chrome,United Kingdom,England,0,1,/catalog/electronics,0,/catalog/accessories,36444,,
8000002932,9000000000003536,1,1736158740,1,10,cpc,paid-media,mobile,Firefox,Spain,Madrid,0,1,/catalog/electronics,0,/catalog/apparel,24357,/product/featured-item,29656
8000003241,9000000000003537,1,1736589840,6,10,email,newsletter,desktop,Edge,France,Ile-de-France,0,2,/catalog/electronics,0,,,,
8000000795,9000000000003538,1,1735942080,5,22,organic,search-engine,mobile,Firefox,United Kingdom,England,0,1,/catalog/apparel,0,/basket,85504,/basket,182682
8000000186,9000000000003539,0,1736179440,1,16,email,newsletter,desktop,Chrome,France,Ile-de-France,0,1,/home,0,/checkout,50958,,
8000002777,9000000000003540,1,1736730000,1,1,organic,search-engine,desktop,Safari,United Kingdom,England,0,1,/catalog/electronics,0,/checkout,26193,/product/featured-item,101035
8000000841,9000000000003541,1,1736721000,7,22,cpc,paid-media,desktop,Chrome,United Kingdom,England,0,1,/catalog/apparel,0,/product/featured-item,75921,,
8000001850,9000000000003542,0,1736215260,2,2,referral,partner.example,mobile,Safari,Spain,Madrid,0,1,/home,0,/catalog/apparel,2430,/catalog/accessories,106172
8000002681,9000000000003543,1,1736007720,6,16,cpc,paid-media,desktop,Chrome,Germany,Berlin,0,1,/catalog/apparel,0,/catalog/accessories,55362,,
8000002983,9000000000003544,0,1737557580,3,14,referral,partner.example,mobile,Chrome,Spain,Madrid,0,1,/catalog/accessories,0,,,,
8000001415,9000000000003545,1,1736505660,5,10,(none),(direct),desktop,Edge,United Kingdom,England,0,1,/catalog/apparel,0,/catalog/apparel,54104,,
8000001001,9000000000003546,1,1737670020,4,22,email,newsletter,desktop,Edge,Germany,Berlin,0,1,/home,0,,,,
8000001934,9000000000003547,1,1736318160,3,6,cpc,paid-media,mobile,Chrome,France,Ile-de-France,0,1,/product/featured-item,0,/catalog/apparel,13544,/catalog/accessories,70259
8000002742,9000000000003548,1,1736646420,7,1,cpc,paid-media,mobile,Safari,Spain,Madrid,0,3,/catalog/apparel,0,/basket,9584,/checkout,113439
8000003225,9000000000003549,1,1737451320,2,9,(none),(direct),desktop,Safari,Germany,Berlin,0,1,/catalog/apparel,0,/catalog/accessories,57278,,
8000000176,9000000000003550,0,1737414480,1,23,referral,partner.example,mobile,Edge,United Kingdom,England,0,1,/home,0,/checkout,22878,/basket,55181
8000000265,9000000000003551,0,1738360200,5,21,(none),(direct),desktop,Firefox,Germany,Berlin,0,1,/home,0,/catalog/apparel,75578,/catalog/accessories,193888
8000000650,9000000000003552,0,1735835640,4,16,(none),(direct),desktop,Edge,Germany,Berlin,0,1,/catalog/electronics,0,/basket,26355,/checkout,56413
8000000907,9000000000003553,1,1736200500,1,21,cpc,paid-media,desktop,Chrome,Germany,Berlin,0,1,/catalog/electronics,0,/product/featured-item,87217,,
8000002283,9000000000003554,1,1737927000,7,21,(none),(direct),desktop,Firefox,France,Ile-de-France,0,1,/catalog/electronics,0,,,,
8000001658,9000000000003555,1,1736647800,7,2,referral,partner.example,desktop,Edge,France,Ile-de-France,0,1,/catalog/electronics,0,/catalog/apparel,48339,,
8000002149,9000000000003556,0,1737113760,5,11,(none),(direct),desktop,Safari,United Kingdom,England,0,1,/catalog/accessories,0,/catalog/electronics,72218,,
8000002218,9000000000003557,1,1737913500,7,17,referral,partner.example,desktop,Firefox,United Kingdom,England,0,1,/home,0,,,,
8000000748,9000000000003558,0,1737071340,4,23,cpc,paid-media,desktop,Chrome,Portugal,Lisbon,0,3,/home,0,/product/featured-item,45629,,
8000002963,9000000000003559,0,1735702800,3,3,referral,partner.example,desktop,Chrome,Germany,Berlin,1,1,/catalog/electronics,0,/catalog/accessories,68575,,
8000001047,9000000000003560,1,1736043600,7,2,referral,partner.example,desktop,Firefox,United Kingdom,England,0,2,/home,0,,,,
8000002147,9000000000003561,1,1737314340,7,19,organic,search-engine,mobile,Safari,United Kingdom,England,0,1,/catalog/apparel,0,/catalog/apparel,67855,,
8000000524,9000000000003562,1,1738137240,3,7,email,newsletter,desktop,Chrome,Germany,Berlin,0,1,/catalog/electronics,0,,,,
8000001530,9000000000003563,0,1737452400,2,9,email,newsletter,desktop,Edge,Germany,Berlin,0,1,/home,0,/product/featured-item,3409,/catalog/electronics,95257
8000003213,9000000000003564,1,1737029940,4,12,cpc,paid-media,desktop,Firefox,France,Ile-de-France,0,1,/product/featured-item,0,,,,
8000001658,9000000000003565,0,1735715640,3,7,organic,search-engine,mobile,Chrome,Germany,Berlin,0,1,/catalog/apparel,0,,,,
8000000325,9000000000003566,1,1737421680,2,1,cpc,paid-media,desktop,Firefox,Spain,Madrid,0,1,/catalog/electronics,0,/checkout,79315,/checkout,93295
8000002539,9000000000003567,1,1737465120,2,13,email,newsletter,desktop,Safari,France,Ile-de-France,0,1,/product/featured-item,0,/catalog/apparel,25679,/catalog/electronics,82456
8000002239,9000000000003568,1,1736308500,3,3,email,newsletter,mobile,Chrome,United Kingdom,England,0,1,/home,0,,,,
8000002105,9000000000003569,0,1737522960,3,5,email,newsletter,desktop,Edge,Portugal,Lisbon,0,1,/home,0,/catalog/electronics,31236,,
8000000566,9000000000003570,0,1737224460,6,18,organic,search-engine,mobile,Safari,Spain,Madrid,0,1,/product/featured-item,0,,,,
8000000854,9000000000003571,1,1735776180,4,0,(none),(direct),mobile,Firefox,France,Ile-de-France,0,1,/catalog/electronics,0,/catalog/apparel,27860,,
8000002485,9000000000003572,1,1738091460,2,19,(none),(direct),desktop,Safari,Portugal,Lisbon,0,3,/catalog/accessories,0,/catalog/electronics,34707,/checkout,44230
8000001830,9000000000003573,0,1737761340,5,23,referral,partner.example,desktop,Chrome,Portugal,Lisbon,0,1,/catalog/apparel,0,,,,
8000001635,9000000000003574,0,1737599340,4,2,cpc,paid-media,desktop,Safari,Germany,Berlin,0,2,/catalog/apparel,0,,,,
8000001112,9000000000003575,0,1738054680,2,8,cpc,paid-media,desktop,Chrome,Germany,Berlin,0,2,/catalog/accessories,0,/product/featured-item,78365,/product/featured-item,95866
8000001371,9000000000003576,1,1736727540,1,0,organic,search-engine,mobile,Firefox,United Kingdom,England,0,1,/product/featured-item,0,,,,
8000000567,9000000000003577,1,1737172260,6,3,(none),(direct),desktop,Edge,United Kingdom,England,0,2,/product/featured-item,0,/catalog/apparel,37328,/basket,139798
8000002389,9000000000003578,1,1737226440,6,18,(none),(direct),mobile,Chrome,United Kingdom,England,0,4,/catalog/accessories,0,,,,
8000000501,9000000000003579,1,1737809940,6,12,referral,partner.example,desktop,Chrome,Portugal,Lisbon,0,1,/catalog/accessories,0,,,,
8000001067,9000000000003580,1,1737523800,3,5,email,newsletter,desktop,Chrome,Portugal,Lisbon,0,1,/catalog/accessories,0,/catalog/electronics,64969,/product/featured-item,140463
8000001885,9000000000003581,0,1738242420,4,13,referral,partner.example,desktop,Safari,France,Ile-de-France,0,1,/catalog/accessories,0,,,,
8000001564,9000000000003582,1,1735718220,3,7,referral,partner.example,desktop,Firefox,Spain,Madrid,0,1,/product/featured-item,0,,,,
8000002496,9000000000003583,1,1736142360,1,5,organic,search-engine,mobile,Safari,France,Ile-de-France,0,2,/product/featured-item,0,/product/featured-item,15934,/basket,43019
8000002572,9000000000003584,0,1736371200,3,21,email,newsletter,desktop,Edge,Germany,Berlin,0,1,/catalog/accessories,0,,,,
8000003168,9000000000003585,1,1738349700,5,18,cpc,paid-media,mobile,Edge,Portugal,Lisbon,0,1,/catalog/electronics,0,,,,
8000002995,9000000000003586,0,1737418320,2,0,(none),(direct),desktop,Edge,Germany,Berlin,0,1,/product/featured-item,0,,,,
8000000489,9000000000003587,1,1736640300,7,0,organic,search-engine,mobile,Edge,Spain,Madrid,0,1,/product/featured-item,0,,,,
8000001036,9000000000003588,0,1737271860,7,7,cpc,paid-media,desktop,Safari,France,Ile-de-France,0,2,/product/featured-item,0,/product/featured-item,40920,/product/featured-item,78181
8000002662,9000000000003589,1,1737012660,4,7,email,newsletter,desktop,Chrome,Portugal,Lisbon,0,2,/catalog/apparel,0,,,,
8000002176,9000000000003590,1,1738110780,3,0,referral,partner.example,mobile,Chrome,United Kingdom,England,0,1,/catalog/electronics,0,/catalog/apparel,79230,,
8000001317,9000000000003591,1,1735791360,4,4,email,newsletter,mobile,Safari,Germany,Berlin,1,1,/catalog/accessories,0,/basket,12437,/catalog/accessories,93225
8000000545,9000000000003592,1,1736871060,2,16,organic,search-engine,mobile,Firefox,Portugal,Lisbon,0,1,/catalog/apparel,0,,,,
8000001894,9000000000003593,1,1737353460,1,6,(none),(direct),desktop,Safari,Portugal,Lisbon,0,2,/catalog/apparel,0,,,,
8000000980,9000000000003594,1,1736982180,3,23,cpc,paid-media,mobile,Edge,United Kingdom,England,0,1,/catalog/apparel,0,/catalog/accessories,44006,/checkout,104693
8000002357,9000000000003595,0,1737120900,5,13,organic,search-engine,mobile,Safari,France,Ile-de-France,0,1,/catalog/electronics,0,/catalog/accessories,87275,/product/featured-item,204378
8000001510,9000000000003596,1,1736242260,2,9,referral,partner.example,desktop,Firefox,Germany,Berlin,0,2,/catalog/electronics,0,/catalog/electronics,88388,/catalog/accessories,195272
8000001864,9000000000003597,1,1738345440,5,17,referral,partner.example,desktop,Safari,France,Ile-de-France,0,1,/product/featured-item,0,,,,
8000002465,9000000000003598,0,1736139900,1,5,email,newsletter,mobile,Firefox,France,Ile-de-France,0,2,/catalog/accessories,0,,,,
8000002579,9000000000003599,0,1737379500,1,13,referral,partner.example,mobile,Chrome,United Kingdom,England,0,1,/product/featured-item,0,,,,
8000000347,9000000000003600,1,1736664960,7,6,(none),(direct),desktop,Firefox,Germany,Berlin,0,2,/catalog/electronics,0,,,,
8000002756,9000000000003601,1,1736763900,1,10,(none),(direct),desktop,Chrome,France,Ile-de-France,0,2,/catalog/accessories,0,/checkout,20160,,
8000003150,9000000000003602,1,1736749020,1,6,cpc,paid-media,mobile,Chrome,Portugal,Lisbon,0,1,/catalog/accessories,0,/product/featured-item,86499,,
8000003160,9000000000003603,1,1738016880,1,22,cpc,paid-media,desktop,Edge,Germany,Berlin,0,1,/product/featured-item,0,/catalog/accessories,43365,,
8000003206,9000000000003604,0,1736673660,7,9,email,newsletter,mobile,Safari,Spain,Madrid,0,1,/catalog/accessories,0,/checkout,23614,/catalog/accessories,127801
8000000196,9000000000003605,1,1737546240,3,11,(none),(direct),desktop,Chrome,Portugal,Lisbon,0,2,/catalog/apparel,0,,,,
8000003109,9000000000003606,1,1736757420,1,8,referral,partner.example,mobile,Edge,United Kingdom,England,0,2,/product/featured-item,0,/product/featured-item,50193,/product/featured-item,144842
8000001236,9000000000003607,1,1738076400,2,15,cpc,paid-media,desktop,Safari,France,Ile-de-France,0,1,/product/featured-item,0,,,,
8000002378,9000000000003608,1,1736827080,2,3,referral,partner.example,desktop,Firefox,United Kingdom,England,0,2,/product/featured-item,0,,,,
8000001802,9000000000003609,0,1737776580,6,3,referral,partner.example,mobile,Firefox,United Kingdom,England,0,1,/product/featured-item,0,,,,
8000000993,9000000000003610,1,1738064580,2,11,cpc,paid-media,desktop,Edge,Portugal,Lisbon,0,2,/product/featured-item,0,,,,
8000003142,9000000000003611,1,1738365060,5,23,(none),(direct),desktop,Edge,Portugal,Lisbon,0,1,/catalog/accessories,0,,,,
8000002781,9000000000003612,0,1737172740,6,3,cpc,paid-media,desktop,Edge,Spain,Madrid,0,1,/catalog/electronics,0,,,,
8000003370,9000000000003613,1,1736980140,3,22,organic,search-engine,mobile,Firefox,United Kingdom,England,0,2,/catalog/apparel,0,,,,
8000000187,9000000000003614,0,1736680800,7,11,cpc,paid-media,mobile,Safari,United Kingdom,England,0,1,/catalog/electronics,0,,,,
8000003383,9000000000003615,0,1736710740,7,19,(none),(direct),desktop,Firefox,Germany,Berlin,0,1,/catalog/electronics,0,/catalog/accessories,35475,/product/featured-item,145569
8000000965,9000000000003616,0,1738188240,3,22,organic,search-engine,mobile,Chrome,Portugal,Lisbon,0,1,/catalog/apparel,0,,,,
8000000238,9000000000003617,0,1736459700,4,21,cpc,paid-media,desktop,Edge,Spain,Madrid,0,1,/catalog/electronics,0,/checkout,84601,/basket,119719
8000001701,9000000000003618,1,1738293780,5,3,cpc,paid-media,desktop,Firefox,Portugal,Lisbon,0,1,/catalog/accessories,0,,,,
8000001722,9000000000003619,1,1737131400,5,16,referral,partner.example,tablet,Chrome,Portugal,Lisbon,0,1,/catalog/electronics,0,/catalog/apparel,27267,,
8000000328,9000000000003620,1,1738188600,3,22,(none),(direct),desktop,Edge,Portugal,Lisbon,0,2,/catalog/accessories,0,/basket,66525,,
8000000864,9000000000003621,0,1735837740,4,17,(none),(direct),desktop,Firefox,France,Ile-de-France,0,1,/catalog/accessories,0,/checkout,29821,/basket,48952
8000001151,9000000000003622,1,1737554160,3,13,organic,search-engine,desktop,Safari,Portugal,Lisbon,0,1,/catalog/electronics,0,,,,
8000002165,9000000000003623,1,1737780060,6,4,(none),(direct),desktop,Firefox,France,Ile-de-France,0,1,/product/featured-item,0,/catalog/apparel,81701,/basket,87033
8000002950,9000000000003624,0,1735872360,5,2,organic,search-engine,mobile,Edge,Germany,Berlin,0,2,/product/featured-item,0,/catalog/electronics,85586,,
8000002580,9000000000003625,1,1737145920,5,20,cpc,paid-media,mobile,Firefox,Germany,Berlin,0,1,/catalog/accessories,0,/catalog/accessories,84369,,
8000003147,9000000000003626,1,1737613200,4,6,(none),(direct),tablet,Safari,Portugal,Lisbon,0,2,/catalog/electronics,0,,,,
8000002168,9000000000003627,1,1736799840,1,20,(none),(direct),mobile,Safari,Germany,Berlin,0,1,/catalog/apparel,0,/catalog/accessories,39881,,
8000000102,9000000000003628,1,1736726640,1,0,(none),(direct),mobile,Edge,Spain,Madrid,1,1,/catalog/accessories,0,/product/featured-item,22173,,
8000001830,9000000000003629,1,1737054900,4,19,referral,partner.example,mobile,Safari,United Kingdom,England,0,1,/home,0,/catalog/electronics,57625,,
8000001930,9000000000003630,1,1736244240,2,10,referral,partner.example,desktop,Chrome,France,Ile-de-France,0,1,/home,0,/catalog/apparel,31507,/catalog/electronics,123311
8000003207,9000000000003631,1,1736704980,7,18,(none),(direct),mobile,Firefox,Portugal,Lisbon,0,1,/catalog/accessories,0,/checkout,12364,,
8000001248,9000000000003632,0,1736600520,6,13,organic,search-engine,desktop,Safari,France,Ile-de-France,0,1,/catalog/apparel,0,,,,
8000001824,9000000000003633,0,1736110380,7,20,cpc,paid-media,desktop,Edge,Portugal,Lisbon,0,4,/catalog/accessories,0,/catalog/apparel,61490,,
8000000528,9000000000003634,1,1736024760,6,21,email,newsletter,desktop,Edge,Germany,Berlin,1,1,/catalog/accessories,0,/checkout,2861,/catalog/accessories,56626
8000000414,9000000000003635,1,1736833140,2,5,cpc,paid-media,mobile,Firefox,France,Ile-de-France,0,1,/catalog/electronics,0,,,,
8000001196,9000000000003636,1,1736419920,4,10,email,newsletter,desktop,Edge,Germany,Berlin,0,2,/catalog/apparel,0,/product/featured-item,85896,,
8000002788,9000000000003637,1,1737940920,1,1,email,newsletter,desktop,Chrome,Germany,Berlin,0,2,/catalog/accessories,0,/checkout,5949,/catalog/electronics,21036
8000002919,9000000000003638,1,1738231620,4,10,organic,search-engine,mobile,Safari,Portugal,Lisbon,0,1,/home,0,/catalog/apparel,89481,,
8000002665,9000000000003639,0,1736896560,2,23,cpc,paid-media,mobile,Firefox,Spain,Madrid,0,1,/catalog/apparel,0,/basket,86206,/catalog/accessories,167981
8000000943,9000000000003640,0,1737675780,4,23,email,newsletter,desktop,Chrome,Spain,Madrid,0,1,/product/featured-item,0,,,,
8000003012,9000000000003641,0,1737690480,5,3,organic,search-engine,desktop,Chrome,Germany,Berlin,0,1,/home,0,/checkout,5501,,
8000002617,9000000000003642,1,1737742080,5,18,referral,partner.example,desktop,Edge,Spain,Madrid,0,1,/catalog/apparel,0,/basket,71133,/catalog/electronics,81159
8000001165,9000000000003643,0,1737605460,4,4,referral,partner.example,desktop,Safari,France,Ile-de-France,0,1,/catalog/electronics,0,/product/featured-item,72356,/catalog/electronics,138682
8000001172,9000000000003644,1,1737654780,4,17,email,newsletter,desktop,Safari,Spain,Madrid,0,1,/catalog/accessories,0,/basket,5169,/product/featured-item,86341
8000000427,9000000000003645,1,1737343560,1,3,referral,partner.example,mobile,Safari,United Kingdom,England,0,1,/catalog/apparel,0,/catalog/electronics,51496,/checkout,71827
8000001383,9000000000003646,1,1737739080,5,17,organic,search-engine,desktop,Firefox,United Kingdom,England,0,1,/home,0,,,,
8000002552,9000000000003647,1,1737428880,2,3,email,newsletter,desktop,Firefox,Germany,Berlin,0,3,/home,0,/checkout,82066,/catalog/electronics,136640
8000001689,9000000000003648,1,1738020240,1,23,referral,partner.example,desktop,Edge,France,Ile-de-France,0,1,/catalog/accessories,0,/catalog/apparel,40937,/catalog/electronics,85889
8000000030,9000000000003649,1,1738149600,3,11,organic,search-engine,desktop,Firefox,Germany,Berlin,0,1,/product/featured-item,0,/catalog/electronics,65530,,
8000001222,9000000000003650,1,1736141880,1,5,referral,partner.example,desktop,Firefox,Spain,Madrid,0,1,/catalog/apparel,0,/product/featured-item,32785,/basket,60541
8000001050,9000000000003651,0,1737114240,5,11,referral,partner.example,desktop,Firefox,United Kingdom,England,0,1,/catalog/electronics,0,/product/featured-item,49787,,
8000002868,9000000000003652,1,1737077040,5,1,email,newsletter,desktop,Firefox,France,Ile-de-France,0,1,/catalog/electronics,0,/checkout,6273,,
8000000911,9000000000003653,0,1737923700,7,20,organic,search-engine,mobile,Chrome,United Kingdom,England,0,1,/catalog/apparel,0,/checkout,38927,/product/featured-item,114334
8000001879,9000000000003654,0,1737556680,3,14,organic,search-engine,desktop,Edge,Germany,Berlin,0,1,/catalog/accessories,0,,,,
8000000798,9000000000003655,1,1738055040,2,9,organic,search-engine,mobile,Firefox,Portugal,Lisbon,0,1,/product/featured-item,0,,,,
8000000009,9000000000003656,1,1738273080,4,21,referral,partner.example,desktop,Edge,United Kingdom,England,0,1,/catalog/accessories,0,/catalog/accessories,36265,/catalog/accessories,146807
8000000135,9000000000003657,1,1736297280,3,0,(none),(direct),desktop,Safari,Germany,Berlin,0,1,/catalog/apparel,0,/catalog/accessories,74757,,
8000000975,9000000000003658,1,1737852780,7,0,cpc,paid-media,desktop,Chrome,Spain,Madrid,0,1,/product/featured-item,0,,,,
8000000106,9000000000003659,0,1738320660,5,10,organic,search-engine,mobile,Edge,United Kingdom,England,1,1,/product/featured-item,0,/catalog/apparel,45539,,
8000001628,9000000000003660,0,1737749580,5,20,cpc,paid-media,mobile,Edge,Spain,Madrid,0,1,/catalog/apparel,0,/catalog/accessories,73092,/catalog/accessories,83286
8000000682,9000000000003661,0,1736495940,5,7,(none),(direct),desktop,Chrome,Germany,Berlin,0,1,/catalog/apparel,0,/catalog/electronics,10881,/product/featured-item,88697
8000001861,9000000000003662,1,1736216820,2,2,(none),(direct),mobile,Safari,United Kingdom,England,0,1,/catalog/apparel,0,/catalog/accessories,45533,,
8000002882,9000000000003663,1,1737224880,6,18,referral,partner.example,mobile,Safari,United Kingdom,England,0,3,/catalog/accessories,0,/checkout,13592,/product/featured-item,22540
8000001488,9000000000003664,1,1737751860,5,20,(none),(direct),desktop,Safari,Spain,Madrid,0,1,/product/featured-item,0,,,,
8000000400,9000000000003665,1,1737398760,1,18,organic,search-engine,mobile,Edge,Portugal,Lisbon,0,1,/product/featured-item,0,/basket,85393,,
8000002464,9000000000003666,1,1738321140,5,10,organic,search-engine,tablet,Edge,United Kingdom,England,0,1,/product/featured-item,0,/product/featured-item,22555,/product/featured-item,110024
8000002520,9000000000003667,1,1736066580,7,8,email,newsletter,desktop,Chrome,France,Ile-de-France,0,1,/catalog/apparel,0,,,,
8000002103,9000000000003668,0,1736788860,1,17,email,newsletter,mobile,Edge,France,Ile-de-France,0,1,/product/featured-item,0,/product/featured-item,7781,/product/featured-item,85320
8000001630,9000000000003669,0,1737052440,4,18,(none),(direct),mobile,Chrome,Germany,Berlin,0,1,/home,0,,,,
8000000330,9000000000003670,0,1737930300,7,22,cpc,paid-media,desktop,Edge,Spain,Madrid,0,1,/catalog/apparel,0,,,,
8000002694,9000000000003671,1,1738115340,3,1,referral,partner.example,desktop,Firefox,France,Ile-de-France,0,1,/product/featured-item,0,,,,
8000002986,9000000000003672,1,1735741740,3,14,organic,search-engine,desktop,Firefox,United Kingdom,England,0,2,/home,0,/catalog/accessories,26540,/catalog/electronics,66996
8000000020,9000000000003673,1,1736222040,2,3,email,newsletter,desktop,Firefox,Portugal,Lisbon,0,2,/catalog/electronics,0,/checkout,37299,/catalog/electronics,141679
8000002823,9000000000003674,1,1737595080,4,1,referral,partner.example,mobile,Firefox,United Kingdom,England,0,1,/product/featured-item,0,/catalog/electronics,9125,/catalog/electronics,101066
8000002471,9000000000003675,1,1735806000,4,8,(none),(direct),desktop,Chrome,Portugal,Lisbon,0,1,/catalog/accessories,0,/checkout,86009,,
8000003174,9000000000003676,1,1736218920,2,3,organic,search-engine,mobile,Safari,Spain,Madrid,0,4,/catalog/electronics,0,/catalog/electronics,47120,,
8000002275,9000000000003677,1,1738255200,4,16,referral,partner.example,mobile,Firefox,Germany,Berlin,0,3,/product/featured-item,0,/product/featured-item,45497,/product/featured-item,114202
8000001475,9000000000003678,1,1735785780,4,2,cpc,paid-media,mobile,Edge,France,Ile-de-France,0,1,/product/featured-item,0,,,,
8000001938,9000000000003679,1,1736128260,1,1,referral,partner.example,desktop,Firefox,Portugal,Lisbon,0,1,/catalog/accessories,0,/catalog/electronics,34679,/product/featured-item,67961
8000002603,9000000000003680,1,1738153740,3,12,(none),(direct),desktop,Edge,Germany,Berlin,0,1,/catalog/apparel,0,/catalog/apparel,6617,,
8000001976,9000000000003681,1,1735848300,4,20,cpc,paid-media,mobile,Edge,France,Ile-de-France,0,1,/catalog/apparel,0,,,,
8000002191,9000000000003682,1,1738225560,4,8,cpc,paid-media,mobile,Safari,France,Ile-de-France,0,1,/product/featured-item,0,,,,
8000000423,9000000000003683,1,1738305120,5,6,referral,partner.example,desktop,Chrome,Spain,Madrid,0,1,/home,0,/basket,62557,,
8000002924,9000000000003684,1,1737173700,6,4,cpc,paid-media,mobile,Firefox,Germany,Berlin,0,1,/catalog/electronics,0,/catalog/accessories,2331,/product/featured-item,117848
8000000407,9000000000003685,0,1736705220,7,18,referral,partner.example,mobile,Safari,United Kingdom,England,0,3,/catalog/accessories,0,,,,
8000003177,9000000000003686,1,1737576840,3,20,cpc,paid-media,mobile,Chrome,United Kingdom,England,0,1,/product/featured-item,0,/catalog/accessories,53244,,
8000002726,9000000000003687,1,1737579000,3,20,cpc,paid-media,desktop,Firefox,France,Ile-de-France,0,1,/home,0,/catalog/apparel,83043,,
8000002844,9000000000003688,1,1737447360,2,8,(none),(direct),mobile,Edge,Portugal,Lisbon,0,1,/catalog/accessories,0,,,,
8000002855,9000000000003689,1,1737616680,4,7,email,newsletter,desktop,Firefox,United Kingdom,England,0,1,/catalog/electronics,0,,,,
8000001735,9000000000003690,1,1737943560,1,2,email,newsletter,desktop,Chrome,Portugal,Lisbon,0,1,/catalog/apparel,0,,,,
8000001848,9000000000003691,1,1736514180,5,13,organic,search-engine,mobile,Safari,Spain,Madrid,0,1,/catalog/accessories,0,/catalog/electronics,36296,/catalog/electronics,81259
8000002839,9000000000003692,0,1737719880,5,11,organic,search-engine,tablet,Safari,Spain,Madrid,0,2,/catalog/electronics,0,/catalog/electronics,15320,,
8000001106,9000000000003693,1,1736506140,5,10,email,newsletter,desktop,Safari,France,Ile-de-France,0,1,/catalog/electronics,0,/basket,66987,,
8000001051,9000000000003694,1,1738182360,3,20,organic,search-engine,desktop,Firefox,Portugal,Lisbon,0,1,/home,0,/product/featured-item,40895,/basket,78781
8000000744,9000000000003695,1,1738243740,4,13,cpc,paid-media,tablet,Edge,Spain,Madrid,0,1,/catalog/apparel,0,/catalog/electronics,85665,/catalog/accessories,111156
8000001355,9000000000003696,0,1736282340,2,20,organic,search-engine,desktop,Chrome,Portugal,Lisbon,0,1,/catalog/apparel,0,/checkout,48006,,
8000002739,9000000000003697,1,1737189000,6,8,(none),(direct),desktop,Firefox,France,Ile-de-France,0,1,/home,0,,,,
8000002595,9000000000003698,0,1736246820,2,10,referral,partner.example,desktop,Safari,Germany,Berlin,0,1,/catalog/electronics,0,/catalog/accessories,49211,/product/featured-item,156431
8000000315,9000000000003699,1,1736145420,1,6,referral,partner.example,mobile,Safari,Portugal,Lisbon,0,1,/home,0,/checkout,64032,,
8000002075,9000000000003700,1,1737623460,4,9,organic,search-engine,mobile,Firefox,Germany,Berlin,0,1,/home,0,/checkout,48885,/product/featured-item,103555
8000002154,9000000000003701,0,1736294520,3,0,(none),(direct),desktop,Firefox,Spain,Madrid,0,1,/catalog/apparel,0,/product/featured-item,7549,/basket,15289
8000003382,9000000000003702,1,1736485620,5,5,(none),(direct),desktop,Edge,United Kingdom,England,0,1,/catalog/accessories,0,,,,
8000000042,9000000000003703,1,1736884860,2,20,email,newsletter,desktop,Edge,France,Ile-de-France,1,1,/catalog/accessories,0,/product/featured-item,56050,,
8000002113,9000000000003704,0,1738030200,2,2,(none),(direct),mobile,Edge,Portugal,Lisbon,0,2,/catalog/apparel,0,,,,
8000000671,9000000000003705,0,1736483700,5,4,referral,partner.example,desktop,Edge,Portugal,Lisbon,0,2,/catalog/electronics,0,/catalog/apparel,77255,/catalog/electronics,93022
8000003433,9000000000003706,0,1736085660,7,14,referral,partner.example,desktop,Safari,Spain,Madrid,0,2,/catalog/apparel,0,/catalog/apparel,13915,,
8000002243,9000000000003707,1,1737254160,7,2,organic,search-engine,desktop,Firefox,Spain,Madrid,0,1,/catalog/apparel,0,/basket,19249,/catalog/accessories,104612
8000001071,9000000000003708,1,1738027740,2,1,referral,partner.example,desktop,Chrome,Spain,Madrid,0,1,/catalog/electronics,0,/catalog/accessories,9304,,
8000002157,9000000000003709,1,1738063020,2,11,referral,partner.example,desktop,Safari,Spain,Madrid,0,1,/catalog/apparel,0,/catalog/accessories,76340,/checkout,90907
8000002475,9000000000003710,1,1736958540,3,16,cpc,paid-media,desktop,Firefox,Germany,Berlin,0,1,/catalog/electronics,0,,,,
8000003277,9000000000003711,1,1737167460,6,2,email,newsletter,desktop,Edge,United Kingdom,England,0,1,/catalog/accessories,0,,,,
8000000883,9000000000003712,1,1737167940,6,2,organic,search-engine,mobile,Safari,Portugal,Lisbon,0,1,/catalog/apparel,0,/catalog/apparel,9045,,
8000001988,9000000000003713,1,1736427600,4,13,organic,search-engine,mobile,Safari,France,Ile-de-France,0,1,/product/featured-item,0,/checkout,27926,/catalog/accessories,86198
8000002739,9000000000003714,0,1737833400,6,19,(none),(direct),desktop,Safari,Germany,Berlin,0,1,/catalog/apparel,0,,,,
8000002059,9000000000003715,1,1736303760,3,2,organic,search-engine,desktop,Chrome,Spain,Madrid,0,1,/catalog/accessories,0,/catalog/accessories,31240,/catalog/electronics,59034
8000000724,9000000000003716,0,1736331840,3,10,referral,partner.example,desktop,Chrome,Portugal,Lisbon,0,2,/home,0,/product/featured-item,40177,,
8000001139,9000000000003717,0,1736866440,2,14,organic,search-engine,desktop,Firefox,France,Ile-de-France,0,2,/catalog/electronics,0,,,,
8000001814,9000000000003718,1,1738345140,5,17,organic,search-engine,desktop,Safari,United Kingdom,England,0,1,/catalog/electronics,0,/checkout,56392,/product/featured-item,78874
8000001141,9000000000003719,1,1736133660,1,3,email,newsletter,mobile,Edge,France,Ile-de-France,0,1,/product/featured-item,0,/checkout,29161,,
8000001496,9000000000003720,1,1738143780,3,9,organic,search-engine,mobile,Edge,United Kingdom,England,0,1,/catalog/accessories,0,/catalog/accessories,37122,,
8000000243,9000000000003721,1,1737690120,5,3,referral,partner.example,desktop,Chrome,Germany,Berlin,0,1,/home,0,/catalog/accessories,3836,,
8000002284,9000000000003722,1,1737402960,1,19,(none),(direct),mobile,Edge,United Kingdom,England,0,1,/catalog/accessories,0,,,,
8000000689,9000000000003723,1,1738126620,3,4,organic,search-engine,desktop,Firefox,Spain,Madrid,0,1,/catalog/electronics,0,,,,
8000002341,9000000000003724,1,1736225820,2,4,referral,partner.example,desktop,Firefox,Portugal,Lisbon,0,2,/catalog/accessories,0,,,,
8000002564,9000000000003725,1,1736095800,7,16,organic,search-engine,mobile,Edge,Portugal,Lisbon,0,1,/catalog/accessories,0,,,,
8000000294,9000000000003726,0,1736251200,2,12,cpc,paid-media,mobile,Chrome,Germany,Berlin,0,2,/product/featured-item,0,/checkout,76659,,
8000001648,9000000000003727,1,1736877960,2,18,cpc,paid-media,desktop,Safari,Spain,Madrid,0,1,/catalog/accessories,0,/catalog/electronics,44586,/product/featured-item,146165
8000001109,9000000000003728,1,1736574000,6,5,referral,partner.example,tablet,Safari,Portugal,Lisbon,0,2,/catalog/accessories,0,/catalog/accessories,29230,/catalog/accessories,93942
8000000779,9000000000003729,1,1736160480,1,10,organic,search-engine,mobile,Chrome,France,Ile-de-France,0,1,/catalog/accessories,0,,,,
8000000987,9000000000003730,1,1735996380,6,13,referral,partner.example,desktop,Edge,France,Ile-de-France,0,1,/catalog/electronics,0,/product/featured-item,73961,/basket,136718
8000001190,9000000000003731,0,1736797680,1,19,referral,partner.example,desktop,Chrome,Spain,Madrid,0,2,/home,0,/checkout,12398,,
8000000554,9000000000003732,1,1736846880,2,9,email,newsletter,desktop,Edge,Portugal,Lisbon,0,1,/product/featured-item,0,/basket,15734,,
8000002675,9000000000003733,1,1735767240,3,21,organic,search-engine,desktop,Safari,United Kingdom,England,0,1,/catalog/accessories,0,/catalog/apparel,10091,,
8000002335,9000000000003734,1,1736369760,3,20,organic,search-engine,desktop,Chrome,United Kingdom,England,0,1,/home,0,/checkout,36720,,
8000002750,9000000000003735,1,1736768940,1,11,referral,partner.example,desktop,Chrome,France,Ile-de-France,0,1,/home,0,/catalog/apparel,69313,/product/featured-item,131043
8000003158,9000000000003736,1,1737382980,1,14,cpc,paid-media,tablet,Safari,France,Ile-de-France,0,1,/home,0,,,,
8000001361,9000000000003737,1,1737274800,7,8,organic,search-engine,mobile,Safari,Portugal,Lisbon,0,1,/home,0,/catalog/accessories,22457,,
8000000429,9000000000003738,1,1737006660,4,5,organic,search-engine,desktop,Chrome,Germany,Berlin,0,1,/home,0,/checkout,50468,/catalog/accessories,133252
8000002651,9000000000003739,1,1737348420,1,4,email,newsletter,desktop,Firefox,France,Ile-de-France,0,1,/home,0,,,,
8000003479,9000000000003740,0,1735831260,4,15,cpc,paid-media,desktop,Firefox,Portugal,Lisbon,0,2,/catalog/apparel,0,/catalog/apparel,73531,/product/featured-item,160459
8000001232,9000000000003741,1,1735768200,3,21,(none),(direct),desktop,Firefox,Portugal,Lisbon,0,2,/catalog/apparel,0,,,,
8000003329,9000000000003742,1,1736612820,6,16,cpc,paid-media,desktop,Safari,Portugal,Lisbon,0,2,/product/featured-item,0,,,,
8000000403,9000000000003743,1,1736746860,1,5,organic,search-engine,desktop,Safari,United Kingdom,England,0,1,/catalog/electronics,0,/basket,16496,/checkout,122217
8000001253,9000000000003744,1,1735991880,6,11,email,newsletter,mobile,Safari,France,Ile-de-France,0,1,/catalog/accessories,0,,,,
8000003363,9000000000003745,1,1735862400,5,0,referral,partner.example,desktop,Edge,France,Ile-de-France,0,1,/catalog/electronics,0,,,,
8000003441,9000000000003746,0,1737409260,1,21,email,newsletter,desktop,Edge,Portugal,Lisbon,0,1,/catalog/accessories,0,/catalog/apparel,85957,,
8000000775,9000000000003747,1,1735765200,3,21,cpc,paid-media,desktop,Edge,Germany,Berlin,0,1,/catalog/apparel,0,/catalog/accessories,68531,,
8000001030,9000000000003748,1,1735901160,5,10,(none),(direct),mobile,Safari,Spain,Madrid,0,1,/home,0,,,,
8000001456,9000000000003749,1,1737476340,2,16,(none),(direct),desktop,Chrome,United Kingdom,England,0,1,/catalog/apparel,0,/catalog/accessories,52774,,
8000002416,9000000000003750,1,1736969040,3,19,organic,search-engine,mobile,Edge,Germany,Berlin,0,3,/catalog/electronics,0,,,,
8000003179,9000000000003751,1,1736123520,1,0,organic,search-engine,mobile,Edge,Portugal,Lisbon,0,1,/catalog/electronics,0,/catalog/apparel,76447,,
8000000887,9000000000003752,1,1737309600,7,18,organic,search-engine,mobile,Edge,Germany,Berlin,0,1,/catalog/electronics,0,/catalog/accessories,47408,/checkout,55180
8000001754,9000000000003753,1,1735723320,3,9,email,newsletter,desktop,Chrome,United Kingdom,England,0,1,/home,0,,,,
8000002247,9000000000003754,0,1736547240,5,22,organic,search-engine,desktop,Firefox,United Kingdom,England,0,4,/catalog/accessories,0,/catalog/apparel,68192,,
8000001766,9000000000003755,1,1736849520,2,10,email,newsletter,mobile,Chrome,United Kingdom,England,0,1,/catalog/accessories,0,/catalog/electronics,36242,,
8000000053,9000000000003756,1,1736397600,4,4,(none),(direct),mobile,Firefox,United Kingdom,England,0,1,/product/featured-item,0,/catalog/apparel,84620,/catalog/accessories,152779
8000000863,9000000000003757,1,1737313800,7,19,cpc,paid-media,desktop,Chrome,United Kingdom,England,0,4,/catalog/electronics,0,/catalog/accessories,59992,,
8000001784,9000000000003758,0,1737415320,1,23,email,newsletter,desktop,Firefox,Portugal,Lisbon,0,1,/catalog/apparel,0,/product/featured-item,15790,/catalog/electronics,61358
8000000727,9000000000003759,1,1738130640,3,6,email,newsletter,desktop,Firefox,United Kingdom,England,0,1,/catalog/electronics,0,/basket,9718,/catalog/electronics,39624
8000003483,9000000000003760,1,1737105420,5,9,cpc,paid-media,desktop,Chrome,France,Ile-de-France,0,2,/catalog/apparel,0,,,,
8000001060,9000000000003761,1,1738290300,5,2,cpc,paid-media,desktop,Safari,United Kingdom,England,0,1,/product/featured-item,0,,,,
8000000184,9000000000003762,1,1735790880,4,4,referral,partner.example,desktop,Safari,Portugal,Lisbon,0,2,/home,0,,,,
8000002060,9000000000003763,1,1736288160,2,22,referral,partner.example,desktop,Chrome,Portugal,Lisbon,0,1,/catalog/accessories,0,,,,
8000002004,9000000000003764,1,1737735300,5,16,(none),(direct),mobile,Chrome,France,Ile-de-France,1,1,/product/featured-item,0,/product/featured-item,53936,/checkout,90110
8000001184,9000000000003765,1,1738329600,5,13,cpc,paid-media,mobile,Edge,Germany,Berlin,0,1,/catalog/electronics,0,,,,
8000000542,9000000000003766,0,1737386400,1,15,organic,search-engine,desktop,Safari,France,Ile-de-France,0,2,/home,0,,,,
8000003055,9000000000003767,1,1736397660,4,4,(none),(direct),mobile,Edge,Germany,Berlin,0,1,/catalog/electronics,0,/catalog/electronics,71520,,
8000001025,9000000000003768,1,1738146240,3,10,(none),(direct),mobile,Safari,Spain,Madrid,0,2,/home,0,,,,
8000002181,9000000000003769,1,1735857300,4,22,referral,partner.example,desktop,Safari,France,Ile-de-France,0,1,/catalog/electronics,0,/product/featured-item,31341,/product/featured-item,129274
8000000950,9000000000003770,0,1737174900,6,4,organic,search-engine,mobile,Chrome,Portugal,Lisbon,0,1,/catalog/apparel,0,/product/featured-item,60037,/basket,113462
8000002679,9000000000003771,1,1736691960,7,14,referral,partner.example,mobile,Firefox,Portugal,Lisbon,0,1,/catalog/apparel,0,/catalog/electronics,65858,,
8000001210,9000000000003772,0,1737260460,7,4,organic,search-engine,desktop,Edge,Spain,Madrid,0,1,/home,0,/product/featured-item,70556,,
8000001549,9000000000003773,1,1737369360,1,10,email,newsletter,desktop,Safari,United Kingdom,England,0,2,/catalog/apparel,0,/checkout,50433,/product/featured-item,163520
8000002281,9000000000003774,1,1736985780,4,0,email,newsletter,mobile,Firefox,Portugal,Lisbon,0,1,/catalog/apparel,0,,,,
8000002353,9000000000003775,0,1737854340,7,1,cpc,paid-media,desktop,Edge,Spain,Madrid,0,1,/home,0,,,,
8000002143,9000000000003776,1,1736160660,1,10,email,newsletter,desktop,Safari,United Kingdom,England,0,2,/catalog/accessories,0,/catalog/apparel,31508,/basket,57534
8000002715,9000000000003777,1,1736481540,5,3,organic,search-engine,desktop,Chrome,Germany,Berlin,0,2,/product/featured-item,0,,,,
8000002851,9000000000003778,0,1737640680,4,13,(none),(direct),desktop,Safari,Portugal,Lisbon,0,3,/catalog/accessories,0,/catalog/apparel,31608,,
8000003316,9000000000003779,1,1736942880,3,12,organic,search-engine,desktop,Safari,United Kingdom,England,0,2,/product/featured-item,0,/checkout,13398,,
8000002134,9000000000003780,0,1736114460,7,22,email,newsletter,mobile,Firefox,France,Ile-de-France,0,2,/home,0,/catalog/electronics,19416,/product/featured-item,27422
8000002664,9000000000003781,1,1735907820,5,12,cpc,paid-media,desktop,Edge,Germany,Berlin,0,1,/catalog/apparel,0,/catalog/electronics,26918,/catalog/accessories,127209
8000001608,9000000000003782,0,1737468240,2,14,referral,partner.example,desktop,Chrome,Germany,Berlin,0,2,/catalog/apparel,0,/catalog/accessories,13080,,
8000000614,9000000000003783,0,1738111080,3,0,email,newsletter,desktop,Safari,Portugal,Lisbon,0,3,/catalog/accessories,0,,,,
8000002673,9000000000003784,1,1736641440,7,0,cpc,paid-media,desktop,Edge,France,Ile-de-France,0,1,/catalog/electronics,0,/basket,66940,/basket,131077
8000000121,9000000000003785,1,1736004240,6,15,cpc,paid-media,mobile,Safari,Portugal,Lisbon,0,3,/catalog/accessories,0,/catalog/electronics,79092,/catalog/accessories,101419
8000002460,9000000000003786,1,1738264260,4,19,cpc,paid-media,mobile,Firefox,Germany,Berlin,0,1,/catalog/apparel,0,/checkout,64597,,
8000000920,9000000000003787,0,1736860020,2,13,cpc,paid-media,mobile,Edge,France,Ile-de-France,0,2,/catalog/electronics,0,/catalog/accessories,71691,/catalog/accessories,158559
8000001401,9000000000003788,0,1736400660,4,5,(none),(direct),desktop,Chrome,Germany,Berlin,0,1,/catalog/accessories,0,/product/featured-item,46702,/product/featured-item,137072
8000002393,9000000000003789,1,1738182120,3,20,(none),(direct),mobile,Safari,United Kingdom,England,0,1,/home,0,/product/featured-item,54338,/product/featured-item,142413
8000002370,9000000000003790,1,1736719800,7,22,cpc,paid-media,desktop,Safari,France,Ile-de-France,0,1,/home,0,,,,
8000000279,9000000000003791,1,1737900240,7,14,cpc,paid-media,desktop,Edge,United Kingdom,England,0,1,/catalog/accessories,0,/product/featured-item,45405,/catalog/electronics,142129
8000003152,9000000000003792,1,1737725280,5,13,referral,partner.example,desktop,Safari,France,Ile-de-France,0,1,/catalog/accessories,0,/catalog/accessories,88802,,
8000001108,9000000000003793,0,1736384520,4,1,email,newsletter,desktop,Chrome,United Kingdom,England,0,1,/catalog/electronics,0,,,,
8000002112,9000000000003794,1,1737754560,5,21,cpc,paid-media,mobile,Edge,United Kingdom,England,0,1,/catalog/accessories,0,,,,
8000002692,9000000000003795,1,1736374140,3,22,cpc,paid-media,desktop,Edge,Germany,Berlin,0,1,/product/featured-item,0,,,,
8000000349,9000000000003796,0,1737031920,4,12,cpc,paid-media,desktop,Safari,Germany,Berlin,0,2,/catalog/electronics,0,/checkout,64090,,
8000000809,9000000000003797,0,1735937520,5,20,email,newsletter,desktop,Edge,Spain,Madrid,0,1,/home,0,,,,
8000001738,9000000000003798,1,1736356500,3,17,email,newsletter,mobile,Edge,Germany,Berlin,0,1,/home,0,/basket,58568,,
8000002058,9000000000003799,1,1736234640,2,7,referral,partner.example,desktop,Edge,United Kingdom,England,0,1,/product/featured-item,0,,,,
8000001736,9000000000003800,1,1737419580,2,0,organic,search-engine,tablet,Safari,Germany,Berlin,0,1,/product/featured-item,0,/product/featured-item,76813,/product/featured-item,125908
8000001518,9000000000003801,1,1736368020,3,20,referral,partner.example,tablet,Chrome,Spain,Madrid,0,1,/catalog/electronics,0,/catalog/apparel,83294,,
8000000980,9000000000003802,1,1736677080,7,10,email,newsletter,desktop,Safari,France,Ile-de-France,0,2,/home,0,/catalog/apparel,43246,,
8000002283,9000000000003803,1,1736134980,1,3,(none),(direct),desktop,Edge,Germany,Berlin,0,1,/product/featured-item,0,/basket,5409,,
8000000809,9000000000003804,1,1736149500,1,7,referral,partner.example,desktop,Safari,Germany,Berlin,0,1,/catalog/accessories,0,,,,
8000000661,9000000000003805,1,1737061020,4,20,email,newsletter,tablet,Safari,Spain,Madrid,0,2,/home,0,,,,
8000000136,9000000000003806,0,1736083680,7,13,referral,partner.example,desktop,Chrome,France,Ile-de-France,0,1,/product/featured-item,0,,,,
8000002739,9000000000003807,1,1738069740,2,13,email,newsletter,mobile,Safari,Germany,Berlin,1,1,/catalog/apparel,0,/catalog/accessories,58176,/basket,130018
8000000765,9000000000003808,1,1735851240,4,20,organic,search-engine,mobile,Safari,Spain,Madrid,0,1,/catalog/electronics,0,/catalog/electronics,63712,/catalog/electronics,146462
8000000964,9000000000003809,1,1737338520,1,2,email,newsletter,tablet,Chrome,France,Ile-de-France,0,1,/catalog/electronics,0,,,,
8000000795,9000000000003810,1,1736209740,2,0,cpc,paid-media,mobile,Safari,Spain,Madrid,0,2,/home,0,/checkout,78095,/catalog/accessories,118699
8000002516,9000000000003811,1,1736377380,3,23,email,newsletter,desktop,Edge,Spain,Madrid,0,1,/catalog/electronics,0,,,,
8000002218,9000000000003812,1,1736356020,3,17,organic,search-engine,mobile,Safari,Spain,Madrid,0,2,/product/featured-item,0,/catalog/accessories,4427,,
8000002070,9000000000003813,1,1736444400,4,17,(none),(direct),mobile,Chrome,United Kingdom,England,0,2,/catalog/accessories,0,,,,
8000002547,9000000000003814,0,1737063360,4,21,email,newsletter,desktop,Chrome,Germany,Berlin,0,3,/home,0,/basket,84322,,
8000001272,9000000000003815,0,1735810680,4,9,organic,search-engine,mobile,Chrome,France,Ile-de-France,0,1,/catalog/apparel,0,,,,
8000000486,9000000000003816,0,1736767800,1,11,referral,partner.example,mobile,Chrome,Germany,Berlin,0,1,/catalog/accessories,0,/catalog/electronics,15416,,
8000001090,9000000000003817,1,1737947880,1,3,email,newsletter,mobile,Chrome,United Kingdom,England,0,1,/home,0,/catalog/apparel,16124,,
8000000963,9000000000003818,0,1737180960,6,6,email,newsletter,desktop,Firefox,Germany,Berlin,0,1,/catalog/apparel,0,/checkout,50315,,
8000003221,9000000000003819,1,1737254280,7,2,organic,search-engine,mobile,Chrome,Portugal,Lisbon,0,1,/home,0,,,,
8000001394,9000000000003820,0,1738291200,5,2,referral,partner.example,tablet,Firefox,Germany,Berlin,0,2,/catalog/electronics,0,/product/featured-item,84793,/checkout,197500
8000000851,9000000000003821,1,1736185440,1,17,organic,search-engine,desktop,Safari,United Kingdom,England,0,1,/catalog/accessories,0,/catalog/apparel,84668,/product/featured-item,190349
8000001770,9000000000003822,1,1736368980,3,20,email,newsletter,mobile,Firefox,United Kingdom,England,0,4,/catalog/electronics,0,/basket,72713,,
8000000177,9000000000003823,1,1736730540,1,1,cpc,paid-media,desktop,Firefox,France,Ile-de-France,0,1,/catalog/accessories,0,/catalog/apparel,29566,,
8000003133,9000000000003824,1,1738200720,4,1,cpc,paid-media,mobile,Chrome,France,Ile-de-France,0,1,/product/featured-item,0,/checkout,76292,,
8000000302,9000000000003825,1,1737248460,7,1,cpc,paid-media,desktop,Chrome,Portugal,Lisbon,0,4,/catalog/accessories,0,,,,
8000002771,9000000000003826,1,1737672540,4,22,cpc,paid-media,desktop,Safari,Portugal,Lisbon,0,1,/product/featured-item,0,/catalog/accessories,3836,,
8000003394,9000000000003827,1,1738184220,3,20,email,newsletter,desktop,Chrome,Spain,Madrid,1,1,/catalog/accessories,0,/basket,61270,/basket,125069
8000002261,9000000000003828,1,1737871800,7,6,cpc,paid-media,mobile,Chrome,France,Ile-de-France,0,2,/catalog/accessories,0,/catalog/accessories,70223,,
8000000092,9000000000003829,1,1738019460,1,23,email,newsletter,mobile,Chrome,Portugal,Lisbon,1,1,/catalog/apparel,0,,,,
8000002910,9000000000003830,1,1737208500,6,13,organic,search-engine,desktop,Safari,Portugal,Lisbon,0,1,/catalog/accessories,0,/catalog/electronics,88136,,
8000002074,9000000000003831,1,1736096700,7,17,organic,search-engine,mobile,Firefox,United Kingdom,England,0,1,/catalog/accessories,0,/catalog/electronics,76997,/product/featured-item,129484
8000001102,9000000000003832,1,1736087220,7,14,referral,partner.example,mobile,Safari,United Kingdom,England,0,1,/home,0,/catalog/apparel,88683,/catalog/accessories,107617
8000002033,9000000000003833,1,1737385560,1,15,organic,search-engine,desktop,Edge,France,Ile-de-France,0,2,/catalog/apparel,0,/catalog/accessories,46929,/catalog/accessories,148167
8000000506,9000000000003834,1,1737215280,6,15,cpc,paid-media,tablet,Chrome,United Kingdom,England,0,1,/catalog/apparel,0,/catalog/apparel,9909,,
8000000899,9000000000003835,1,1735779720,4,1,organic,search-engine,desktop,Edge,United Kingdom,England,0,1,/catalog/apparel,0,,,,
8000000765,9000000000003836,1,1736560140,6,1,(none),(direct),mobile,Chrome,Spain,Madrid,0,2,/catalog/accessories,0,/catalog/electronics,53521,/catalog/electronics,172296
8000002714,9000000000003837,0,1738059660,2,10,organic,search-engine,desktop,Firefox,Spain,Madrid,0,1,/catalog/accessories,0,/checkout,46923,,
8000000663,9000000000003838,1,1737752820,5,21,organic,search-engine,desktop,Edge,Spain,Madrid,0,1,/catalog/accessories,0,/catalog/electronics,13243,,
8000000501,9000000000003839,1,1735887780,5,7,email,newsletter,mobile,Chrome,France,Ile-de-France,0,1,/catalog/accessories,0,,,,
8000000374,9000000000003840,1,1737859380,7,2,email,newsletter,mobile,Firefox,France,Ile-de-France,0,1,/product/featured-item,0,/product/featured-item,14586,/product/featured-item,80013
8000001965,9000000000003841,1,1738218360,4,6,referral,partner.example,mobile,Chrome,Portugal,Lisbon,0,1,/catalog/electronics,0,,,,
8000000706,9000000000003842,1,1737199380,6,11,email,newsletter,mobile,Firefox,Spain,Madrid,0,2,/product/featured-item,0,,,,
8000003087,9000000000003843,1,1736126880,1,1,referral,partner.example,desktop,Firefox,France,Ile-de-France,0,1,/catalog/apparel,0,,,,
8000000248,9000000000003844,1,1736234160,2,7,email,newsletter,mobile,Chrome,Spain,Madrid,0,1,/catalog/electronics,0,/catalog/apparel,41631,/catalog/accessories,152792
8000002631,9000000000003845,1,1737569640,3,18,(none),(direct),mobile,Safari,Portugal,Lisbon,0,2,/catalog/electronics,0,,,,
8000001943,9000000000003846,1,1735782120,4,1,referral,partner.example,desktop,Edge,France,Ile-de-France,0,1,/catalog/accessories,0,/product/featured-item,82291,,
8000001651,9000000000003847,1,1738331400,5,13,(none),(direct),desktop,Edge,France,Ile-de-France,0,1,/catalog/electronics,0,/catalog/accessories,40005,/basket,123024
8000002895,9000000000003848,1,1737273780,7,8,referral,partner.example,desktop,Firefox,Germany,Berlin,0,1,/catalog/apparel,0,/catalog/apparel,39051,/catalog/accessories,106469
8000000187,9000000000003849,0,1736063700,7,7,organic,search-engine,desktop,Safari,Germany,Berlin,0,1,/catalog/accessories,0,,,,
8000002335,9000000000003850,0,1736568000,6,4,referral,partner.example,mobile,Chrome,Spain,Madrid,0,1,/catalog/electronics,0,/basket,16641,/product/featured-item,71893
8000003026,9000000000003851,1,1738133220,3,6,cpc,paid-media,desktop,Edge,France,Ile-de-France,0,1,/product/featured-item,0,,,,
8000002159,9000000000003852,1,1737970380,1,9,email,newsletter,mobile,Safari,Portugal,Lisbon,0,1,/catalog/accessories,0,/product/featured-item,33441,,
8000002651,9000000000003853,0,1737140340,5,18,(none),(direct),desktop,Firefox,Spain,Madrid,0,1,/product/featured-item,0,/catalog/accessories,41627,/catalog/electronics,88049
8000003485,9000000000003854,1,1736501520,5,9,cpc,paid-media,desktop,Firefox,France,Ile-de-France,0,1,/catalog/electronics,0,/basket,70047,,
8000002569,9000000000003855,1,1735947060,5,23,organic,search-engine,mobile,Firefox,Germany,Berlin,0,1,/catalog/accessories,0,/checkout,65877,/catalog/accessories,176050
8000000947,9000000000003856,1,1737425880,2,2,(none),(direct),mobile,Chrome,Germany,Berlin,0,1,/product/featured-item,0,/catalog/apparel,62101,/checkout,79400
8000000692,9000000000003857,1,1737615480,4,6,cpc,paid-media,mobile,Edge,France,Ile-de-France,0,4,/catalog/accessories,0,,,,
8000001536,9000000000003858,1,1736182740,1,16,cpc,paid-media,mobile,Chrome,Spain,Madrid,0,1,/catalog/electronics,0,,,,
8000001340,9000000000003859,1,1736809860,1,23,organic,search-engine,mobile,Edge,France,Ile-de-France,0,1,/home,0,/checkout,85463,/basket,193258
8000001951,9000000000003860,0,1737427440,2,2,organic,search-engine,mobile,Firefox,France,Ile-de-France,0,1,/catalog/electronics,0,/catalog/accessories,27669,/catalog/accessories,43284
8000000705,9000000000003861,1,1737071520,4,23,(none),(direct),desktop,Firefox,Spain,Madrid,0,2,/catalog/apparel,0,/basket,35860,/basket,44710
8000001338,9000000000003862,0,1736100900,7,18,cpc,paid-media,desktop,Firefox,United Kingdom,England,0,1,/catalog/accessories,0,/catalog/electronics,22407,/basket,123929
8000000633,9000000000003863,1,1737676440,4,23,referral,partner.example,mobile,Safari,Portugal,Lisbon,0,1,/catalog/apparel,0,/catalog/apparel,76820,/catalog/accessories,132011
8000002925,9000000000003864,1,1735932180,5,19,organic,search-engine,mobile,Firefox,United Kingdom,England,0,1,/product/featured-item,0,/catalog/apparel,32392,,
8000000978,9000000000003865,0,1736321820,3,7,organic,search-engine,mobile,Chrome,France,Ile-de-France,0,1,/product/featured-item,0,/basket,2140,/catalog/electronics,59514
8000001591,9000000000003866,1,1738160400,3,14,organic,search-engine,mobile,Firefox,France,Ile-de-France,0,1,/catalog/electronics,0,,,,
8000001025,9000000000003867,1,1737971700,1,9,email,newsletter,desktop,Chrome,Portugal,Lisbon,0,1,/catalog/electronics,0,,,,
8000002014,9000000000003868,1,1737277800,7,9,organic,search-engine,desktop,Edge,Germany,Berlin,0,1,/catalog/apparel,0,/catalog/accessories,63112,/product/featured-item,106405
8000002362,9000000000003869,1,1737292860,7,13,organic,search-engine,desktop,Safari,Germany,Berlin,0,1,/catalog/electronics,0,/catalog/apparel,29760,,
8000003387,9000000000003870,1,1735873080,5,2,email,newsletter,desktop,Edge,Portugal,Lisbon,0,1,/product/featured-item,0,,,,
8000001362,9000000000003871,1,1737681840,5,1,(none),(direct),desktop,Edge,Germany,Berlin,1,1,/product/featured-item,0,/catalog/electronics,65720,/basket,169137
8000001845,9000000000003872,1,1736528820,5,17,(none),(direct),mobile,Safari,United Kingdom,England,0,3,/product/featured-item,0,/catalog/apparel,47884,/catalog/electronics,72444
8000000912,9000000000003873,1,1737121320,5,13,referral,partner.example,desktop,Safari,Germany,Berlin,0,1,/product/featured-item,0,/catalog/apparel,54105,/checkout,141693
8000002791,9000000000003874,1,1738086060,2,17,cpc,paid-media,desktop,Firefox,Germany,Berlin,0,1,/catalog/accessories,0,/catalog/apparel,56803,,
8000000532,9000000000003875,1,1737526200,3,6,(none),(direct),desktop,Chrome,United Kingdom,England,0,1,/catalog/electronics,0,/catalog/apparel,12144,/product/featured-item,111302
8000000299,9000000000003876,0,1735887960,5,7,referral,partner.example,tablet,Firefox,Germany,Berlin,0,1,/product/featured-item,0,,,,
8000003065,9000000000003877,1,1735864560,5,0,email,newsletter,desktop,Edge,Germany,Berlin,0,3,/home,0,,,,
8000001353,9000000000003878,1,1735731300,3,11,referral,partner.example,desktop,Firefox,Spain,Madrid,0,2,/catalog/electronics,0,/product/featured-item,37943,,
8000000040,9000000000003879,1,1736846040,2,9,(none),(direct),mobile,Edge,France,Ile-de-France,0,1,/catalog/electronics,0,,,,
8000002999,9000000000003880,1,1736614860,6,17,referral,partner.example,mobile,Chrome,Germany,Berlin,0,1,/product/featured-item,0,/catalog/apparel,66406,,
8000002914,9000000000003881,0,1736363400,3,19,cpc,paid-media,desktop,Safari,United Kingdom,England,0,3,/catalog/apparel,0,/basket,19136,/catalog/electronics,136523
8000002238,9000000000003882,0,1736701080,7,16,organic,search-engine,mobile,Chrome,France,Ile-de-France,0,1,/catalog/accessories,0,,,,
8000002784,9000000000003883,0,1737594960,4,1,referral,partner.example,desktop,Safari,France,Ile-de-France,0,1,/home,0,,,,
8000002047,9000000000003884,1,1737991080,1,15,(none),(direct),desktop,Edge,France,Ile-de-France,0,2,/home,0,/catalog/accessories,63853,,
8000001441,9000000000003885,1,1738184580,3,21,(none),(direct),desktop,Edge,Germany,Berlin,1,1,/home,0,/product/featured-item,4900,/checkout,69988
8000000104,9000000000003886,1,1735884060,5,6,referral,partner.example,mobile,Edge,Germany,Berlin,0,1,/home,0,,,,
8000001151,9000000000003887,0,1737539040,3,9,organic,search-engine,mobile,Firefox,United Kingdom,England,0,1,/catalog/apparel,0,/catalog/accessories,16609,/catalog/accessories,46910
8000002044,9000000000003888,1,1737925920,7,21,referral,partner.example,mobile,Firefox,Spain,Madrid,0,2,/catalog/accessories,0,,,,
8000001066,9000000000003889,0,1736310060,3,4,cpc,paid-media,mobile,Safari,Spain,Madrid,0,1,/catalog/accessories,0,/checkout,53802,,
8000000122,9000000000003890,1,1738359660,5,21,cpc,paid-media,desktop,Edge,United Kingdom,England,0,3,/product/featured-item,0,/basket,15738,,
8000000105,9000000000003891,1,1738007700,1,19,(none),(direct),mobile,Edge,Portugal,Lisbon,0,2,/catalog/electronics,0,/basket,83916,,
8000000601,9000000000003892,1,1736746080,1,5,email,newsletter,desktop,Safari,Spain,Madrid,0,1,/catalog/electronics,0,/catalog/electronics,66032,,
8000000736,9000000000003893,1,1736418480,4,10,referral,partner.example,desktop,Chrome,France,Ile-de-France,0,1,/product/featured-item,0,,,,
8000000769,9000000000003894,1,1736420580,4,11,(none),(direct),mobile,Edge,Germany,Berlin,0,1,/catalog/accessories,0,/catalog/apparel,10977,/basket,68300
8000003413,9000000000003895,1,1738020900,1,23,email,newsletter,mobile,Safari,Spain,Madrid,0,1,/catalog/electronics,0,/product/featured-item,46698,/catalog/accessories,157217
8000001619,9000000000003896,1,1736888220,2,20,cpc,paid-media,desktop,Safari,Portugal,Lisbon,0,2,/home,0,/catalog/accessories,2500,,
8000002388,9000000000003897,1,1736032740,6,23,(none),(direct),desktop,Firefox,Germany,Berlin,0,4,/home,0,/catalog/electronics,30483,,
8000001550,9000000000003898,1,1737490980,2,20,cpc,paid-media,mobile,Edge,France,Ile-de-France,0,1,/catalog/electronics,0,/basket,80242,,
8000000252,9000000000003899,1,1736412240,4,8,referral,partner.example,desktop,Firefox,France,Ile-de-France,0,1,/catalog/accessories,0,,,,
8000000961,9000000000003900,1,1737460260,2,11,organic,search-engine,mobile,Chrome,Spain,Madrid,0,2,/catalog/apparel,0,,,,
8000001761,9000000000003901,1,1736466300,4,23,organic,search-engine,desktop,Safari,Germany,Berlin,0,1,/catalog/apparel,0,,,,
8000002785,9000000000003902,0,1736875200,2,17,referral,partner.example,tablet,Safari,Portugal,Lisbon,0,4,/home,0,,,,
8000002737,9000000000003903,0,1737955800,1,5,organic,search-engine,mobile,Safari,France,Ile-de-France,0,2,/catalog/accessories,0,/catalog/apparel,25154,/catalog/accessories,104607
8000000061,9000000000003904,1,1737679680,5,0,referral,partner.example,desktop,Safari,Germany,Berlin,0,4,/catalog/accessories,0,/catalog/electronics,30519,/product/featured-item,74177
8000000923,9000000000003905,1,1735946880,5,23,cpc,paid-media,tablet,Edge,United Kingdom,England,0,1,/catalog/apparel,0,,,,
8000003112,9000000000003906,0,1737058920,4,20,email,newsletter,desktop,Safari,Portugal,Lisbon,0,1,/product/featured-item,0,,,,
8000000682,9000000000003907,0,1736962200,3,17,email,newsletter,desktop,Safari,Germany,Berlin,0,1,/product/featured-item,0,/catalog/accessories,54174,,
8000002974,9000000000003908,1,1736691120,7,14,email,newsletter,mobile,Edge,Portugal,Lisbon,0,1,/home,0,/basket,17531,,
8000003099,9000000000003909,1,1737908040,7,16,(none),(direct),tablet,Safari,Germany,Berlin,0,1,/catalog/accessories,0,,,,
8000001320,9000000000003910,1,1736667900,7,7,cpc,paid-media,desktop,Firefox,Spain,Madrid,0,2,/home,0,/basket,31233,,
8000001766,9000000000003911,1,1736084640,7,13,cpc,paid-media,mobile,Safari,France,Ile-de-France,0,1,/home,0,/catalog/accessories,89581,/catalog/accessories,195558
8000000521,9000000000003912,1,1737648420,4,16,email,newsletter,desktop,Firefox,Germany,Berlin,0,2,/catalog/electronics,0,/catalog/electronics,24816,,
8000002547,9000000000003913,1,1737463200,2,12,referral,partner.example,tablet,Safari,Germany,Berlin,0,1,/home,0,/catalog/accessories,74694,,
8000002642,9000000000003914,1,1737172080,6,3,cpc,paid-media,mobile,Firefox,Germany,Berlin,0,1,/home,0,/checkout,35796,,
8000002489,9000000000003915,1,1736255100,2,13,email,newsletter,desktop,Safari,Portugal,Lisbon,0,1,/catalog/accessories,0,/catalog/electronics,15475,/catalog/accessories,74420
8000000201,9000000000003916,1,1736580960,6,7,(none),(direct),mobile,Edge,Spain,Madrid,0,1,/product/featured-item,0,,,,
8000002590,9000000000003917,1,1735915320,5,14,(none),(direct),desktop,Chrome,France,Ile-de-France,0,1,/catalog/accessories,0,/checkout,53421,,
8000002648,9000000000003918,0,1736956200,3,15,referral,partner.example,desktop,Edge,United Kingdom,England,0,1,/catalog/accessories,0,/catalog/apparel,83220,,
8000000831,9000000000003919,1,1737100980,5,8,(none),(direct),mobile,Firefox,France,Ile-de-France,0,1,/catalog/electronics,0,/catalog/apparel,63097,,
8000002882,9000000000003920,1,1738275060,4,22,(none),(direct),desktop,Edge,France,Ile-de-France,0,1,/catalog/apparel,0,,,,
8000001725,9000000000003921,0,1737283080,7,10,referral,partner.example,desktop,Firefox,Portugal,Lisbon,0,1,/catalog/accessories,0,/catalog/apparel,29811,,
8000001422,9000000000003922,1,1736457420,4,21,(none),(direct),desktop,Firefox,France,Ile-de-France,0,1,/catalog/apparel,0,,,,
8000002486,9000000000003923,1,1736726340,7,23,(none),(direct),desktop,Chrome,Portugal,Lisbon,0,1,/catalog/apparel,0,/checkout,44633,/catalog/electronics,137659
8000002871,9000000000003924,1,1738112760,3,1,email,newsletter,mobile,Firefox,Portugal,Lisbon,0,2,/home,0,/basket,11335,,
8000002375,9000000000003925,1,1737267840,7,6,cpc,paid-media,mobile,Firefox,Spain,Madrid,0,1,/catalog/accessories,0,/catalog/accessories,66831,,
8000000651,9000000000003926,1,1738323060,5,11,cpc,paid-media,mobile,Firefox,Germany,Berlin,0,3,/catalog/electronics,0,,,,
8000001558,9000000000003927,1,1736599740,6,12,organic,search-engine,tablet,Chrome,Germany,Berlin,0,1,/catalog/accessories,0,/basket,86510,,
8000003140,9000000000003928,1,1736076720,7,11,(none),(direct),mobile,Chrome,Portugal,Lisbon,0,1,/product/featured-item,0,/catalog/accessories,7472,/basket,45116
8000000627,9000000000003929,1,1737905700,7,15,referral,partner.example,desktop,Firefox,United Kingdom,England,0,1,/home,0,/catalog/electronics,2573,/catalog/electronics,28079
8000001245,9000000000003930,1,1737424440,2,1,email,newsletter,mobile,Safari,Germany,Berlin,0,1,/home,0,/basket,44205,/product/featured-item,62791
8000001035,9000000000003931,1,1738100760,2,21,cpc,paid-media,desktop,Safari,France,Ile-de-France,0,2,/product/featured-item,0,/basket,32394,/catalog/electronics,60029
8000002229,9000000000003932,1,1736898840,2,23,cpc,paid-media,desktop,Safari,United Kingdom,England,0,2,/product/featured-item,0,,,,
8000000565,9000000000003933,1,1736847960,2,9,organic,search-engine,desktop,Safari,Portugal,Lisbon,0,1,/product/featured-item,0,/catalog/apparel,36464,/product/featured-item,143917
8000000996,9000000000003934,1,1736832480,2,5,organic,search-engine,tablet,Firefox,Germany,Berlin,0,1,/catalog/apparel,0,,,,
8000003076,9000000000003935,1,1738168740,3,16,organic,search-engine,tablet,Safari,Germany,Berlin,0,1,/catalog/electronics,0,/checkout,15090,,
8000002747,9000000000003936,1,1735755900,3,18,cpc,paid-media,mobile,Chrome,United Kingdom,England,0,1,/home,0,/catalog/accessories,85200,/basket,174468
8000002229,9000000000003937,0,1735928460,5,18,referral,partner.example,mobile,Edge,Spain,Madrid,0,3,/catalog/apparel,0,,,,
8000003268,9000000000003938,1,1738324620,5,11,email,newsletter,desktop,Safari,France,Ile-de-France,0,1,/catalog/electronics,0,/catalog/electronics,11110,/product/featured-item,92503
8000002843,9000000000003939,1,1736416320,4,9,(none),(direct),desktop,Chrome,United Kingdom,England,0,1,/catalog/apparel,0,,,,
8000002058,9000000000003940,1,1736721480,7,22,(none),(direct),desktop,Chrome,Spain,Madrid,0,1,/product/featured-item,0,/checkout,3313,/catalog/accessories,84900
8000002765,9000000000003941,1,1737125640,5,14,cpc,paid-media,desktop,Edge,Germany,Berlin,0,1,/catalog/apparel,0,/basket,13748,/checkout,18966
8000002129,9000000000003942,1,1736414340,4,9,cpc,paid-media,desktop,Chrome,France,Ile-de-France,0,2,/catalog/accessories,0,,,,
8000002362,9000000000003943,1,1737219960,6,17,cpc,paid-media,desktop,Firefox,United Kingdom,England,0,2,/catalog/apparel,0,,,,
8000000112,9000000000003944,0,1735978320,6,8,organic,search-engine,mobile,Firefox,Portugal,Lisbon,0,1,/catalog/accessories,0,,,,
8000003170,9000000000003945,0,1736901360,3,0,(none),(direct),mobile,Chrome,Germany,Berlin,0,4,/catalog/apparel,0,/catalog/apparel,74006,/catalog/accessories,188135
8000000697,9000000000003946,0,1736093340,7,16,cpc,paid-media,desktop,Safari,United Kingdom,England,0,1,/home,0,/catalog/accessories,84197,/product/featured-item,164446
8000000856,9000000000003947,1,1736381400,4,0,organic,search-engine,mobile,Chrome,Portugal,Lisbon,0,1,/catalog/apparel,0,,,,
8000003082,9000000000003948,0,1738038840,2,4,cpc,paid-media,desktop,Chrome,France,Ile-de-France,0,1,/catalog/apparel,0,,,,
8000001898,9000000000003949,0,1735909140,5,12,organic,search-engine,desktop,Safari,United Kingdom,England,0,1,/catalog/electronics,0,/checkout,5027,,
8000001586,9000000000003950,1,1737378120,1,13,cpc,paid-media,mobile,Safari,United Kingdom,England,0,1,/catalog/accessories,0,/catalog/apparel,56774,,
8000002364,9000000000003951,0,1737056460,4,19,(none),(direct),desktop,Edge,United Kingdom,England,0,1,/product/featured-item,0,,,,
8000000701,9000000000003952,0,1738040700,2,5,email,newsletter,mobile,Edge,Portugal,Lisbon,0,1,/catalog/apparel,0,/checkout,11841,,
8000003118,9000000000003953,0,1737415740,1,23,cpc,paid-media,mobile,Safari,Germany,Berlin,0,1,/catalog/electronics,0,,,,
8000001197,9000000000003954,1,1737687300,5,2,email,newsletter,desktop,Firefox,France,Ile-de-France,0,1,/catalog/electronics,0,,,,
8000002962,9000000000003955,1,1735707180,3,4,email,newsletter,desktop,Edge,Germany,Berlin,0,1,/product/featured-item,0,,,,
8000001694,9000000000003956,1,1736790780,1,17,email,newsletter,desktop,Chrome,France,Ile-de-France,0,1,/catalog/apparel,0,/catalog/apparel,45434,/catalog/electronics,101544
8000001740,9000000000003957,1,1736721120,7,22,cpc,paid-media,tablet,Edge,Germany,Berlin,0,2,/catalog/electronics,0,/catalog/apparel,41243,,
8000000903,9000000000003958,1,1737684060,5,2,referral,partner.example,desktop,Edge,Portugal,Lisbon,0,1,/catalog/apparel,0,,,,
8000000114,9000000000003959,1,1738203780,4,2,(none),(direct),desktop,Firefox,France,Ile-de-France,0,1,/catalog/electronics,0,/catalog/accessories,75541,,
8000003449,9000000000003960,0,1736218140,2,2,cpc,paid-media,desktop,Edge,France,Ile-de-France,0,1,/catalog/electronics,0,,,,
8000002581,9000000000003961,1,1736049780,7,4,email,newsletter,mobile,Safari,Spain,Madrid,0,2,/product/featured-item,0,,,,
8000001283,9000000000003962,1,1736568840,6,4,referral,partner.example,desktop,Firefox,France,Ile-de-France,0,1,/catalog/accessories,0,/checkout,10721,,
8000003121,9000000000003963,1,1738226340,4,8,(none),(direct),mobile,Chrome,Spain,Madrid,0,1,/catalog/electronics,0,/checkout,2919,/product/featured-item,79805
8000002734,9000000000003964,1,1736876820,2,17,(none),(direct),desktop,Chrome,Portugal,Lisbon,0,1,/product/featured-item,0,/catalog/electronics,29518,,
8000002941,9000000000003965,1,1736068260,7,9,organic,search-engine,desktop,Edge,Portugal,Lisbon,0,2,/catalog/accessories,0,/catalog/electronics,15368,,
8000000253,9000000000003966,0,1735799640,4,6,email,newsletter,mobile,Firefox,France,Ile-de-France,0,1,/catalog/accessories,0,,,,
8000000689,9000000000003967,1,1736039580,7,1,organic,search-engine,mobile,Edge,Spain,Madrid,0,1,/product/featured-item,0,/basket,69328,,
8000000148,9000000000003968,1,1737518880,3,4,(none),(direct),desktop,Safari,France,Ile-de-France,0,1,/catalog/electronics,0,/checkout,17833,/catalog/accessories,99291
8000003110,9000000000003969,1,1737521460,3,4,organic,search-engine,tablet,Chrome,Germany,Berlin,0,4,/catalog/electronics,0,,,,
8000000380,9000000000003970,1,1738325760,5,12,cpc,paid-media,mobile,Safari,Portugal,Lisbon,0,1,/product/featured-item,0,/catalog/electronics,73037,,
8000001283,9000000000003971,0,1737105240,5,9,(none),(direct),mobile,Edge,United Kingdom,England,0,1,/catalog/apparel,0,,,,
8000000559,9000000000003972,1,1737324780,7,22,(none),(direct),mobile,Firefox,Portugal,Lisbon,0,1,/catalog/electronics,0,,,,
8000000086,9000000000003973,1,1737748920,5,20,referral,partner.example,desktop,Chrome,Portugal,Lisbon,0,3,/catalog/accessories,0,/catalog/accessories,12086,,
8000001497,9000000000003974,1,1737995220,1,16,cpc,paid-media,mobile,Firefox,France,Ile-de-France,0,2,/product/featured-item,0,,,,
8000001418,9000000000003975,1,1738185600,3,21,cpc,paid-media,desktop,Edge,Germany,Berlin,0,2,/product/featured-item,0,/basket,13144,,
8000002040,9000000000003976,0,1735700280,3,2,organic,search-engine,mobile,Chrome,Portugal,Lisbon,0,1,/catalog/apparel,0,,,,
8000000958,9000000000003977,1,1737550500,3,12,(none),(direct),desktop,Edge,Spain,Madrid,0,2,/home,0,/catalog/apparel,84509,/catalog/electronics,144465
8000000593,9000000000003978,1,1737615060,4,6,(none),(direct),desktop,Chrome,United Kingdom,England,0,1,/catalog/apparel,0,/catalog/accessories,82777,,
8000000708,9000000000003979,1,1735888200,5,7,(none),(direct),mobile,Safari,Spain,Madrid,0,2,/home,0,,,,
8000002473,9000000000003980,0,1737619500,4,8,(none),(direct),mobile,Safari,United Kingdom,England,0,1,/catalog/accessories,0,/catalog/electronics,6507,,
8000002549,9000000000003981,0,1738014300,1,21,organic,search-engine,desktop,Safari,Spain,Madrid,0,2,/home,0,/catalog/accessories,18305,/catalog/accessories,90975
8000000978,9000000000003982,0,1737633720,4,12,cpc,paid-media,mobile,Edge,Spain,Madrid,0,1,/catalog/accessories,0,/catalog/accessories,46747,,
8000002897,9000000000003983,1,1738202700,4,2,organic,search-engine,desktop,Safari,Spain,Madrid,0,1,/catalog/accessories,0,/catalog/electronics,67645,,
8000000639,9000000000003984,1,1738100760,2,21,cpc,paid-media,mobile,Edge,United Kingdom,England,0,1,/product/featured-item,0,/catalog/electronics,61203,/catalog/accessories,64342
8000000561,9000000000003985,1,1736105460,7,19,referral,partner.example,desktop,Firefox,Germany,Berlin,0,1,/catalog/apparel,0,,,,
8000001593,9000000000003986,1,1736288700,2,22,(none),(direct),desktop,Chrome,Spain,Madrid,0,1,/catalog/accessories,0,,,,
8000001050,9000000000003987,1,1738071420,2,13,cpc,paid-media,desktop,Firefox,United Kingdom,England,0,1,/product/featured-item,0,/basket,71027,/checkout,110422
8000001139,9000000000003988,1,1738024500,2,0,cpc,paid-media,desktop,Firefox,France,Ile-de-France,0,4,/home,0,/catalog/accessories,39859,,
8000001835,9000000000003989,1,1737108000,5,10,cpc,paid-media,desktop,Firefox,France,Ile-de-France,0,1,/catalog/accessories,0,/catalog/electronics,39159,,
8000001987,9000000000003990,1,1736906400,3,2,(none),(direct),desktop,Edge,France,Ile-de-France,0,1,/catalog/accessories,0,,,,
8000000071,9000000000003991,0,1737892620,7,11,(none),(direct),desktop,Chrome,Portugal,Lisbon,0,1,/catalog/electronics,0,/catalog/apparel,12019,/checkout,45161
8000002880,9000000000003992,0,1738085700,2,17,(none),(direct),mobile,Safari,France,Ile-de-France,0,2,/catalog/electronics,0,/catalog/accessories,65401,,
8000003023,9000000000003993,1,1736169240,1,13,email,newsletter,desktop,Safari,Spain,Madrid,0,1,/home,0,/catalog/apparel,2196,/product/featured-item,98119
8000000763,9000000000003994,0,1736821920,2,2,cpc,paid-media,desktop,Chrome,Spain,Madrid,0,1,/home,0,,,,
8000002455,9000000000003995,0,1737588840,3,23,email,newsletter,desktop,Edge,Germany,Berlin,0,3,/catalog/apparel,0,/checkout,32767,/basket,112854
8000000927,9000000000003996,0,1737155580,5,23,referral,partner.example,desktop,Safari,Portugal,Lisbon,0,3,/catalog/apparel,0,/basket,73574,/basket,192561
8000000652,9000000000003997,1,1736034060,6,23,(none),(direct),mobile,Firefox,France,Ile-de-France,0,2,/product/featured-item,0,,,,
8000002892,9000000000003998,1,1737964020,1,7,(none),(direct),tablet,Chrome,Portugal,Lisbon,0,1,/product/featured-item,0,/catalog/apparel,37424,,
8000000964,9000000000003999,1,1736811420,1,23,referral,partner.example,mobile,Firefox,Portugal,Lisbon,0,1,/catalog/accessories,0,/catalog/accessories,43832,/checkout,90318
8000002310,9000000000004000,0,1738352400,5,19,cpc,paid-media,mobile,Safari,United Kingdom,England,0,1,/catalog/accessories,0,/checkout,76069,/catalog/accessories,166539
8000003176,9000000000004001,0,1736460180,4,22,organic,search-engine,mobile,Edge,United Kingdom,England,0,1,/catalog/electronics,0,,,,
8000000790,9000000000004002,1,1736560740,6,1,referral,partner.example,desktop,Edge,Spain,Madrid,0,1,/product/featured-item,0,/basket,24374,,
8000003018,9000000000004003,0,1735801260,4,7,cpc,paid-media,desktop,Chrome,Spain,Madrid,0,1,/catalog/accessories,0,/catalog/accessories,79077,/checkout,137657
8000003488,9000000000004004,1,1736127960,1,1,(none),(direct),tablet,Chrome,Spain,Madrid,0,1,/product/featured-item,0,/catalog/accessories,83721,,
8000002388,9000000000004005,1,1738160940,3,14,organic,search-engine,desktop,Firefox,United Kingdom,England,0,1,/catalog/electronics,0,/catalog/apparel,66619,,
8000001468,9000000000004006,1,1735911120,5,13,organic,search-engine,mobile,Chrome,Portugal,Lisbon,0,1,/catalog/apparel,0,/catalog/electronics,63180,/catalog/accessories,122534
8000000911,9000000000004007,0,1736072160,7,10,cpc,paid-media,desktop,Firefox,Germany,Berlin,0,1,/catalog/accessories,0,/catalog/apparel,52585,,
8000000980,9000000000004008,0,1737992160,1,15,cpc,paid-media,tablet,Firefox,Spain,Madrid,0,2,/catalog/accessories,0,/product/featured-item,13937,,
8000002060,9000000000004009,1,1735982640,6,9,cpc,paid-media,desktop,Chrome,Portugal,Lisbon,0,1,/catalog/apparel,0,,,,
8000001668,9000000000004010,1,1736451180,4,19,cpc,paid-media,tablet,Chrome,France,Ile-de-France,0,2,/catalog/apparel,0,,,,
8000003091,9000000000004011,0,1736029440,6,22,organic,search-engine,desktop,Safari,Spain,Madrid,0,1,/catalog/apparel,0,/catalog/apparel,40642,/basket,115648
8000000625,9000000000004012,0,1737953520,1,4,referral,partner.example,desktop,Edge,Germany,Berlin,0,1,/catalog/accessories,0,/checkout,31168,,
8000001518,9000000000004013,1,1737081180,5,2,(none),(direct),tablet,Firefox,Portugal,Lisbon,0,1,/catalog/electronics,0,/catalog/electronics,28741,/product/featured-item,88539
8000001573,9000000000004014,1,1736183760,1,17,referral,partner.example,desktop,Firefox,Germany,Berlin,0,3,/catalog/apparel,0,/product/featured-item,38371,/basket,145850
8000001206,9000000000004015,1,1736360760,3,18,organic,search-engine,desktop,Edge,Germany,Berlin,0,1,/catalog/electronics,0,/catalog/accessories,8894,/checkout,60103
8000000164,9000000000004016,1,1738232940,4,10,referral,partner.example,desktop,Chrome,United Kingdom,England,0,1,/home,0,,,,
8000001426,9000000000004017,0,1737184080,6,7,email,newsletter,desktop,Firefox,United Kingdom,England,0,1,/catalog/apparel,0,/catalog/accessories,85778,,
8000001045,9000000000004018,1,1735708560,3,5,organic,search-engine,desktop,Safari,France,Ile-de-France,0,1,/catalog/accessories,0,/checkout,56511,/catalog/accessories,168315
8000001443,9000000000004019,0,1737666120,4,21,referral,partner.example,desktop,Edge,France,Ile-de-France,0,1,/catalog/accessories,0,/basket,76075,/checkout,179255
8000003006,9000000000004020,1,1736839500,2,7,referral,partner.example,mobile,Safari,Portugal,Lisbon,0,2,/catalog/accessories,0,,,,
8000001654,9000000000004021,1,1737715140,5,10,email,newsletter,mobile,Edge,Germany,Berlin,0,1,/catalog/electronics,0,,,,
8000003286,9000000000004022,1,1737581760,3,21,referral,partner.example,mobile,Firefox,Spain,Madrid,1,1,/home,0,/basket,54960,/checkout,114511
8000003466,9000000000004023,1,1738058520,2,10,referral,partner.example,mobile,Safari,Spain,Madrid,0,1,/catalog/apparel,0,,,,
8000000887,9000000000004024,1,1737416220,1,23,organic,search-engine,desktop,Firefox,Portugal,Lisbon,0,2,/catalog/electronics,0,,,,
8000000781,9000000000004025,1,1736940660,3,11,organic,search-engine,mobile,Safari,United Kingdom,England,0,2,/home,0,,,,
8000002305,9000000000004026,1,1736655660,7,4,cpc,paid-media,desktop,Edge,Portugal,Lisbon,0,1,/product/featured-item,0,/catalog/electronics,16201,,
8000003405,9000000000004027,1,1738271040,4,21,email,newsletter,desktop,Firefox,Portugal,Lisbon,0,1,/home,0,/product/featured-item,31115,/catalog/accessories,53259
8000001869,9000000000004028,1,1735994760,6,12,referral,partner.example,mobile,Chrome,Spain,Madrid,0,1,/catalog/electronics,0,,,,
8000003415,9000000000004029,0,1737493920,2,21,(none),(direct),desktop,Safari,Germany,Berlin,0,1,/product/featured-item,0,/checkout,15838,/catalog/electronics,72383
8000000694,9000000000004030,0,1737617640,4,7,email,newsletter,desktop,Edge,Portugal,Lisbon,0,1,/home,0,/catalog/apparel,87434,,
8000002435,9000000000004031,0,1737506040,3,0,organic,search-engine,desktop,Chrome,Spain,Madrid,0,1,/catalog/electronics,0,/checkout,51974,,
8000000385,9000000000004032,1,1735702260,3,3,(none),(direct),mobile,Chrome,Spain,Madrid,0,1,/catalog/apparel,0,,,,
8000003074,9000000000004033,1,1736241900,2,9,referral,partner.example,mobile,Chrome,Spain,Madrid,0,1,/home,0,,,,
8000000500,9000000000004034,0,1735990980,6,11,(none),(direct),mobile,Edge,Germany,Berlin,0,1,/catalog/electronics,0,/catalog/electronics,52073,,
8000003454,9000000000004035,1,1735944300,5,22,organic,search-engine,mobile,Safari,Portugal,Lisbon,0,1,/product/featured-item,0,/catalog/electronics,25523,/basket,100745
8000001562,9000000000004036,1,1736701260,7,17,referral,partner.example,mobile,Edge,United Kingdom,England,0,1,/home,0,,,,
8000000258,9000000000004037,1,1737595440,4,1,organic,search-engine,mobile,Edge,Spain,Madrid,0,1,/home,0,,,,
8000000644,9000000000004038,0,1736772540,1,12,referral,partner.example,mobile,Firefox,Portugal,Lisbon,0,2,/catalog/accessories,0,,,,
8000002608,9000000000004039,0,1737753480,5,21,organic,search-engine,desktop,Chrome,Germany,Berlin,0,4,/catalog/apparel,0,,,,
8000001206,9000000000004040,1,1736246580,2,10,email,newsletter,mobile,Firefox,Spain,Madrid,0,1,/catalog/electronics,0,/catalog/accessories,17121,,
8000002039,9000000000004041,1,1736180880,1,16,referral,partner.example,desktop,Safari,Spain,Madrid,0,1,/product/featured-item,0,/catalog/apparel,85568,,
8000001702,9000000000004042,1,1737457500,2,11,cpc,paid-media,mobile,Edge,Germany,Berlin,0,3,/product/featured-item,0,/basket,66119,,
8000000254,9000000000004043,0,1735862160,4,23,email,newsletter,mobile,Edge,Spain,Madrid,0,1,/catalog/electronics,0,/basket,60866,,
8000000130,9000000000004044,1,1738177740,3,19,referral,partner.example,mobile,Chrome,United Kingdom,England,0,3,/home,0,,,,
8000001053,9000000000004045,0,1737627180,4,10,organic,search-engine,tablet,Firefox,France,Ile-de-France,0,1,/catalog/accessories,0,,,,
8000003002,9000000000004046,1,1736887620,2,20,cpc,paid-media,desktop,Edge,Germany,Berlin,0,1,/catalog/apparel,0,,,,
8000001044,9000000000004047,1,1736347440,3,14,cpc,paid-media,desktop,Safari,United Kingdom,England,0,2,/catalog/electronics,0,/catalog/accessories,30177,,
8000001746,9000000000004048,0,1736949480,3,13,email,newsletter,mobile,Firefox,United Kingdom,England,0,4,/catalog/accessories,0,,,,
8000001404,9000000000004049,1,1738159020,3,13,email,newsletter,mobile,Chrome,Spain,Madrid,0,2,/catalog/apparel,0,,,,
8000001576,9000000000004050,1,1737324240,7,22,email,newsletter,mobile,Safari,United Kingdom,England,0,1,/catalog/accessories,0,/catalog/accessories,30190,,
8000002963,9000000000004051,1,1736651760,7,3,referral,partner.example,desktop,Edge,Germany,Berlin,0,2,/catalog/electronics,0,/catalog/accessories,70662,,
8000002748,9000000000004052,0,1737138900,5,18,email,newsletter,mobile,Chrome,Spain,Madrid,0,1,/catalog/apparel,0,,,,
8000003316,9000000000004053,1,1738188660,3,22,cpc,paid-media,mobile,Edge,Portugal,Lisbon,0,1,/home,0,,,,
8000000407,9000000000004054,1,1736911320,3,3,organic,search-engine,desktop,Firefox,Portugal,Lisbon,0,1,/home,0,/basket,29769,/basket,40830
8000000464,9000000000004055,1,1737098040,5,7,(none),(direct),desktop,Firefox,Germany,Berlin,0,1,/catalog/electronics,0,/basket,80661,,
8000003360,9000000000004056,1,1738070520,2,13,referral,partner.example,desktop,Firefox,France,Ile-de-France,0,1,/home,0,/checkout,14121,,
8000000146,9000000000004057,1,1736236680,2,7,cpc,paid-media,desktop,Firefox,Spain,Madrid,0,1,/catalog/electronics,0,,,,
8000002575,9000000000004058,1,1736431560,4,14,(none),(direct),desktop,Safari,United Kingdom,England,0,1,/home,0,/catalog/accessories,60361,,
8000000360,9000000000004059,0,1736906160,3,1,referral,partner.example,desktop,Firefox,Portugal,Lisbon,0,1,/catalog/apparel,0,/catalog/accessories,64356,,
8000001769,9000000000004060,0,1736837100,2,6,referral,partner.example,mobile,Edge,Portugal,Lisbon,0,2,/catalog/accessories,0,,,,
8000000815,9000000000004061,1,1737680100,5,0,referral,partner.example,mobile,Safari,United Kingdom,England,0,1,/product/featured-item,0,,,,
8000003413,9000000000004062,1,1736920260,3,5,email,newsletter,mobile,Firefox,France,Ile-de-France,0,1,/product/featured-item,0,/checkout,78540,/catalog/electronics,118920
8000002415,9000000000004063,1,1737594000,4,1,referral,partner.example,mobile,Safari,France,Ile-de-France,0,1,/catalog/accessories,0,,,,
8000001393,9000000000004064,1,1737045480,4,16,email,newsletter,desktop,Edge,France,Ile-de-France,0,1,/catalog/accessories,0,/catalog/apparel,82096,/product/featured-item,136453
8000003278,9000000000004065,1,1736789640,1,17,email,newsletter,desktop,Edge,Portugal,Lisbon,0,1,/catalog/apparel,0,,,,
8000003048,9000000000004066,1,1737384780,1,14,(none),(direct),desktop,Safari,Spain,Madrid,0,1,/catalog/accessories,0,/catalog/electronics,3100,,
8000000801,9000000000004067,1,1738028580,2,1,email,newsletter,mobile,Edge,Spain,Madrid,0,2,/catalog/electronics,0,,,,
8000002737,9000000000004068,1,1736547540,5,22,organic,search-engine,desktop,Chrome,France,Ile-de-France,0,2,/home,0,/catalog/electronics,6187,,
8000000257,9000000000004069,1,1737439020,2,5,email,newsletter,desktop,Safari,Spain,Madrid,0,2,/product/featured-item,0,,,,
8000002589,9000000000004070,1,1736383020,4,0,organic,search-engine,desktop,Chrome,France,Ile-de-France,0,1,/product/featured-item,0,/catalog/electronics,73780,/checkout,138117
8000000884,9000000000004071,0,1737060060,4,20,(none),(direct),mobile,Firefox,Portugal,Lisbon,0,1,/catalog/apparel,0,,,,
8000001355,9000000000004072,0,1737393060,1,17,referral,partner.example,mobile,Edge,Germany,Berlin,0,1,/catalog/apparel,0,/product/featured-item,28489,,
8000000001,9000000000004073,1,1738222320,4,7,(none),(direct),mobile,Edge,United Kingdom,England,0,1,/home,0,/basket,75184,,
8000001289,9000000000004074,1,1736563440,6,2,cpc,paid-media,mobile,Chrome,Spain,Madrid,1,1,/catalog/apparel,0,/basket,52309,/product/featured-item,103526
8000003002,9000000000004075,1,1737838560,6,20,email,newsletter,tablet,Safari,Germany,Berlin,0,1,/home,0,/basket,57098,,
8000000357,9000000000004076,1,1736947260,3,13,cpc,paid-media,mobile,Chrome,United Kingdom,England,0,1,/catalog/electronics,0,/catalog/apparel,7411,/catalog/electronics,60945
8000001024,9000000000004077,1,1736357160,3,17,referral,partner.example,mobile,Chrome,Portugal,Lisbon,0,2,/catalog/apparel,0,/catalog/accessories,48413,/catalog/accessories,102707
8000003275,9000000000004078,1,1738128000,3,5,(none),(direct),tablet,Firefox,Portugal,Lisbon,0,3,/catalog/accessories,0,,,,
8000000815,9000000000004079,0,1735806180,4,8,organic,search-engine,desktop,Edge,France,Ile-de-France,0,2,/catalog/electronics,0,,,,
8000001192,9000000000004080,1,1736165760,1,12,email,newsletter,mobile,Safari,France,Ile-de-France,0,1,/catalog/apparel,0,,,,
8000001503,9000000000004081,0,1736561280,6,2,referral,partner.example,mobile,Edge,Spain,Madrid,0,2,/catalog/electronics,0,/product/featured-item,68276,,
8000000240,9000000000004082,1,1736424240,4,12,email,newsletter,desktop,Firefox,Germany,Berlin,0,1,/catalog/electronics,0,/catalog/apparel,48808,,
8000000336,9000000000004083,1,1735875360,5,3,cpc,paid-media,desktop,Chrome,Germany,Berlin,0,1,/catalog/accessories,0,/checkout,35376,/basket,102447
8000000263,9000000000004084,1,1736399880,4,5,email,newsletter,desktop,Edge,France,Ile-de-France,0,1,/home,0,/product/featured-item,29571,,
8000000276,9000000000004085,1,1737860820,7,3,referral,partner.example,desktop,Safari,United Kingdom,England,0,1,/product/featured-item,0,/product/featured-item,74273,,
8000002587,9000000000004086,0,1738209840,4,4,referral,partner.example,desktop,Edge,United Kingdom,England,0,2,/catalog/apparel,0,/basket,15865,,
8000000395,9000000000004087,1,1737314820,7,19,email,newsletter,desktop,Edge,United Kingdom,England,0,2,/home,0,,,,
8000002095,9000000000004088,1,1735815360,4,10,(none),(direct),desktop,Edge,Germany,Berlin,0,1,/product/featured-item,0,,,,
8000003206,9000000000004089,0,1736029740,6,22,email,newsletter,desktop,Firefox,United Kingdom,England,0,2,/home,0,/catalog/accessories,54914,,
8000001997,9000000000004090,1,1737613320,4,6,referral,partner.example,desktop,Firefox,Portugal,Lisbon,0,1,/home,0,,,,
8000000981,9000000000004091,1,1736972040,3,20,referral,partner.example,mobile,Firefox,Germany,Berlin,0,1,/catalog/apparel,0,,,,
8000002015,9000000000004092,0,1737353160,1,6,email,newsletter,desktop,Edge,United Kingdom,England,0,1,/catalog/accessories,0,,,,
8000000452,9000000000004093,1,1737197040,6,10,referral,partner.example,mobile,Chrome,Germany,Berlin,0,2,/catalog/apparel,0,/catalog/apparel,27466,,
8000001177,9000000000004094,0,1736167260,1,12,referral,partner.example,mobile,Edge,Portugal,Lisbon,0,1,/catalog/accessories,0,/catalog/electronics,79693,/basket,136195
8000002645,9000000000004095,1,1736852580,2,11,cpc,paid-media,mobile,Edge,France,Ile-de-France,0,1,/product/featured-item,0,,,,
8000002702,9000000000004096,0,1736385120,4,1,organic,search-engine,mobile,Edge,France,Ile-de-France,0,1,/home,0,,,,
8000003191,9000000000004097,1,1737071160,4,23,organic,search-engine,desktop,Firefox,Portugal,Lisbon,0,1,/product/featured-item,0,/catalog/accessories,73494,/basket,167850
8000002305,9000000000004098,1,1737375780,1,12,referral,partner.example,desktop,Safari,France,Ile-de-France,0,1,/home,0,/product/featured-item,46494,/product/featured-item,146046
8000000105,9000000000004099,1,1737356520,1,7,email,newsletter,mobile,Edge,Spain,Madrid,0,1,/catalog/apparel,0,/checkout,60397,,
8000002921,9000000000004100,1,1735857180,4,22,cpc,paid-media,mobile,Edge,Portugal,Lisbon,0,1,/catalog/electronics,0,,,,
8000001861,9000000000004101,1,1736695920,7,15,email,newsletter,mobile,Firefox,Portugal,Lisbon,0,1,/catalog/electronics,0,,,,
8000000500,9000000000004102,0,1736129880,1,2,(none),(direct),desktop,Firefox,Portugal,Lisbon,0,1,/catalog/apparel,0,,,,
8000001374,9000000000004103,1,1737699480,5,6,referral,partner.example,desktop,Safari,Portugal,Lisbon,0,2,/home,0,,,,
8000000865,9000000000004104,0,1736003100,6,15,organic,search-engine,desktop,Edge,Germany,Berlin,0,1,/product/featured-item,0,/product/featured-item,67740,,
8000002042,9000000000004105,0,1738215960,4,5,(none),(direct),desktop,Firefox,United Kingdom,England,0,1,/product/featured-item,0,/catalog/electronics,66435,/checkout,149597
8000001955,9000000000004106,0,1736025000,6,21,organic,search-engine,desktop,Chrome,United Kingdom,England,0,3,/product/featured-item,0,/basket,86843,,
8000002902,9000000000004107,1,1736385240,4,1,referral,partner.example,mobile,Safari,United Kingdom,England,0,3,/catalog/electronics,0,,,,
8000002747,9000000000004108,1,1737721500,5,12,cpc,paid-media,desktop,Chrome,Germany,Berlin,0,1,/catalog/electronics,0,/checkout,41540,,
8000003319,9000000000004109,1,1736990940,4,1,organic,search-engine,mobile,Chrome,Portugal,Lisbon,0,1,/catalog/apparel,0,,,,
8000000162,9000000000004110,1,1737431460,2,3,cpc,paid-media,desktop,Firefox,Portugal,Lisbon,0,1,/catalog/electronics,0,,,,
8000001791,9000000000004111,1,1735898160,5,9,referral,partner.example,mobile,Edge,United Kingdom,England,0,1,/catalog/accessories,0,/checkout,84917,/catalog/accessories,176008
8000000844,9000000000004112,1,1737740220,5,17,cpc,paid-media,desktop,Chrome,Germany,Berlin,0,3,/catalog/apparel,0,/checkout,66345,,
8000001374,9000000000004113,0,1736869320,2,15,email,newsletter,desktop,Chrome,Portugal,Lisbon,0,1,/catalog/apparel,0,,,,
8000002725,9000000000004114,1,1737703260,5,7,referral,partner.example,mobile,Chrome,France,Ile-de-France,0,1,/home,0,/checkout,49536,,
8000000131,9000000000004115,1,1737733500,5,15,email,newsletter,mobile,Edge,Portugal,Lisbon,0,1,/catalog/apparel,0,/catalog/apparel,61134,,
8000000998,9000000000004116,1,1737619980,4,8,referral,partner.example,desktop,Edge,Spain,Madrid,0,2,/catalog/electronics,0,/checkout,84087,/catalog/accessories,143736
8000000666,9000000000004117,0,1735983900,6,9,cpc,paid-media,mobile,Safari,Germany,Berlin,0,1,/home,0,/checkout,40578,,
8000002028,9000000000004118,1,1736223480,2,4,cpc,paid-media,mobile,Chrome,United Kingdom,England,0,3,/catalog/accessories,0,,,,
8000000082,9000000000004119,1,1737617640,4,7,(none),(direct),desktop,Chrome,Portugal,Lisbon,0,1,/catalog/electronics,0,/catalog/electronics,37971,,
8000002864,9000000000004120,0,1738221360,4,7,email,newsletter,desktop,Edge,Germany,Berlin,0,2,/catalog/electronics,0,/product/featured-item,57589,/product/featured-item,101062
8000000668,9000000000004121,1,1736531760,5,17,cpc,paid-media,desktop,Safari,Germany,Berlin,0,2,/product/featured-item,0,/checkout,25322,,
8000003227,9000000000004122,1,1736029260,6,22,cpc,paid-media,desktop,Edge,Germany,Berlin,1,2,/catalog/accessories,0,/product/featured-item,24447,,
8000001254,9000000000004123,0,1737014040,4,7,referral,partner.example,desktop,Safari,France,Ile-de-France,1,1,/catalog/electronics,0,,,,
8000002051,9000000000004124,1,1738194840,3,23,organic,search-engine,desktop,Edge,France,Ile-de-France,0,1,/catalog/accessories,0,/catalog/electronics,80224,,
8000002462,9000000000004125,1,1738249920,4,15,(none),(direct),desktop,Edge,France,Ile-de-France,0,1,/catalog/electronics,0,/catalog/accessories,78193,,
8000002053,9000000000004126,1,1737540840,3,10,organic,search-engine,mobile,Firefox,Spain,Madrid,0,1,/catalog/electronics,0,/catalog/electronics,66371,,
8000001329,9000000000004127,1,1736532480,5,18,organic,search-engine,mobile,Chrome,France,Ile-de-France,0,1,/catalog/apparel,0,,,,
8000000710,9000000000004128,0,1737050160,4,17,cpc,paid-media,desktop,Firefox,France,Ile-de-France,0,2,/catalog/accessories,0,/catalog/accessories,50949,/product/featured-item,148752
8000001515,9000000000004129,0,1738233180,4,10,cpc,paid-media,desktop,Edge,France,Ile-de-France,0,1,/catalog/accessories,0,,,,
8000002013,9000000000004130,1,1737413400,1,22,cpc,paid-media,desktop,Safari,United Kingdom,England,0,1,/product/featured-item,0,/checkout,11210,,
8000003165,9000000000004131,1,1737766440,6,0,cpc,paid-media,desktop,Edge,Germany,Berlin,0,1,/product/featured-item,0,,,,
8000001002,9000000000004132,1,1738277100,4,22,referral,partner.example,mobile,Safari,United Kingdom,England,0,1,/catalog/electronics,0,,,,
8000002269,9000000000004133,1,1737704280,5,7,referral,partner.example,mobile,Edge,Germany,Berlin,0,3,/home,0,/basket,60643,/checkout,90219
8000001552,9000000000004134,1,1737060300,4,20,referral,partner.example,mobile,Edge,Spain,Madrid,0,1,/catalog/electronics,0,/product/featured-item,84812,,
8000000954,9000000000004135,1,1738173900,3,18,email,newsletter,desktop,Safari,United Kingdom,England,0,3,/catalog/accessories,0,/catalog/apparel,80227,/checkout,135163
8000000723,9000000000004136,1,1738026300,2,1,(none),(direct),mobile,Chrome,Portugal,Lisbon,0,2,/catalog/electronics,0,/product/featured-item,84729,/catalog/electronics,143603
8000001656,9000000000004137,1,1737421140,2,0,cpc,paid-media,mobile,Edge,Germany,Berlin,0,1,/catalog/apparel,0,,,,
8000002873,9000000000004138,1,1738055760,2,9,cpc,paid-media,desktop,Edge,Portugal,Lisbon,0,1,/catalog/electronics,0,,,,
8000002054,9000000000004139,1,1737947280,1,3,(none),(direct),desktop,Firefox,Portugal,Lisbon,0,1,/home,0,/checkout,57635,,
8000000227,9000000000004140,1,1736615160,6,17,referral,partner.example,desktop,Chrome,United Kingdom,England,0,1,/catalog/accessories,0,,,,
8000003195,9000000000004141,1,1738071120,2,13,organic,search-engine,mobile,Firefox,Germany,Berlin,0,1,/catalog/apparel,0,,,,
8000001493,9000000000004142,1,1737547740,3,12,referral,partner.example,desktop,Safari,Germany,Berlin,0,2,/product/featured-item,0,,,,
8000001323,9000000000004143,0,1735825320,4,13,organic,search-engine,desktop,Firefox,United Kingdom,England,0,1,/home,0,,,,
8000000111,9000000000004144,1,1737966060,1,8,(none),(direct),mobile,Firefox,United Kingdom,England,0,1,/catalog/accessories,0,/checkout,37093,,
8000000266,9000000000004145,1,1736740560,1,3,(none),(direct),desktop,Edge,United Kingdom,England,0,1,/catalog/apparel,0,,,,
8000003426,9000000000004146,1,1736818500,2,1,email,newsletter,desktop,Chrome,Germany,Berlin,0,1,/product/featured-item,0,,,,
8000002479,9000000000004147,0,1738190460,3,22,cpc,paid-media,desktop,Safari,Spain,Madrid,0,1,/home,0,/checkout,13085,/basket,114201
8000000043,9000000000004148,0,1736270580,2,17,cpc,paid-media,desktop,Edge,Germany,Berlin,0,2,/product/featured-item,0,,,,
8000001927,9000000000004149,1,1737407520,1,21,(none),(direct),desktop,Firefox,United Kingdom,England,0,1,/product/featured-item,0,,,,
8000001546,9000000000004150,0,1738241880,4,12,(none),(direct),mobile,Safari,Portugal,Lisbon,0,2,/home,0,,,,
8000002040,9000000000004151,1,1737034500,4,13,organic,search-engine,desktop,Firefox,Germany,Berlin,0,3,/catalog/apparel,0,/basket,49965,,
8000002398,9000000000004152,1,1738291440,5,2,referral,partner.example,mobile,Chrome,France,Ile-de-France,0,1,/product/featured-item,0,/catalog/electronics,29803,,
8000002520,9000000000004153,1,1736905140,3,1,email,newsletter,mobile,Chrome,Spain,Madrid,0,3,/catalog/electronics,0,,,,
8000002311,9000000000004154,1,1738047660,2,7,referral,partner.example,desktop,Edge,Portugal,Lisbon,0,1,/home,0,/catalog/apparel,7451,/checkout,72578
8000000054,9000000000004155,1,1737385860,1,15,referral,partner.example,desktop,Edge,Portugal,Lisbon,0,1,/product/featured-item,0,,,,
8000002655,9000000000004156,1,1736134200,1,3,organic,search-engine,desktop,Safari,Spain,Madrid,0,2,/catalog/apparel,0,,,,
8000000284,9000000000004157,1,1736772480,1,12,email,newsletter,desktop,Edge,Germany,Berlin,0,1,/product/featured-item,0,,,,
8000000961,9000000000004158,0,1735718820,3,8,referral,partner.example,mobile,Safari,Portugal,Lisbon,0,2,/product/featured-item,0,/catalog/apparel,52243,,
8000000394,9000000000004159,0,1736278500,2,19,cpc,paid-media,desktop,Chrome,United Kingdom,England,0,1,/catalog/accessories,0,/basket,82381,,
8000001116,9000000000004160,1,1735750320,3,16,(none),(direct),mobile,Firefox,United Kingdom,England,0,1,/product/featured-item,0,,,,
8000003158,9000000000004161,1,1736423880,4,11,cpc,paid-media,mobile,Firefox,Portugal,Lisbon,0,1,/home,0,,,,
8000001378,9000000000004162,1,1737258960,7,3,cpc,paid-media,desktop,Firefox,Portugal,Lisbon,0,1,/home,0,,,,
8000002394,9000000000004163,0,1738240440,4,12,email,newsletter,desktop,Safari,Germany,Berlin,0,2,/catalog/apparel,0,,,,
8000001371,9000000000004164,1,1735896540,5,9,cpc,paid-media,desktop,Firefox,France,Ile-de-France,0,1,/catalog/accessories,0,,,,
8000002530,9000000000004165,1,1735771440,3,22,(none),(direct),mobile,Safari,France,Ile-de-France,0,2,/catalog/electronics,0,,,,
8000002347,9000000000004166,1,1736667300,7,7,(none),(direct),desktop,Firefox,United Kingdom,England,0,2,/home,0,/catalog/electronics,79801,/catalog/electronics,87262
8000002843,9000000000004167,1,1737917220,7,18,cpc,paid-media,mobile,Firefox,Portugal,Lisbon,0,1,/catalog/apparel,0,/catalog/apparel,37650,/basket,104804
8000000690,9000000000004168,1,1736006760,6,16,organic,search-engine,desktop,Edge,United Kingdom,England,0,1,/product/featured-item,0,/product/featured-item,19518,,
8000000447,9000000000004169,0,1736551500,5,23,referral,partner.example,desktop,Safari,United Kingdom,England,0,1,/catalog/apparel,0,/catalog/electronics,71993,/catalog/electronics,174690
8000003278,9000000000004170,1,1736460600,4,22,referral,partner.example,desktop,Edge,France,Ile-de-France,0,3,/product/featured-item,0,,,,
8000001609,9000000000004171,1,1737317220,7,20,(none),(direct),desktop,Firefox,France,Ile-de-France,0,3,/product/featured-item,0,,,,
8000002694,9000000000004172,0,1737064560,4,21,referral,partner.example,desktop,Firefox,France,Ile-de-France,0,1,/product/featured-item,0,/catalog/electronics,14128,,
8000002820,9000000000004173,1,1736999040,4,3,cpc,paid-media,desktop,Firefox,United Kingdom,England,0,1,/home,0,,,,
8000003274,9000000000004174,1,1736798640,1,20,(none),(direct),tablet,Edge,Portugal,Lisbon,0,1,/product/featured-item,0,/checkout,40661,,
8000002695,9000000000004175,1,1738024920,2,0,email,newsletter,desktop,Safari,Germany,Berlin,0,3,/catalog/electronics,0,/catalog/apparel,49637,,
8000001754,9000000000004176,0,1737798480,6,9,(none),(direct),desktop,Edge,France,Ile-de-France,0,1,/catalog/electronics,0,,,,
8000001744,9000000000004177,0,1737394380,1,17,email,newsletter,mobile,Chrome,France,Ile-de-France,0,2,/catalog/apparel,0,/catalog/apparel,19403,/catalog/electronics,51941
8000000756,9000000000004178,1,1737188520,6,8,cpc,paid-media,tablet,Edge,United Kingdom,England,0,1,/catalog/electronics,0,,,,
8000000657,9000000000004179,1,1737847020,6,23,(none),(direct),desktop,Firefox,Spain,Madrid,0,2,/catalog/apparel,0,,,,
8000000356,9000000000004180,1,1738277940,4,22,email,newsletter,desktop,Edge,Spain,Madrid,0,1,/catalog/electronics,0,/catalog/accessories,60232,/catalog/accessories,179763
8000000769,9000000000004181,0,1736857860,2,12,email,newsletter,desktop,Safari,United Kingdom,England,0,2,/home,0,,,,
8000001977,9000000000004182,1,1737184800,6,7,organic,search-engine,mobile,Safari,Germany,Berlin,0,1,/catalog/accessories,0,/catalog/accessories,70507,/checkout,179190
8000002852,9000000000004183,1,1738366620,5,23,cpc,paid-media,desktop,Edge,United Kingdom,England,0,1,/catalog/electronics,0,/product/featured-item,64478,/basket,86333
8000001423,9000000000004184,1,1737291240,7,12,email,newsletter,desktop,Chrome,United Kingdom,England,0,1,/home,0,/catalog/apparel,39901,/checkout,76312
8000002447,9000000000004185,0,1736933160,3,9,email,newsletter,desktop,Safari,Portugal,Lisbon,0,1,/catalog/accessories,0,/checkout,18955,/catalog/accessories,88309
8000000025,9000000000004186,0,1735951740,6,0,cpc,paid-media,mobile,Edge,Portugal,Lisbon,0,1,/home,0,,,,
8000001247,9000000000004187,1,1736892540,2,22,email,newsletter,desktop,Chrome,Spain,Madrid,0,1,/home,0,/catalog/electronics,49108,,
8000001555,9000000000004188,1,1736864460,2,14,organic,search-engine,desktop,Chrome,Germany,Berlin,0,1,/product/featured-item,0,/product/featured-item,83145,/checkout,96761
8000000282,9000000000004189,0,1735750920,3,17,(none),(direct),desktop,Chrome,Portugal,Lisbon,0,1,/catalog/accessories,0,/product/featured-item,41202,,
8000000405,9000000000004190,1,1736789700,1,17,(none),(direct),mobile,Edge,France,Ile-de-France,0,1,/catalog/electronics,0,/catalog/accessories,52287,,
8000001747,9000000000004191,1,1735995840,6,13,(none),(direct),desktop,Safari,France,Ile-de-France,0,2,/catalog/apparel,0,/basket,72894,,
8000000801,9000000000004192,1,1738253880,4,16,organic,search-engine,mobile,Firefox,United Kingdom,England,0,1,/home,0,/catalog/apparel,52484,,
8000002716,9000000000004193,0,1735716540,3,7,cpc,paid-media,mobile,Edge,France,Ile-de-France,0,1,/home,0,/checkout,69059,/checkout,82022
8000000117,9000000000004194,1,1736386920,4,1,cpc,paid-media,mobile,Edge,Germany,Berlin,0,1,/catalog/electronics,0,/catalog/accessories,23800,,
8000002512,9000000000004195,1,1736963520,3,17,organic,search-engine,desktop,Firefox,Spain,Madrid,0,1,/catalog/apparel,0,/checkout,8301,/catalog/accessories,44427
8000000673,9000000000004196,1,1737334500,1,0,email,newsletter,desktop,Safari,Spain,Madrid,0,2,/catalog/accessories,0,/catalog/electronics,75837,,
8000000396,9000000000004197,1,1736455320,4,20,email,newsletter,mobile,Edge,United Kingdom,England,0,1,/catalog/accessories,0,/catalog/accessories,5342,/basket,87304
8000000046,9000000000004198,1,1736925300,3,7,organic,search-engine,desktop,Firefox,Spain,Madrid,0,1,/home,0,/product/featured-item,13667,/catalog/accessories,107575
8000002626,9000000000004199,1,1736304540,3,2,email,newsletter,mobile,Safari,Spain,Madrid,0,1,/catalog/apparel,0,/catalog/apparel,77389,/checkout,165750
8000001475,9000000000004200,1,1737508200,3,1,(none),(direct),mobile,Firefox,Spain,Madrid,0,1,/catalog/electronics,0,/basket,75700,/checkout,151786
8000001142,9000000000004201,1,1737601140,4,2,email,newsletter,desktop,Firefox,France,Ile-de-France,0,1,/product/featured-item,0,,,,
8000003466,9000000000004202,1,1737707100,5,8,(none),(direct),mobile,Chrome,Germany,Berlin,0,1,/catalog/apparel,0,/catalog/accessories,61515,/basket,71147
8000002570,9000000000004203,1,1735970280,6,5,referral,partner.example,desktop,Firefox,United Kingdom,England,0,1,/product/featured-item,0,/catalog/accessories,36304,,
8000000879,9000000000004204,1,1737009960,4,6,email,newsletter,mobile,Safari,France,Ile-de-France,0,1,/product/featured-item,0,,,,
8000000821,9000000000004205,1,1737899160,7,13,referral,partner.example,desktop,Safari,France,Ile-de-France,0,3,/catalog/apparel,0,,,,
8000003095,9000000000004206,1,1737025020,4,10,referral,partner.example,tablet,Chrome,France,Ile-de-France,0,3,/catalog/electronics,0,/catalog/accessories,51778,,
8000002182,9000000000004207,1,1737946680,1,2,(none),(direct),mobile,Firefox,Spain,Madrid,0,1,/catalog/accessories,0,,,,
8000001701,9000000000004208,1,1736104020,7,19,organic,search-engine,desktop,Safari,Portugal,Lisbon,0,1,/catalog/accessories,0,/catalog/accessories,15447,,
8000000437,9000000000004209,1,1736392920,4,3,organic,search-engine,mobile,Safari,Germany,Berlin,0,3,/catalog/electronics,0,/catalog/accessories,35995,/catalog/electronics,50934
8000003354,9000000000004210,1,1736596620,6,11,referral,partner.example,desktop,Chrome,Spain,Madrid,0,2,/catalog/electronics,0,/catalog/electronics,86672,/basket,93436
8000002001,9000000000004211,0,1737826920,6,17,cpc,paid-media,desktop,Chrome,United Kingdom,England,0,1,/product/featured-item,0,,,,
8000000412,9000000000004212,1,1736507700,5,11,referral,partner.example,desktop,Firefox,France,Ile-de-France,0,1,/home,0,/catalog/accessories,46262,,
8000000851,9000000000004213,0,1736445540,4,17,cpc,paid-media,mobile,Firefox,United Kingdom,England,0,1,/product/featured-item,0,,,,
8000001864,9000000000004214,1,1736662140,7,6,referral,partner.example,desktop,Safari,United Kingdom,England,0,1,/home,0,/catalog/electronics,75293,/catalog/electronics,172920
8000000747,9000000000004215,1,1736536020,5,19,email,newsletter,desktop,Edge,Portugal,Lisbon,0,1,/home,0,,,,
8000002457,9000000000004216,1,1737156540,5,23,organic,search-engine,desktop,Chrome,United Kingdom,England,0,4,/home,0,/basket,81521,,
8000002571,9000000000004217,1,1737923640,7,20,email,newsletter,mobile,Firefox,Germany,Berlin,0,1,/catalog/accessories,0,/catalog/apparel,88788,/catalog/accessories,91938
8000000464,9000000000004218,0,1737633780,4,12,email,newsletter,desktop,Safari,Germany,Berlin,0,1,/catalog/apparel,0,,,,
8000000680,9000000000004219,1,1737551520,3,13,organic,search-engine,desktop,Firefox,United Kingdom,England,0,1,/home,0,/product/featured-item,71866,,
8000001578,9000000000004220,0,1736324880,3,8,organic,search-engine,desktop,Edge,Germany,Berlin,0,2,/catalog/accessories,0,/catalog/apparel,62510,/checkout,91608
8000003069,9000000000004221,0,1736479740,5,3,organic,search-engine,desktop,Safari,France,Ile-de-France,0,1,/product/featured-item,0,/catalog/apparel,9213,,
8000001698,9000000000004222,1,1735852740,4,21,(none),(direct),mobile,Edge,United Kingdom,England,0,1,/catalog/accessories,0,,,,
8000002136,9000000000004223,0,1736866860,2,15,referral,partner.example,desktop,Safari,Spain,Madrid,0,1,/product/featured-item,0,/catalog/electronics,23897,,
8000001775,9000000000004224,1,1735867980,5,1,cpc,paid-media,desktop,Chrome,Portugal,Lisbon,0,1,/home,0,,,,
8000002676,9000000000004225,0,1737947580,1,3,(none),(direct),mobile,Firefox,France,Ile-de-France,0,1,/home,0,/catalog/electronics,48959,,
8000002884,9000000000004226,1,1736641680,7,0,email,newsletter,desktop,Safari,France,Ile-de-France,0,2,/catalog/accessories,0,,,,
8000000296,9000000000004227,0,1736407680,4,7,referral,partner.example,mobile,Safari,France,Ile-de-France,0,1,/catalog/apparel,0,/catalog/electronics,77352,,
8000002457,9000000000004228,1,1737253920,7,2,organic,search-engine,mobile,Firefox,Spain,Madrid,0,1,/product/featured-item,0,/basket,84457,,
8000002865,9000000000004229,1,1737263100,7,5,(none),(direct),mobile,Chrome,Spain,Madrid,0,1,/catalog/accessories,0,/product/featured-item,76500,,
8000003209,9000000000004230,1,1737200220,6,11,cpc,paid-media,desktop,Edge,France,Ile-de-France,0,1,/home,0,,,,
8000002491,9000000000004231,1,1737529980,3,7,(none),(direct),mobile,Edge,United Kingdom,England,0,1,/catalog/apparel,0,/catalog/accessories,43701,/catalog/accessories,127325
8000000966,9000000000004232,1,1736150820,1,8,cpc,paid-media,desktop,Chrome,France,Ile-de-France,0,1,/home,0,,,,
8000001264,9000000000004233,1,1738234320,4,10,referral,partner.example,desktop,Firefox,Germany,Berlin,0,1,/home,0,,,,
8000002017,9000000000004234,0,1736233620,2,7,organic,search-engine,mobile,Edge,France,Ile-de-France,0,1,/catalog/accessories,0,/catalog/accessories,26426,/catalog/electronics,72553
8000000276,9000000000004235,0,1736440020,4,16,referral,partner.example,desktop,Firefox,Portugal,Lisbon,0,1,/catalog/electronics,0,/basket,72698,/catalog/electronics,173075
8000002688,9000000000004236,0,1737389640,1,16,referral,partner.example,desktop,Chrome,France,Ile-de-France,0,4,/catalog/accessories,0,,,,
8000002833,9000000000004237,1,1737924600,7,20,organic,search-engine,desktop,Edge,France,Ile-de-France,0,1,/home,0,,,,
8000000849,9000000000004238,1,1737266100,7,5,email,newsletter,desktop,Safari,Spain,Madrid,0,1,/catalog/accessories,0,/checkout,26084,,
8000002814,9000000000004239,1,1736540220,5,20,email,newsletter,desktop,Safari,France,Ile-de-France,0,1,/product/featured-item,0,,,,
8000003477,9000000000004240,1,1737287340,7,11,email,newsletter,tablet,Edge,Germany,Berlin,0,1,/catalog/electronics,0,/catalog/accessories,25105,,
8000001206,9000000000004241,1,1735715220,3,7,cpc,paid-media,desktop,Chrome,Spain,Madrid,0,1,/catalog/accessories,0,/checkout,12000,,
8000001886,9000000000004242,1,1737667620,4,21,referral,partner.example,desktop,Safari,Germany,Berlin,0,1,/home,0,,,,
8000000777,9000000000004243,1,1738248360,4,14,email,newsletter,mobile,Safari,France,Ile-de-France,0,2,/catalog/electronics,0,/catalog/apparel,81325,,
8000001219,9000000000004244,0,1736346780,3,14,cpc,paid-media,mobile,Safari,Portugal,Lisbon,0,1,/catalog/electronics,0,/product/featured-item,43063,,
8000002088,9000000000004245,1,1738237140,4,11,cpc,paid-media,mobile,Chrome,Germany,Berlin,0,2,/home,0,/catalog/electronics,69347,/catalog/electronics,124868
8000002831,9000000000004246,0,1736603640,6,13,referral,partner.example,desktop,Chrome,Germany,Berlin,0,2,/home,0,/basket,74109,,
8000000701,9000000000004247,1,1738210020,4,4,cpc,paid-media,mobile,Firefox,Germany,Berlin,0,1,/catalog/electronics,0,/basket,39108,/product/featured-item,122777
8000001453,9000000000004248,1,1737350760,1,5,organic,search-engine,tablet,Firefox,Portugal,Lisbon,0,4,/catalog/apparel,0,,,,
8000001632,9000000000004249,1,1735804560,4,7,cpc,paid-media,desktop,Firefox,Spain,Madrid,0,1,/home,0,,,,
8000001257,9000000000004250,0,1736022360,6,20,organic,search-engine,mobile,Safari,Germany,Berlin,0,2,/catalog/electronics,0,/checkout,83349,,
8000002162,9000000000004251,0,1738045320,2,6,organic,search-engine,mobile,Edge,United Kingdom,England,0,2,/home,0,/catalog/apparel,31173,/catalog/accessories,70607
8000000321,9000000000004252,0,1736413140,4,8,organic,search-engine,desktop,Firefox,Spain,Madrid,0,1,/home,0,/checkout,83962,/catalog/electronics,192809
8000002844,9000000000004253,1,1736237280,2,8,(none),(direct),mobile,Firefox,Portugal,Lisbon,0,1,/home,0,/catalog/accessories,74541,/catalog/electronics,96214
8000000988,9000000000004254,0,1738152960,3,12,(none),(direct),mobile,Edge,Germany,Berlin,0,1,/catalog/electronics,0,,,,
8000002259,9000000000004255,1,1737528960,3,6,cpc,paid-media,tablet,Firefox,United Kingdom,England,0,1,/product/featured-item,0,,,,
8000003156,9000000000004256,1,1737196320,6,10,cpc,paid-media,desktop,Chrome,France,Ile-de-France,0,2,/catalog/apparel,0,/catalog/electronics,62228,,
8000003359,9000000000004257,1,1735780860,4,1,cpc,paid-media,desktop,Firefox,France,Ile-de-France,0,2,/product/featured-item,0,,,,
8000002566,9000000000004258,1,1736174640,1,14,(none),(direct),desktop,Chrome,Germany,Berlin,0,1,/catalog/apparel,0,/catalog/accessories,10251,,
8000002650,9000000000004259,1,1736548560,5,22,(none),(direct),desktop,Chrome,France,Ile-de-France,0,1,/catalog/electronics,0,,,,
8000002421,9000000000004260,0,1737302580,7,16,referral,partner.example,mobile,Firefox,Portugal,Lisbon,0,1,/catalog/accessories,0,,,,
8000000217,9000000000004261,1,1736799540,1,20,email,newsletter,desktop,Firefox,Spain,Madrid,0,4,/catalog/accessories,0,/basket,2782,/checkout,23405
8000003122,9000000000004262,0,1736127900,1,1,cpc,paid-media,desktop,Firefox,Germany,Berlin,0,4,/home,0,/checkout,37783,,
8000002682,9000000000004263,1,1738252140,4,15,cpc,paid-media,desktop,Firefox,Spain,Madrid,0,1,/catalog/apparel,0,/catalog/accessories,43960,,
8000001950,9000000000004264,1,1737305400,7,16,referral,partner.example,desktop,Firefox,France,Ile-de-France,0,1,/catalog/electronics,0,/catalog/apparel,72000,,
8000000960,9000000000004265,1,1736927520,3,7,cpc,paid-media,desktop,Edge,Portugal,Lisbon,0,1,/catalog/apparel,0,/catalog/electronics,67592,,
8000000699,9000000000004266,0,1738126620,3,4,organic,search-engine,mobile,Chrome,Portugal,Lisbon,0,3,/product/featured-item,0,,,,
8000003164,9000000000004267,1,1738340280,5,16,email,newsletter,mobile,Chrome,Portugal,Lisbon,0,1,/catalog/accessories,0,/basket,8970,/catalog/accessories,23258
8000001024,9000000000004268,0,1737018060,4,9,(none),(direct),tablet,Safari,United Kingdom,England,0,1,/catalog/apparel,0,/basket,72497,/product/featured-item,89398
8000003327,9000000000004269,1,1736010360,6,17,cpc,paid-media,desktop,Firefox,Germany,Berlin,0,2,/product/featured-item,0,/catalog/accessories,25602,/basket,88309
8000003160,9000000000004270,1,1737497880,2,22,organic,search-engine,desktop,Chrome,United Kingdom,England,0,1,/catalog/accessories,0,/basket,60146,/basket,160079
8000001943,9000000000004271,1,1736604180,6,14,organic,search-engine,tablet,Safari,United Kingdom,England,0,1,/home,0,/basket,12305,/catalog/accessories,105694
8000003404,9000000000004272,1,1736872740,2,16,referral,partner.example,desktop,Firefox,France,Ile-de-France,0,1,/home,0,/basket,44945,/checkout,120688
8000003116,9000000000004273,1,1735773300,3,23,organic,search-engine,mobile,Firefox,Germany,Berlin,0,1,/catalog/accessories,0,/checkout,49146,,
8000000366,9000000000004274,1,1738310820,5,8,organic,search-engine,desktop,Edge,Portugal,Lisbon,0,1,/home,0,/product/featured-item,11245,,
8000001589,9000000000004275,0,1737270060,7,7,(none),(direct),mobile,Edge,Germany,Berlin,0,1,/catalog/accessories,0,/checkout,86013,,
8000003148,9000000000004276,1,1737747120,5,19,organic,search-engine,desktop,Firefox,United Kingdom,England,0,1,/catalog/accessories,0,/product/featured-item,38803,,
8000001802,9000000000004277,1,1736248680,2,11,email,newsletter,desktop,Edge,Germany,Berlin,0,1,/product/featured-item,0,/catalog/accessories,27694,,
8000000305,9000000000004278,0,1737294540,7,13,organic,search-engine,tablet,Chrome,France,Ile-de-France,0,2,/home,0,/catalog/electronics,22653,,
8000000257,9000000000004279,1,1737415320,1,23,organic,search-engine,mobile,Firefox,Germany,Berlin,0,2,/product/featured-item,0,/basket,59393,,
8000000883,9000000000004280,1,1737049380,4,17,(none),(direct),mobile,Firefox,Portugal,Lisbon,0,1,/home,0,,,,
8000003388,9000000000004281,1,1736314500,3,5,cpc,paid-media,desktop,Firefox,France,Ile-de-France,0,1,/home,0,/checkout,53086,/basket,110082
8000000341,9000000000004282,1,1736157000,1,9,referral,partner.example,desktop,Safari,Germany,Berlin,0,2,/product/featured-item,0,/basket,46249,,
8000001732,9000000000004283,1,1737618420,4,7,(none),(direct),mobile,Firefox,Germany,Berlin,0,1,/catalog/apparel,0,/checkout,62349,,
8000000769,9000000000004284,0,1737054900,4,19,(none),(direct),mobile,Edge,United Kingdom,England,0,1,/catalog/electronics,0,,,,
8000002754,9000000000004285,1,1738320900,5,10,(none),(direct),mobile,Safari,Spain,Madrid,0,1,/product/featured-item,0,,,,
8000002726,9000000000004286,1,1737639840,4,13,(none),(direct),desktop,Chrome,Spain,Madrid,0,1,/catalog/apparel,0,,,,
8000002388,9000000000004287,1,1737829200,6,18,(none),(direct),mobile,Chrome,Portugal,Lisbon,0,1,/catalog/accessories,0,/catalog/electronics,57098,/catalog/electronics,104277
8000000174,9000000000004288,1,1737023160,4,10,cpc,paid-media,desktop,Chrome,Portugal,Lisbon,1,1,/catalog/electronics,0,/catalog/electronics,80352,/basket,88439
8000003013,9000000000004289,0,1738056180,2,9,(none),(direct),desktop,Safari,Germany,Berlin,0,2,/catalog/electronics,0,/basket,77412,,
8000001093,9000000000004290,0,1737776100,6,3,(none),(direct),desktop,Chrome,Spain,Madrid,0,1,/catalog/electronics,0,/product/featured-item,60336,/catalog/electronics,150386
8000001304,9000000000004291,0,1736417880,4,10,(none),(direct),desktop,Edge,United Kingdom,England,0,1,/catalog/accessories,0,,,,
8000001115,9000000000004292,1,1737813960,6,14,(none),(direct),desktop,Safari,United Kingdom,England,0,2,/catalog/electronics,0,/catalog/apparel,20121,,
8000000146,9000000000004293,0,1737111480,5,10,organic,search-engine,mobile,Chrome,Germany,Berlin,0,1,/product/featured-item,0,/catalog/electronics,40704,/basket,153144
8000002183,9000000000004294,1,1738281900,5,0,cpc,paid-media,desktop,Chrome,United Kingdom,England,0,3,/catalog/apparel,0,,,,
8000002153,9000000000004295,0,1737503460,2,23,organic,search-engine,desktop,Chrome,France,Ile-de-France,0,1,/catalog/accessories,0,,,,
8000003426,9000000000004296,1,1738140960,3,8,(none),(direct),mobile,Safari,Spain,Madrid,0,1,/product/featured-item,0,/checkout,42719,/catalog/accessories,46901
8000001792,9000000000004297,1,1736460360,4,22,email,newsletter,mobile,Safari,Spain,Madrid,0,1,/catalog/accessories,0,/checkout,67739,/catalog/electronics,156357
8000001270,9000000000004298,1,1737249720,7,1,(none),(direct),desktop,Chrome,Spain,Madrid,0,2,/product/featured-item,0,,,,
8000001319,9000000000004299,0,1736853180,2,11,(none),(direct),desktop,Edge,Germany,Berlin,0,1,/home,0,/product/featured-item,9502,,
8000002347,9000000000004300,0,1738129020,3,5,organic,search-engine,mobile,Firefox,United Kingdom,England,0,1,/catalog/electronics,0,/checkout,67661,,
8000000280,9000000000004301,1,1737519480,3,4,organic,search-engine,mobile,Edge,France,Ile-de-France,0,1,/home,0,/catalog/apparel,23363,/product/featured-item,67111
8000002975,9000000000004302,1,1738150440,3,11,(none),(direct),desktop,Chrome,United Kingdom,England,0,2,/catalog/accessories,0,/product/featured-item,47014,,
8000001220,9000000000004303,0,1736767680,1,11,organic,search-engine,desktop,Edge,Germany,Berlin,0,2,/catalog/electronics,0,,,,
8000001528,9000000000004304,1,1737395340,1,17,referral,partner.example,mobile,Chrome,Spain,Madrid,0,1,/catalog/electronics,0,/catalog/apparel,75578,/checkout,105380
8000000120,9000000000004305,0,1736151720,1,8,referral,partner.example,mobile,Edge,Germany,Berlin,0,1,/catalog/apparel,0,,,,
8000000626,9000000000004306,1,1736787540,1,16,(none),(direct),tablet,Edge,Spain,Madrid,0,3,/catalog/electronics,0,,,,
8000002014,9000000000004307,1,1737560700,3,15,(none),(direct),mobile,Edge,Germany,Berlin,0,1,/product/featured-item,0,/basket,40474,/catalog/electronics,108711
8000002476,9000000000004308,0,1737688260,5,3,(none),(direct),mobile,Firefox,Germany,Berlin,0,1,/catalog/electronics,0,/product/featured-item,59306,,
8000002250,9000000000004309,1,1737151200,5,22,cpc,paid-media,mobile,Firefox,France,Ile-de-France,0,1,/catalog/apparel,0,/checkout,60778,,
8000003472,9000000000004310,1,1738255380,4,16,(none),(direct),mobile,Edge,France,Ile-de-France,0,1,/catalog/electronics,0,/catalog/electronics,29236,/checkout,73996
8000000986,9000000000004311,1,1736710320,7,19,organic,search-engine,desktop,Edge,United Kingdom,England,0,3,/catalog/apparel,0,,,,
8000002393,9000000000004312,1,1737442440,2,6,organic,search-engine,tablet,Edge,Portugal,Lisbon,0,3,/catalog/electronics,0,/basket,25469,,
8000002734,9000000000004313,0,1737810420,6,13,(none),(direct),mobile,Firefox,Germany,Berlin,0,1,/home,0,/checkout,24900,,
8000002723,9000000000004314,0,1736965200,3,18,cpc,paid-media,desktop,Firefox,France,Ile-de-France,0,1,/catalog/electronics,0,/catalog/accessories,36323,,
8000001303,9000000000004315,1,1736135040,1,3,email,newsletter,desktop,Edge,Spain,Madrid,0,1,/product/featured-item,0,/catalog/apparel,70323,,
8000003067,9000000000004316,0,1737381060,1,13,(none),(direct),desktop,Chrome,Portugal,Lisbon,0,2,/home,0,,,,
8000002025,9000000000004317,1,1735744920,3,15,email,newsletter,mobile,Chrome,United Kingdom,England,0,2,/catalog/accessories,0,/catalog/apparel,23621,/product/featured-item,49735
8000001581,9000000000004318,0,1737160440,6,0,email,newsletter,desktop,Chrome,United Kingdom,England,0,1,/catalog/apparel,0,/product/featured-item,27645,,
8000000572,9000000000004319,1,1735711920,3,6,referral,partner.example,desktop,Chrome,Germany,Berlin,0,1,/home,0,,,,
8000003059,9000000000004320,1,1736782800,1,15,(none),(direct),desktop,Firefox,Portugal,Lisbon,0,2,/catalog/accessories,0,,,,
8000001475,9000000000004321,1,1737445860,2,7,cpc,paid-media,desktop,Chrome,Spain,Madrid,1,1,/catalog/apparel,0,/catalog/accessories,18697,/checkout,107524
8000001704,9000000000004322,1,1737223980,6,18,(none),(direct),mobile,Chrome,France,Ile-de-France,0,1,/catalog/electronics,0,,,,
8000002460,9000000000004323,1,1737718380,5,11,cpc,paid-media,desktop,Firefox,United Kingdom,England,0,2,/catalog/electronics,0,,,,
8000000581,9000000000004324,1,1737554160,3,13,organic,search-engine,mobile,Chrome,Spain,Madrid,0,1,/catalog/electronics,0,/checkout,81973,/product/featured-item,152814
8000001636,9000000000004325,1,1735800060,4,6,(none),(direct),desktop,Firefox,United Kingdom,England,0,1,/product/featured-item,0,/catalog/apparel,57795,,
8000002320,9000000000004326,1,1738010520,1,20,(none),(direct),desktop,Safari,France,Ile-de-France,0,1,/home,0,/catalog/electronics,71458,/catalog/electronics,163153
8000002373,9000000000004327,1,1736368860,3,20,cpc,paid-media,desktop,Chrome,Spain,Madrid,0,1,/catalog/apparel,0,,,,
8000000567,9000000000004328,1,1735839240,4,17,referral,partner.example,tablet,Safari,Portugal,Lisbon,0,1,/catalog/accessories,0,/catalog/apparel,68559,,
8000000132,9000000000004329,1,1736966340,3,18,email,newsletter,mobile,Chrome,Germany,Berlin,0,1,/product/featured-item,0,,,,
8000001852,9000000000004330,1,1737648420,4,16,cpc,paid-media,desktop,Firefox,United Kingdom,England,0,2,/catalog/electronics,0,/catalog/apparel,58480,/catalog/electronics,63964
8000002087,9000000000004331,1,1736817840,2,1,referral,partner.example,desktop,Firefox,Germany,Berlin,0,4,/catalog/apparel,0,,,,
8000000318,9000000000004332,1,1735932840,5,19,referral,partner.example,desktop,Edge,Spain,Madrid,0,3,/catalog/electronics,0,/checkout,33811,,
8000000968,9000000000004333,1,1735906320,5,12,email,newsletter,desktop,Safari,United Kingdom,England,0,1,/catalog/apparel,0,/basket,80972,/product/featured-item,163288
8000000382,9000000000004334,1,1736225100,2,4,organic,search-engine,desktop,Safari,France,Ile-de-France,0,1,/home,0,,,,
8000001955,9000000000004335,1,1737826500,6,17,organic,search-engine,desktop,Edge,Spain,Madrid,0,1,/home,0,,,,
8000001873,9000000000004336,0,1737648660,4,16,(none),(direct),mobile,Firefox,Spain,Madrid,0,1,/catalog/electronics,0,,,,
8000001335,9000000000004337,1,1738261560,4,18,(none),(direct),tablet,Chrome,Portugal,Lisbon,0,1,/catalog/apparel,0,/catalog/apparel,65761,/basket,95402
8000001586,9000000000004338,1,1736852220,2,10,email,newsletter,mobile,Edge,Germany,Berlin,0,1,/catalog/accessories,0,,,,
8000002104,9000000000004339,1,1736529960,5,17,organic,search-engine,mobile,Safari,United Kingdom,England,0,1,/catalog/electronics,0,/catalog/electronics,64420,,
8000001434,9000000000004340,1,1735825080,4,13,referral,partner.example,desktop,Edge,Portugal,Lisbon,0,2,/product/featured-item,0,/product/featured-item,24674,/catalog/accessories,57519
8000003448,9000000000004341,0,1737841860,6,21,organic,search-engine,desktop,Firefox,Germany,Berlin,0,1,/catalog/electronics,0,,,,
8000000172,9000000000004342,0,1737178920,6,5,(none),(direct),mobile,Chrome,United Kingdom,England,1,1,/catalog/electronics,0,,,,
8000002716,9000000000004343,0,1738169160,3,16,email,newsletter,desktop,Chrome,Spain,Madrid,0,2,/product/featured-item,0,/catalog/accessories,24565,/product/featured-item,36152
8000001932,9000000000004344,1,1735710660,3,5,organic,search-engine,tablet,Safari,Portugal,Lisbon,0,1,/catalog/accessories,0,/catalog/accessories,19204,/catalog/accessories,119481
8000001571,9000000000004345,1,1735883400,5,5,(none),(direct),mobile,Edge,Portugal,Lisbon,0,2,/catalog/apparel,0,/product/featured-item,4032,/basket,119342
8000001080,9000000000004346,0,1737521100,3,4,email,newsletter,mobile,Safari,United Kingdom,England,0,1,/catalog/electronics,0,,,,
8000001716,9000000000004347,0,1736964360,3,18,organic,search-engine,mobile,Safari,United Kingdom,England,0,1,/catalog/apparel,0,/checkout,58309,,
8000000497,9000000000004348,0,1737359640,1,7,organic,search-engine,desktop,Chrome,France,Ile-de-France,1,3,/catalog/accessories,0,/checkout,28115,/product/featured-item,46714
8000000633,9000000000004349,1,1736772420,1,12,organic,search-engine,mobile,Firefox,Germany,Berlin,0,1,/catalog/electronics,0,/catalog/electronics,43151,,
8000001552,9000000000004350,0,1737525120,3,5,cpc,paid-media,mobile,Chrome,France,Ile-de-France,0,2,/home,0,/catalog/apparel,4273,/checkout,6934
8000000868,9000000000004351,0,1737433860,2,4,email,newsletter,desktop,Safari,United Kingdom,England,0,1,/product/featured-item,0,/checkout,25369,/basket,52335
8000002826,9000000000004352,0,1736566500,6,3,referral,partner.example,desktop,Safari,Spain,Madrid,0,1,/home,0,,,,
8000000474,9000000000004353,1,1737035580,4,13,email,newsletter,desktop,Chrome,Germany,Berlin,0,1,/catalog/accessories,0,/product/featured-item,59290,,
8000002452,9000000000004354,1,1736028840,6,22,organic,search-engine,desktop,Safari,Germany,Berlin,0,3,/product/featured-item,0,/checkout,83677,/checkout,113889
8000002723,9000000000004355,1,1737961980,1,7,organic,search-engine,desktop,Firefox,Spain,Madrid,0,4,/catalog/accessories,0,/basket,31529,,
8000002595,9000000000004356,1,1737069660,4,23,(none),(direct),desktop,Safari,Portugal,Lisbon,0,1,/catalog/apparel,0,/catalog/electronics,45056,,
8000003013,9000000000004357,1,1737858420,7,2,referral,partner.example,mobile,Firefox,Germany,Berlin,0,1,/catalog/apparel,0,/checkout,52877,,
8000002585,9000000000004358,1,1737819540,6,15,organic,search-engine,desktop,Chrome,France,Ile-de-France,0,1,/catalog/accessories,0,,,,
8000000725,9000000000004359,1,1738112340,3,0,referral,partner.example,desktop,Chrome,Germany,Berlin,0,1,/catalog/electronics,0,,,,
8000001023,9000000000004360,1,1736588220,6,9,cpc,paid-media,mobile,Edge,Portugal,Lisbon,0,1,/home,0,/catalog/electronics,76051,/catalog/accessories,141803
8000002569,9000000000004361,1,1735839240,4,17,(none),(direct),desktop,Chrome,Germany,Berlin,0,1,/home,0,/checkout,80363,,
8000001232,9000000000004362,1,1736145000,1,6,(none),(direct),desktop,Safari,Germany,Berlin,0,2,/home,0,/catalog/electronics,74892,/catalog/accessories,101385
8000001970,9000000000004363,1,1736921160,3,6,(none),(direct),desktop,Chrome,Spain,Madrid,0,3,/product/featured-item,0,/catalog/accessories,27978,/basket,120557
8000000552,9000000000004364,1,1737661920,4,19,(none),(direct),desktop,Firefox,United Kingdom,England,0,3,/catalog/accessories,0,/checkout,53733,/basket,127228
8000003272,9000000000004365,1,1738015320,1,22,cpc,paid-media,mobile,Firefox,Spain,Madrid,0,2,/product/featured-item,0,/product/featured-item,77154,,
8000003170,9000000000004366,1,1736635680,6,22,organic,search-engine,desktop,Safari,France,Ile-de-France,0,1,/catalog/accessories,0,/checkout,62295,,
8000002528,9000000000004367,1,1736070480,7,9,organic,search-engine,desktop,Safari,France,Ile-de-France,0,3,/product/featured-item,0,,,,
8000003416,9000000000004368,0,1736422620,4,11,cpc,paid-media,mobile,Edge,Spain,Madrid,0,1,/catalog/apparel,0,,,,
8000001182,9000000000004369,1,1735874700,5,3,cpc,paid-media,mobile,Edge,Spain,Madrid,0,1,/home,0,/basket,88789,/checkout,152894
8000000489,9000000000004370,1,1735716180,3,7,referral,partner.example,desktop,Edge,Spain,Madrid,0,2,/catalog/accessories,0,/product/featured-item,67287,,
8000000433,9000000000004371,0,1737552360,3,13,(none),(direct),desktop,Chrome,France,Ile-de-France,0,2,/home,0,,,,
8000000933,9000000000004372,1,1736628540,6,20,organic,search-engine,mobile,Chrome,Spain,Madrid,0,1,/home,0,,,,
8000000327,9000000000004373,1,1736057820,7,6,referral,partner.example,mobile,Edge,United Kingdom,England,0,2,/catalog/apparel,0,/catalog/electronics,12225,,
8000001092,9000000000004374,1,1736824320,2,3,referral,partner.example,mobile,Firefox,Germany,Berlin,0,1,/product/featured-item,0,,,,
8000000405,9000000000004375,1,1737157440,5,23,(none),(direct),mobile,Chrome,Spain,Madrid,0,3,/product/featured-item,0,/product/featured-item,60081,,
8000000428,9000000000004376,0,1736835780,2,6,(none),(direct),desktop,Safari,Portugal,Lisbon,0,3,/catalog/apparel,0,/checkout,68965,,
8000003453,9000000000004377,0,1737167580,6,2,email,newsletter,desktop,Safari,United Kingdom,England,0,1,/catalog/electronics,0,/checkout,73231,,
8000002800,9000000000004378,0,1738115580,3,1,(none),(direct),desktop,Edge,United Kingdom,England,0,2,/home,0,,,,
8000002766,9000000000004379,0,1737664920,4,20,cpc,paid-media,mobile,Edge,Germany,Berlin,0,1,/catalog/accessories,0,/catalog/electronics,50648,,
8000002460,9000000000004380,1,1737514020,3,2,cpc,paid-media,desktop,Chrome,Spain,Madrid,0,1,/catalog/electronics,0,,,,
8000001303,9000000000004381,1,1735823220,4,13,cpc,paid-media,desktop,Safari,Spain,Madrid,0,1,/catalog/accessories,0,,,,
8000001916,9000000000004382,1,1736800500,1,20,organic,search-engine,mobile,Safari,Spain,Madrid,0,1,/product/featured-item,0,/basket,60824,,
8000001508,9000000000004383,1,1736717880,7,21,cpc,paid-media,desktop,Safari,France,Ile-de-France,0,1,/catalog/accessories,0,/product/featured-item,19733,,
8000002106,9000000000004384,1,1737415080,1,23,(none),(direct),mobile,Firefox,United Kingdom,England,0,1,/catalog/electronics,0,/catalog/apparel,22503,,
8000001632,9000000000004385,0,1738121580,3,3,referral,partner.example,desktop,Chrome,United Kingdom,England,0,2,/product/featured-item,0,/product/featured-item,80440,,
8000003211,9000000000004386,0,1735729500,3,11,cpc,paid-media,desktop,Firefox,Portugal,Lisbon,0,2,/catalog/electronics,0,/catalog/electronics,12320,/product/featured-item,88108
8000000013,9000000000004387,0,1738198920,4,1,(none),(direct),tablet,Safari,France,Ile-de-France,0,1,/product/featured-item,0,/product/featured-item,59651,,
8000002586,9000000000004388,0,1736932920,3,9,(none),(direct),desktop,Firefox,France,Ile-de-France,0,1,/catalog/apparel,0,/catalog/electronics,8162,,
8000002586,9000000000004389,0,1737230160,6,19,cpc,paid-media,desktop,Firefox,Portugal,Lisbon,1,2,/catalog/electronics,0,/product/featured-item,34321,/basket,55021
8000001737,9000000000004390,1,1737454380,2,10,organic,search-engine,desktop,Safari,United Kingdom,England,1,1,/home,0,/product/featured-item,45727,/catalog/accessories,141549
8000001952,9000000000004391,1,1735998300,6,13,(none),(direct),mobile,Chrome,United Kingdom,England,0,1,/product/featured-item,0,,,,
8000002387,9000000000004392,0,1738237020,4,11,cpc,paid-media,desktop,Edge,Portugal,Lisbon,0,2,/catalog/accessories,0,/catalog/electronics,40713,/catalog/accessories,54496
8000000361,9000000000004393,1,1736785980,1,16,cpc,paid-media,mobile,Chrome,France,Ile-de-France,0,1,/catalog/accessories,0,/catalog/electronics,29058,/catalog/electronics,75657
8000003056,9000000000004394,1,1738126320,3,4,organic,search-engine,desktop,Firefox,Germany,Berlin,0,1,/catalog/accessories,0,/catalog/apparel,32499,,
8000000079,9000000000004395,1,1735903920,5,11,cpc,paid-media,mobile,Chrome,France,Ile-de-France,0,1,/catalog/apparel,0,/catalog/accessories,87389,,
8000001629,9000000000004396,0,1736710560,7,19,cpc,paid-media,desktop,Edge,Germany,Berlin,0,1,/home,0,,,,
8000003368,9000000000004397,1,1736507340,5,11,email,newsletter,desktop,Firefox,France,Ile-de-France,0,1,/home,0,/catalog/electronics,78543,,
8000002338,9000000000004398,1,1735757640,3,18,email,newsletter,desktop,Chrome,France,Ile-de-France,0,3,/catalog/electronics,0,,,,
8000000855,9000000000004399,1,1738043280,2,5,referral,partner.example,mobile,Safari,France,Ile-de-France,0,1,/catalog/electronics,0,,,,
8000000352,9000000000004400,1,1735882920,5,5,organic,search-engine,desktop,Edge,United Kingdom,England,0,1,/product/featured-item,0,/catalog/accessories,32870,/product/featured-item,102561
8000002298,9000000000004401,1,1736074980,7,11,(none),(direct),mobile,Safari,Portugal,Lisbon,0,1,/catalog/electronics,0,/basket,33343,/basket,109601
8000000521,9000000000004402,1,1736939340,3,11,(none),(direct),tablet,Chrome,Spain,Madrid,0,1,/product/featured-item,0,,,,
8000000692,9000000000004403,1,1736842020,2,8,(none),(direct),mobile,Safari,Spain,Madrid,0,2,/home,0,/checkout,5485,,
8000002099,9000000000004404,1,1736522580,5,15,(none),(direct),desktop,Edge,France,Ile-de-France,0,1,/product/featured-item,0,/product/featured-item,54426,,
8000003317,9000000000004405,1,1736025300,6,21,organic,search-engine,desktop,Firefox,United Kingdom,England,0,1,/catalog/apparel,0,,,,
8000002997,9000000000004406,1,1736513640,5,12,email,newsletter,desktop,Firefox,France,Ile-de-France,0,1,/home,0,/product/featured-item,19994,/checkout,116150
8000003160,9000000000004407,1,1736761740,1,9,organic,search-engine,mobile,Safari,Portugal,Lisbon,0,1,/catalog/apparel,0,/product/featured-item,58244,,
8000001189,9000000000004408,0,1736811960,1,23,cpc,paid-media,desktop,Firefox,Portugal,Lisbon,1,1,/catalog/electronics,0,/product/featured-item,70574,/basket,129111
8000000945,9000000000004409,0,1736246040,2,10,referral,partner.example,desktop,Safari,Spain,Madrid,0,1,/product/featured-item,0,,,,
8000002970,9000000000004410,1,1736534340,5,18,cpc,paid-media,desktop,Firefox,Portugal,Lisbon,0,1,/product/featured-item,0,/catalog/electronics,70350,/product/featured-item,174305
8000000031,9000000000004411,1,1736780820,1,15,email,newsletter,desktop,Chrome,Portugal,Lisbon,0,1,/catalog/accessories,0,/catalog/electronics,47112,/product/featured-item,109174
8000000748,9000000000004412,0,1737065040,4,22,referral,partner.example,desktop,Safari,Spain,Madrid,0,1,/catalog/accessories,0,,,,
8000000487,9000000000004413,1,1737957480,1,5,(none),(direct),desktop,Edge,Portugal,Lisbon,0,1,/catalog/accessories,0,,,,
8000002024,9000000000004414,1,1736225460,2,4,(none),(direct),mobile,Safari,France,Ile-de-France,0,1,/home,0,,,,
8000000425,9000000000004415,0,1737375660,1,12,referral,partner.example,desktop,Safari,France,Ile-de-France,0,1,/catalog/accessories,0,/product/featured-item,39389,/catalog/accessories,113209
8000002394,9000000000004416,1,1736198040,1,21,cpc,paid-media,desktop,Safari,Spain,Madrid,0,1,/catalog/electronics,0,,,,
8000002251,9000000000004417,1,1736214540,2,1,organic,search-engine,mobile,Edge,United Kingdom,England,0,1,/home,0,,,,
8000002433,9000000000004418,1,1737661680,4,19,(none),(direct),mobile,Safari,Spain,Madrid,0,1,/home,0,,,,
8000002650,9000000000004419,1,1738022820,2,0,email,newsletter,mobile,Chrome,Spain,Madrid,0,1,/catalog/apparel,0,,,,
8000002007,9000000000004420,1,1737974340,1,10,referral,partner.example,mobile,Safari,United Kingdom,England,0,2,/catalog/electronics,0,/catalog/electronics,23997,/catalog/accessories,48197
8000002344,9000000000004421,0,1737933360,7,23,(none),(direct),mobile,Safari,Spain,Madrid,0,1,/home,0,/basket,34852,,
8000000951,9000000000004422,1,1736390340,4,2,referral,partner.example,desktop,Edge,United Kingdom,England,1,1,/catalog/accessories,0,/checkout,65067,/catalog/accessories,168280
8000000202,9000000000004423,1,1737182940,6,6,(none),(direct),desktop,Safari,France,Ile-de-France,0,3,/home,0,/basket,78746,,
8000002218,9000000000004424,0,1736973660,3,20,organic,search-engine,mobile,Edge,Portugal,Lisbon,0,3,/home,0,,,,
8000000089,9000000000004425,1,1737940860,1,1,(none),(direct),mobile,Chrome,Germany,Berlin,0,1,/catalog/electronics,0,,,,
8000000451,9000000000004426,1,1737157380,5,23,(none),(direct),mobile,Chrome,Spain,Madrid,0,2,/catalog/apparel,0,/basket,18493,,
8000001295,9000000000004427,1,1738057500,2,9,(none),(direct),desktop,Edge,France,Ile-de-France,0,1,/home,0,/catalog/accessories,75973,/catalog/electronics,167771
8000001374,9000000000004428,1,1736917320,3,5,referral,partner.example,mobile,Firefox,United Kingdom,England,0,2,/home,0,,,,
8000003227,9000000000004429,0,1737976200,1,11,email,newsletter,desktop,Chrome,Germany,Berlin,0,1,/catalog/apparel,0,/product/featured-item,12939,,
8000000897,9000000000004430,1,1737268800,7,6,referral,partner.example,mobile,Firefox,United Kingdom,England,0,2,/home,0,/checkout,36826,,
8000001528,9000000000004431,1,1736949960,3,14,(none),(direct),tablet,Chrome,United Kingdom,England,0,4,/catalog/accessories,0,,,,
8000002731,9000000000004432,1,1736559540,6,1,(none),(direct),desktop,Firefox,Germany,Berlin,0,1,/product/featured-item,0,/catalog/electronics,70410,/catalog/accessories,172004
8000002906,9000000000004433,1,1736140500,1,5,(none),(direct),desktop,Firefox,Germany,Berlin,0,1,/catalog/accessories,0,/basket,53631,/basket,141376
8000000914,9000000000004434,1,1736036340,7,0,referral,partner.example,mobile,Chrome,France,Ile-de-France,0,1,/catalog/electronics,0,/checkout,9614,/catalog/accessories,128344
8000001016,9000000000004435,0,1737872820,7,6,referral,partner.example,desktop,Chrome,France,Ile-de-France,0,1,/product/featured-item,0,/product/featured-item,76522,/product/featured-item,186398
8000002562,9000000000004436,0,1738270380,4,20,(none),(direct),desktop,Chrome,United Kingdom,England,0,1,/catalog/apparel,0,/checkout,10527,,
8000001642,9000000000004437,1,1737966720,1,8,(none),(direct),mobile,Firefox,Portugal,Lisbon,0,1,/product/featured-item,0,,,,
8000000840,9000000000004438,1,1735802100,4,7,email,newsletter,mobile,Firefox,Portugal,Lisbon,0,1,/product/featured-item,0,/basket,2752,,
8000000383,9000000000004439,1,1738060200,2,10,(none),(direct),mobile,Edge,Spain,Madrid,0,1,/catalog/apparel,0,,,,
8000001595,9000000000004440,1,1737202680,6,12,email,newsletter,desktop,Chrome,Spain,Madrid,0,1,/catalog/electronics,0,,,,
8000001140,9000000000004441,1,1735770480,3,22,(none),(direct),desktop,Chrome,Germany,Berlin,0,2,/catalog/accessories,0,/catalog/apparel,51262,,
8000002480,9000000000004442,1,1736327460,3,9,organic,search-engine,desktop,Safari,France,Ile-de-France,0,1,/catalog/accessories,0,/product/featured-item,48841,/product/featured-item,144268
8000003450,9000000000004443,0,1737398580,1,18,cpc,paid-media,mobile,Chrome,France,Ile-de-France,0,2,/catalog/electronics,0,/basket,62584,,
8000002119,9000000000004444,1,1737845580,6,22,(none),(direct),mobile,Safari,Portugal,Lisbon,0,1,/product/featured-item,0,/checkout,84205,,
8000001902,9000000000004445,1,1735846140,4,19,referral,partner.example,desktop,Chrome,United Kingdom,England,0,1,/product/featured-item,0,/checkout,24649,/catalog/electronics,69517
8000002664,9000000000004446,0,1736146980,1,7,referral,partner.example,mobile,Firefox,Germany,Berlin,0,1,/catalog/accessories,0,/catalog/electronics,60962,,
8000001594,9000000000004447,1,1737531000,3,7,cpc,paid-media,mobile,Edge,Portugal,Lisbon,0,1,/home,0,/checkout,47247,,
8000000753,9000000000004448,1,1737021060,4,9,email,newsletter,desktop,Edge,France,Ile-de-France,0,1,/product/featured-item,0,/product/featured-item,48249,,
8000003498,9000000000004449,1,1738108920,3,0,organic,search-engine,tablet,Chrome,Portugal,Lisbon,0,1,/catalog/accessories,0,,,,
8000001275,9000000000004450,0,1737936660,1,0,cpc,paid-media,desktop,Safari,France,Ile-de-France,0,2,/home,0,/catalog/apparel,82611,/catalog/electronics,144478
8000001874,9000000000004451,1,1737276960,7,8,cpc,paid-media,mobile,Safari,Germany,Berlin,0,1,/catalog/accessories,0,/catalog/accessories,25820,,
8000001970,9000000000004452,1,1738006500,1,19,(none),(direct),desktop,Chrome,Germany,Berlin,0,4,/catalog/accessories,0,,,,
8000001511,9000000000004453,0,1735919160,5,15,cpc,paid-media,desktop,Safari,Spain,Madrid,0,4,/catalog/electronics,0,/catalog/electronics,69053,/checkout,77450
8000000491,9000000000004454,0,1737334980,1,1,cpc,paid-media,desktop,Chrome,United Kingdom,England,0,1,/catalog/electronics,0,,,,
8000000711,9000000000004455,0,1737327960,7,23,email,newsletter,desktop,Edge,Portugal,Lisbon,0,1,/catalog/accessories,0,,,,
8000002686,9000000000004456,1,1736711760,7,19,referral,partner.example,mobile,Chrome,Portugal,Lisbon,0,1,/catalog/accessories,0,/basket,19382,/catalog/electronics,105745
8000002802,9000000000004457,1,1736565480,6,3,organic,search-engine,desktop,Chrome,Germany,Berlin,0,1,/catalog/accessories,0,/catalog/electronics,50784,/basket,81630
8000002856,9000000000004458,1,1737683520,5,1,referral,partner.example,desktop,Firefox,Germany,Berlin,0,1,/catalog/apparel,0,/checkout,27339,,
8000000974,9000000000004459,1,1737178680,6,5,email,newsletter,mobile,Edge,Portugal,Lisbon,0,2,/catalog/electronics,0,/checkout,35215,,
8000001573,9000000000004460,0,1736452800,4,20,(none),(direct),desktop,Chrome,Portugal,Lisbon,0,1,/home,0,/catalog/accessories,74362,/basket,169805
8000002097,9000000000004461,0,1736302740,3,2,organic,search-engine,mobile,Firefox,France,Ile-de-France,0,1,/home,0,/catalog/electronics,13483,,
8000002232,9000000000004462,1,1737837120,6,20,referral,partner.example,tablet,Firefox,Spain,Madrid,0,1,/catalog/electronics,0,/checkout,79711,/checkout,121571
8000001790,9000000000004463,1,1737216120,6,16,(none),(direct),mobile,Safari,Germany,Berlin,0,1,/catalog/accessories,0,/catalog/accessories,18101,/catalog/accessories,118378
8000002827,9000000000004464,1,1737575280,3,19,email,newsletter,desktop,Chrome,Germany,Berlin,0,1,/catalog/apparel,0,/catalog/electronics,24638,,
8000000758,9000000000004465,0,1736839920,2,7,referral,partner.example,desktop,Firefox,Germany,Berlin,0,3,/product/featured-item,0,/product/featured-item,27246,/catalog/electronics,125709
8000002551,9000000000004466,1,1738128300,3,5,cpc,paid-media,mobile,Safari,Spain,Madrid,0,1,/home,0,,,,
8000003435,9000000000004467,1,1738109880,3,0,(none),(direct),desktop,Chrome,Portugal,Lisbon,0,2,/home,0,/product/featured-item,85148,/product/featured-item,180736
8000002043,9000000000004468,1,1736655240,7,4,organic,search-engine,desktop,Chrome,Portugal,Lisbon,0,1,/catalog/accessories,0,/catalog/apparel,8298,/product/featured-item,117871
8000003392,9000000000004469,1,1737211560,6,14,cpc,paid-media,desktop,Firefox,Germany,Berlin,0,1,/catalog/apparel,0,,,,
8000000555,9000000000004470,1,1737495900,2,21,(none),(direct),desktop,Firefox,United Kingdom,England,0,2,/catalog/apparel,0,,,,
8000001260,9000000000004471,1,1736742840,1,4,(none),(direct),desktop,Edge,Portugal,Lisbon,0,2,/catalog/accessories,0,/product/featured-item,59109,,
8000001278,9000000000004472,1,1736528460,5,17,(none),(direct),desktop,Edge,United Kingdom,England,0,1,/home,0,,,,
8000000681,9000000000004473,0,1738269780,4,20,email,newsletter,desktop,Edge,Spain,Madrid,0,1,/product/featured-item,0,/catalog/electronics,10625,,
8000001087,9000000000004474,0,1738359660,5,21,cpc,paid-media,desktop,Firefox,Portugal,Lisbon,0,1,/catalog/accessories,0,/catalog/accessories,85146,/product/featured-item,162247
8000002195,9000000000004475,0,1736884020,2,19,(none),(direct),desktop,Firefox,Germany,Berlin,0,4,/home,0,,,,
8000002866,9000000000004476,1,1736721660,7,22,referral,partner.example,desktop,Chrome,France,Ile-de-France,0,1,/catalog/apparel,0,/basket,19367,,
8000000832,9000000000004477,0,1737967620,1,8,organic,search-engine,desktop,Safari,United Kingdom,England,0,1,/product/featured-item,0,/product/featured-item,17107,,
8000001441,9000000000004478,0,1736957940,3,16,email,newsletter,desktop,Safari,Spain,Madrid,0,1,/home,0,,,,
8000003376,9000000000004479,1,1737314580,7,19,cpc,paid-media,desktop,Safari,Spain,Madrid,0,1,/product/featured-item,0,/basket,5459,,
8000001619,9000000000004480,1,1736322240,3,7,organic,search-engine,mobile,Chrome,France,Ile-de-France,0,2,/product/featured-item,0,,,,
8000000780,9000000000004481,0,1737848340,6,23,referral,partner.example,desktop,Firefox,United Kingdom,England,0,1,/catalog/apparel,0,,,,
8000002550,9000000000004482,1,1737657060,4,18,email,newsletter,desktop,Edge,France,Ile-de-France,0,1,/product/featured-item,0,/catalog/electronics,14310,/checkout,106053
8000001367,9000000000004483,1,1737243900,6,23,cpc,paid-media,desktop,Safari,Germany,Berlin,0,1,/catalog/apparel,0,,,,
8000001269,9000000000004484,1,1736594160,6,11,(none),(direct),mobile,Firefox,France,Ile-de-France,0,1,/home,0,/catalog/electronics,37199,/product/featured-item,116894
8000000286,9000000000004485,1,1736853720,2,11,email,newsletter,desktop,Safari,Spain,Madrid,0,1,/product/featured-item,0,/catalog/electronics,2432,/product/featured-item,16131
8000002813,9000000000004486,1,1737739140,5,17,(none),(direct),desktop,Safari,Portugal,Lisbon,0,1,/product/featured-item,0,/catalog/accessories,81513,,
8000002873,9000000000004487,1,1736287320,2,22,referral,partner.example,desktop,Edge,Portugal,Lisbon,0,1,/catalog/electronics,0,/catalog/electronics,57931,,
8000002173,9000000000004488,1,1736481180,5,3,(none),(direct),desktop,Edge,Spain,Madrid,0,1,/catalog/accessories,0,/product/featured-item,4410,/catalog/accessories,93734
8000002830,9000000000004489,1,1736844180,2,8,(none),(direct),mobile,Firefox,Spain,Madrid,0,3,/home,0,/basket,20496,/catalog/accessories,34391
8000000485,9000000000004490,1,1736325780,3,8,email,newsletter,desktop,Firefox,Spain,Madrid,0,3,/catalog/accessories,0,/catalog/electronics,10065,/checkout,67926
8000001190,9000000000004491,1,1735779480,4,0,referral,partner.example,mobile,Safari,France,Ile-de-France,0,1,/catalog/accessories,0,/catalog/accessories,45316,/checkout,146227
8000001536,9000000000004492,0,1736948940,3,13,referral,partner.example,desktop,Firefox,Germany,Berlin,0,2,/catalog/accessories,0,,,,
8000001300,9000000000004493,1,1735692720,3,0,referral,partner.example,desktop,Safari,United Kingdom,England,0,4,/product/featured-item,0,/catalog/electronics,53355,/checkout,62404
8000001155,9000000000004494,0,1737963240,1,7,(none),(direct),desktop,Edge,United Kingdom,England,0,2,/product/featured-item,0,/checkout,75275,,
8000002370,9000000000004495,0,1737767400,6,1,organic,search-engine,desktop,Safari,Germany,Berlin,0,1,/catalog/accessories,0,,,,
8000001277,9000000000004496,0,1736458980,4,21,organic,search-engine,desktop,Chrome,Spain,Madrid,0,1,/catalog/apparel,0,,,,
8000002674,9000000000004497,0,1737440040,2,6,organic,search-engine,desktop,Firefox,Spain,Madrid,0,1,/product/featured-item,0,/catalog/electronics,7908,,
8000001204,9000000000004498,0,1735707900,3,5,cpc,paid-media,mobile,Firefox,Spain,Madrid,0,1,/catalog/accessories,0,/product/featured-item,12920,/checkout,21100
8000003164,9000000000004499,1,1738039320,2,4,organic,search-engine,mobile,Firefox,France,Ile-de-France,0,1,/catalog/accessories,0,/catalog/electronics,39038,,
8000002046,9000000000004500,1,1736100300,7,18,email,newsletter,desktop,Edge,United Kingdom,England,0,2,/catalog/accessories,0,,,,
8000003470,9000000000004501,1,1735994400,6,12,email,newsletter,mobile,Chrome,Germany,Berlin,0,1,/catalog/electronics,0,/catalog/accessories,28152,/catalog/accessories,89934
8000002272,9000000000004502,1,1737748080,5,19,email,newsletter,mobile,Safari,France,Ile-de-France,0,1,/product/featured-item,0,,,,
8000002833,9000000000004503,1,1737977280,1,11,email,newsletter,desktop,Firefox,United Kingdom,England,0,1,/catalog/electronics,0,/catalog/apparel,77555,,
8000002009,9000000000004504,1,1737485460,2,18,email,newsletter,desktop,Edge,France,Ile-de-France,0,1,/catalog/electronics,0,/product/featured-item,59771,/basket,134622
8000000416,9000000000004505,1,1737175560,6,4,email,newsletter,desktop,Edge,Portugal,Lisbon,0,2,/catalog/accessories,0,,,,
8000002408,9000000000004506,1,1737150480,5,21,referral,partner.example,desktop,Safari,Germany,Berlin,0,1,/catalog/apparel,0,/basket,23487,,
8000000710,9000000000004507,1,1736966160,3,18,organic,search-engine,desktop,Chrome,Portugal,Lisbon,0,2,/product/featured-item,0,/checkout,70607,,
8000002732,9000000000004508,1,1735955460,6,1,email,newsletter,desktop,Chrome,Portugal,Lisbon,0,4,/catalog/electronics,0,/catalog/accessories,42043,/catalog/accessories,105308
8000002330,9000000000004509,1,1737404760,1,20,organic,search-engine,tablet,Safari,France,Ile-de-France,0,2,/catalog/apparel,0,,,,
8000001055,9000000000004510,1,1736956200,3,15,(none),(direct),desktop,Edge,Germany,Berlin,0,1,/catalog/apparel,0,,,,
8000001890,9000000000004511,1,1737724080,5,13,email,newsletter,desktop,Safari,Spain,Madrid,0,1,/home,0,/catalog/electronics,42578,/product/featured-item,133568
8000002578,9000000000004512,1,1736941560,3,11,email,newsletter,desktop,Safari,Germany,Berlin,1,1,/catalog/apparel,0,/catalog/accessories,24840,,
8000002871,9000000000004513,0,1736146260,1,6,(none),(direct),mobile,Firefox,Portugal,Lisbon,0,1,/product/featured-item,0,/product/featured-item,41658,,
8000001801,9000000000004514,1,1737104760,5,9,organic,search-engine,desktop,Firefox,United Kingdom,England,0,1,/product/featured-item,0,,,,
8000002055,9000000000004515,1,1735870140,5,2,referral,partner.example,mobile,Firefox,France,Ile-de-France,0,1,/catalog/accessories,0,/catalog/accessories,19285,/catalog/electronics,107664
8000000446,9000000000004516,1,1738357620,5,21,email,newsletter,mobile,Safari,Germany,Berlin,0,1,/home,0,/catalog/electronics,32728,/product/featured-item,152126
8000003427,9000000000004517,1,1737385500,1,15,organic,search-engine,mobile,Chrome,Spain,Madrid,1,1,/catalog/electronics,0,/basket,85425,/catalog/accessories,110007
8000002994,9000000000004518,1,1737861180,7,3,referral,partner.example,mobile,Chrome,Germany,Berlin,0,1,/home,0,/catalog/electronics,25721,/checkout,50008
8000000839,9000000000004519,1,1736948820,3,13,(none),(direct),mobile,Safari,Spain,Madrid,0,1,/catalog/accessories,0,,,,
8000000567,9000000000004520,1,1736743080,1,4,organic,search-engine,mobile,Chrome,Germany,Berlin,0,1,/product/featured-item,0,,,,
8000002393,9000000000004521,1,1738238340,4,11,(none),(direct),desktop,Safari,Spain,Madrid,0,1,/product/featured-item,0,,,,
8000002979,9000000000004522,1,1736873520,2,16,cpc,paid-media,mobile,Edge,Germany,Berlin,0,1,/home,0,/basket,68626,,
8000000983,9000000000004523,1,1738218600,4,6,referral,partner.example,desktop,Firefox,France,Ile-de-France,0,1,/catalog/accessories,0,,,,
8000003381,9000000000004524,1,1736876760,2,17,email,newsletter,desktop,Edge,Spain,Madrid,0,2,/catalog/accessories,0,/checkout,82010,/product/featured-item,173311
8000000678,9000000000004525,1,1736378100,3,23,email,newsletter,mobile,Safari,Germany,Berlin,0,2,/catalog/electronics,0,/catalog/accessories,49807,,
8000003440,9000000000004526,0,1736746620,1,5,referral,partner.example,desktop,Edge,Portugal,Lisbon,0,1,/product/featured-item,0,,,,
8000001010,9000000000004527,0,1735697340,3,2,cpc,paid-media,desktop,Firefox,Germany,Berlin,0,1,/catalog/electronics,0,,,,
8000001993,9000000000004528,0,1736057700,7,6,email,newsletter,desktop,Chrome,Spain,Madrid,0,1,/product/featured-item,0,/catalog/electronics,67380,,
8000002963,9000000000004529,1,1738017900,1,22,email,newsletter,mobile,Chrome,Portugal,Lisbon,0,3,/catalog/apparel,0,/basket,62096,,
8000001898,9000000000004530,1,1737751980,5,20,organic,search-engine,desktop,Safari,Portugal,Lisbon,0,1,/catalog/apparel,0,/checkout,77291,/product/featured-item,183830
8000003090,9000000000004531,1,1737476940,2,16,email,newsletter,desktop,Chrome,Germany,Berlin,0,1,/home,0,,,,
8000000261,9000000000004532,1,1736131320,1,2,cpc,paid-media,desktop,Edge,France,Ile-de-France,0,1,/catalog/accessories,0,/product/featured-item,50283,/product/featured-item,66947
8000001217,9000000000004533,1,1736713620,7,20,(none),(direct),mobile,Edge,United Kingdom,England,0,1,/product/featured-item,0,/catalog/apparel,18313,,
8000003455,9000000000004534,1,1737715620,5,10,organic,search-engine,desktop,Safari,Spain,Madrid,0,1,/home,0,,,,
8000000040,9000000000004535,0,1737891840,7,11,referral,partner.example,desktop,Firefox,Portugal,Lisbon,0,1,/home,0,,,,
8000003314,9000000000004536,0,1736460180,4,22,(none),(direct),mobile,Chrome,Portugal,Lisbon,0,1,/catalog/accessories,0,,,,
8000001104,9000000000004537,0,1736498820,5,8,organic,search-engine,mobile,Chrome,Spain,Madrid,0,2,/product/featured-item,0,/catalog/accessories,5779,/checkout,111948
8000002043,9000000000004538,0,1737124740,5,14,(none),(direct),mobile,Edge,United Kingdom,England,0,1,/product/featured-item,0,/catalog/accessories,19455,,
8000002419,9000000000004539,0,1736252880,2,12,(none),(direct),desktop,Chrome,United Kingdom,England,0,1,/catalog/electronics,0,,,,
8000000732,9000000000004540,1,1735812360,4,10,email,newsletter,tablet,Edge,Germany,Berlin,0,1,/product/featured-item,0,/catalog/accessories,73151,,
8000003091,9000000000004541,0,1736701860,7,17,(none),(direct),desktop,Firefox,Portugal,Lisbon,0,1,/catalog/accessories,0,/product/featured-item,55340,,
8000002403,9000000000004542,1,1735942260,5,22,organic,search-engine,desktop,Edge,Portugal,Lisbon,0,1,/home,0,/catalog/electronics,24975,/catalog/electronics,69301
8000002065,9000000000004543,1,1735872300,5,2,(none),(direct),desktop,Edge,France,Ile-de-France,0,3,/catalog/apparel,0,/catalog/accessories,23150,,
8000001986,9000000000004544,0,1737153660,5,22,referral,partner.example,desktop,Safari,France,Ile-de-France,0,1,/home,0,,,,
8000002872,9000000000004545,0,1736737140,1,2,referral,partner.example,desktop,Edge,Germany,Berlin,0,1,/catalog/electronics,0,/catalog/accessories,59557,,
8000001910,9000000000004546,0,1736120520,7,23,(none),(direct),desktop,Firefox,France,Ile-de-France,0,2,/home,0,/catalog/electronics,45432,/product/featured-item,131110
8000002514,9000000000004547,1,1737187680,6,8,(none),(direct),desktop,Edge,United Kingdom,England,0,1,/catalog/accessories,0,,,,
8000003100,9000000000004548,1,1737264600,7,5,referral,partner.example,mobile,Chrome,United Kingdom,England,0,3,/product/featured-item,0,/product/featured-item,4548,,
8000000264,9000000000004549,1,1736025360,6,21,organic,search-engine,desktop,Chrome,Germany,Berlin,0,4,/product/featured-item,0,,,,
8000003407,9000000000004550,0,1736304840,3,2,cpc,paid-media,desktop,Safari,France,Ile-de-France,0,1,/product/featured-item,0,/basket,29233,,
8000000363,9000000000004551,1,1738145160,3,10,referral,partner.example,desktop,Firefox,Spain,Madrid,0,2,/catalog/accessories,0,/catalog/electronics,36745,,
8000003149,9000000000004552,1,1736803140,1,21,cpc,paid-media,mobile,Edge,Germany,Berlin,0,2,/catalog/electronics,0,/product/featured-item,40032,,
8000003341,9000000000004553,1,1735987740,6,10,cpc,paid-media,desktop,Firefox,Germany,Berlin,0,1,/home,0,,,,
8000002790,9000000000004554,1,1737167760,6,2,organic,search-engine,desktop,Safari,Germany,Berlin,0,1,/product/featured-item,0,/basket,51261,,
8000003440,9000000000004555,1,1736492940,5,7,organic,search-engine,desktop,Chrome,United Kingdom,England,0,1,/home,0,,,,
8000000722,9000000000004556,1,1736013780,6,18,referral,partner.example,mobile,Chrome,Spain,Madrid,0,1,/catalog/electronics,0,/checkout,58928,,
8000000702,9000000000004557,1,1736359860,3,18,email,newsletter,mobile,Safari,Portugal,Lisbon,0,1,/catalog/apparel,0,/catalog/accessories,68517,/catalog/electronics,183924
8000003267,9000000000004558,0,1737817320,6,15,referral,partner.example,mobile,Safari,United Kingdom,England,0,1,/catalog/accessories,0,/checkout,48509,,
8000001006,9000000000004559,1,1736421720,4,11,organic,search-engine,mobile,Edge,Portugal,Lisbon,0,1,/catalog/electronics,0,/basket,40224,,
8000003272,9000000000004560,1,1738288680,5,1,cpc,paid-media,desktop,Safari,Portugal,Lisbon,0,2,/catalog/electronics,0,/catalog/apparel,36929,,
8000001435,9000000000004561,1,1736005620,6,15,referral,partner.example,desktop,Chrome,United Kingdom,England,0,1,/catalog/electronics,0,,,,
8000002027,9000000000004562,0,1737904800,7,15,(none),(direct),mobile,Firefox,Portugal,Lisbon,1,1,/product/featured-item,0,/catalog/electronics,37627,/catalog/electronics,121097
8000001377,9000000000004563,0,1736048100,7,3,(none),(direct),desktop,Firefox,France,Ile-de-France,0,1,/product/featured-item,0,,,,
8000003472,9000000000004564,1,1736531460,5,17,email,newsletter,desktop,Safari,Portugal,Lisbon,0,2,/catalog/accessories,0,/product/featured-item,81740,/catalog/electronics,164637
8000001936,9000000000004565,1,1738278960,4,23,email,newsletter,desktop,Safari,Spain,Madrid,0,3,/catalog/apparel,0,/catalog/accessories,88781,,
8000001528,9000000000004566,1,1736747640,1,5,email,newsletter,mobile,Safari,United Kingdom,England,0,1,/catalog/electronics,0,,,,
8000002362,9000000000004567,1,1736936820,3,10,(none),(direct),desktop,Safari,France,Ile-de-France,0,1,/catalog/electronics,0,,,,
8000002732,9000000000004568,1,1737596460,4,1,(none),(direct),desktop,Safari,Portugal,Lisbon,0,1,/catalog/electronics,0,,,,
8000001746,9000000000004569,1,1736401380,4,5,cpc,paid-media,mobile,Chrome,United Kingdom,England,1,1,/catalog/electronics,0,,,,
8000002951,9000000000004570,1,1736225220,2,4,referral,partner.example,mobile,Firefox,Portugal,Lisbon,0,1,/home,0,/catalog/electronics,11033,,
8000002781,9000000000004571,1,1736406420,4,7,(none),(direct),desktop,Firefox,United Kingdom,England,0,1,/catalog/apparel,0,/catalog/electronics,38801,/product/featured-item,114254
8000002203,9000000000004572,1,1736570040,6,4,email,newsletter,mobile,Firefox,Portugal,Lisbon,0,3,/home,0,,,,
8000002717,9000000000004573,1,1737606900,4,4,email,newsletter,mobile,Chrome,United Kingdom,England,0,1,/catalog/accessories,0,,,,
8000001605,9000000000004574,1,1735820400,4,12,cpc,paid-media,desktop,Edge,France,Ile-de-France,0,1,/home,0,/checkout,81460,,
8000000137,9000000000004575,0,1737817320,6,15,email,newsletter,desktop,Edge,Spain,Madrid,0,1,/catalog/electronics,0,,,,
8000000426,9000000000004576,1,1736395560,4,4,cpc,paid-media,desktop,Firefox,United Kingdom,England,0,1,/catalog/electronics,0,/basket,45910,,
8000002419,9000000000004577,1,1738053120,2,8,cpc,paid-media,tablet,Chrome,United Kingdom,England,0,1,/catalog/accessories,0,,,,
8000000320,9000000000004578,0,1736101980,7,18,(none),(direct),desktop,Chrome,United Kingdom,England,0,1,/catalog/electronics,0,/catalog/electronics,27446,,
8000002085,9000000000004579,1,1736959440,3,16,email,newsletter,desktop,Edge,France,Ile-de-France,0,1,/catalog/accessories,0,,,,
8000003022,9000000000004580,0,1737023700,4,10,(none),(direct),mobile,Edge,Spain,Madrid,0,1,/catalog/accessories,0,/catalog/electronics,32361,,
8000000338,9000000000004581,0,1735968480,6,5,email,newsletter,desktop,Edge,Spain,Madrid,0,1,/catalog/electronics,0,/catalog/apparel,47125,,
8000003099,9000000000004582,1,1738143120,3,9,(none),(direct),desktop,Edge,United Kingdom,England,0,1,/home,0,/catalog/electronics,7909,/checkout,83081
8000001731,9000000000004583,1,1736781060,1,15,cpc,paid-media,desktop,Safari,Germany,Berlin,0,1,/catalog/accessories,0,,,,
8000001348,9000000000004584,1,1737807960,6,12,referral,partner.example,desktop,Firefox,Spain,Madrid,0,1,/catalog/apparel,0,,,,
8000001465,9000000000004585,0,1736812680,1,23,(none),(direct),desktop,Safari,United Kingdom,England,0,2,/catalog/electronics,0,,,,
8000001760,9000000000004586,1,1737399180,1,18,email,newsletter,desktop,Chrome,Germany,Berlin,0,1,/home,0,/checkout,4787,,
8000000841,9000000000004587,0,1736349420,3,15,cpc,paid-media,desktop,Firefox,Portugal,Lisbon,0,1,/product/featured-item,0,/catalog/apparel,55220,,
8000000285,9000000000004588,1,1737228960,6,19,referral,partner.example,tablet,Firefox,Germany,Berlin,0,3,/catalog/apparel,0,,,,
8000001452,9000000000004589,1,1735935060,5,20,organic,search-engine,desktop,Edge,United Kingdom,England,0,1,/product/featured-item,0,/catalog/accessories,78741,/basket,197626
8000001901,9000000000004590,1,1737243300,6,23,cpc,paid-media,mobile,Chrome,Germany,Berlin,0,2,/home,0,/catalog/accessories,29866,,
8000003129,9000000000004591,1,1737555000,3,14,organic,search-engine,desktop,Chrome,Germany,Berlin,0,1,/catalog/accessories,0,,,,
8000002291,9000000000004592,1,1737165120,6,1,email,newsletter,mobile,Safari,Germany,Berlin,1,1,/catalog/apparel,0,,,,
8000000840,9000000000004593,1,1736565000,6,3,organic,search-engine,mobile,Safari,Spain,Madrid,0,1,/home,0,/product/featured-item,39580,/catalog/accessories,50952
8000001222,9000000000004594,1,1736108160,7,20,cpc,paid-media,desktop,Safari,Germany,Berlin,0,3,/catalog/apparel,0,,,,
8000002497,9000000000004595,0,1737474300,2,15,referral,partner.example,tablet,Edge,Spain,Madrid,0,1,/catalog/accessories,0,/product/featured-item,83840,/checkout,196371
8000001501,9000000000004596,1,1737088620,5,4,organic,search-engine,desktop,Chrome,Portugal,Lisbon,0,1,/product/featured-item,0,,,,
8000002929,9000000000004597,1,1738008420,1,20,email,newsletter,desktop,Chrome,Spain,Madrid,0,1,/product/featured-item,0,,,,
8000001588,9000000000004598,1,1737124020,5,14,email,newsletter,mobile,Chrome,Germany,Berlin,0,1,/catalog/apparel,0,/basket,49294,,
8000003157,9000000000004599,1,1735966080,6,4,organic,search-engine,desktop,Firefox,Spain,Madrid,0,3,/home,0,/checkout,85252,/basket,143551
8000000579,9000000000004600,1,1736080140,7,12,organic,search-engine,desktop,Edge,Germany,Berlin,0,1,/catalog/apparel,0,/basket,9925,/catalog/electronics,80903
8000001422,9000000000004601,0,1738354440,5,20,email,newsletter,mobile,Firefox,United Kingdom,England,1,2,/catalog/electronics,0,/catalog/accessories,86325,/checkout,130561
8000000363,9000000000004602,1,1735759140,3,19,email,newsletter,tablet,Chrome,Germany,Berlin,0,1,/home,0,/basket,86492,,
8000003413,9000000000004603,1,1737183360,6,6,email,newsletter,mobile,Firefox,Germany,Berlin,0,1,/catalog/accessories,0,/catalog/accessories,26629,/checkout,102231
8000002604,9000000000004604,1,1736235120,2,7,organic,search-engine,desktop,Edge,Germany,Berlin,0,2,/catalog/apparel,0,/catalog/electronics,60544,,
8000001483,9000000000004605,1,1737037740,4,14,referral,partner.example,desktop,Safari,Germany,Berlin,0,1,/catalog/electronics,0,,,,
8000003124,9000000000004606,1,1736323800,3,8,referral,partner.example,desktop,Edge,Germany,Berlin,0,1,/catalog/apparel,0,,,,
8000000950,9000000000004607,1,1735700760,3,3,organic,search-engine,desktop,Firefox,Germany,Berlin,0,2,/home,0,/product/featured-item,9365,/catalog/accessories,115429
8000002218,9000000000004608,1,1736929620,3,8,referral,partner.example,desktop,Firefox,United Kingdom,England,0,1,/home,0,/catalog/apparel,4570,,
8000001490,9000000000004609,0,1735859520,4,23,(none),(direct),desktop,Chrome,United Kingdom,England,0,1,/product/featured-item,0,/catalog/accessories,78008,,
8000001970,9000000000004610,1,1737278880,7,9,(none),(direct),desktop,Edge,United Kingdom,England,0,1,/product/featured-item,0,/catalog/electronics,23333,,
8000001441,9000000000004611,1,1737528120,3,6,email,newsletter,desktop,Safari,Germany,Berlin,0,1,/catalog/electronics,0,,,,
8000002023,9000000000004612,1,1737031500,4,12,organic,search-engine,desktop,Safari,Spain,Madrid,0,2,/catalog/apparel,0,/catalog/electronics,42912,/basket,124837
8000000370,9000000000004613,1,1737358260,1,7,cpc,paid-media,desktop,Chrome,France,Ile-de-France,0,1,/catalog/apparel,0,/basket,81833,,
8000003059,9000000000004614,1,1735775100,3,23,referral,partner.example,mobile,Safari,Germany,Berlin,0,1,/catalog/accessories,0,,,,
8000002415,9000000000004615,1,1736654460,7,4,(none),(direct),desktop,Safari,Spain,Madrid,0,1,/catalog/electronics,0,/catalog/accessories,46293,,
8000000820,9000000000004616,0,1738173540,3,17,email,newsletter,mobile,Edge,Germany,Berlin,0,1,/product/featured-item,0,,,,
8000001459,9000000000004617,0,1737692160,5,4,referral,partner.example,desktop,Edge,Germany,Berlin,0,2,/product/featured-item,0,,,,
8000002404,9000000000004618,0,1735956300,6,2,email,newsletter,mobile,Firefox,United Kingdom,England,0,4,/home,0,/catalog/accessories,66437,,
8000001100,9000000000004619,1,1738321500,5,11,email,newsletter,mobile,Edge,Spain,Madrid,0,1,/catalog/electronics,0,,,,
8000000469,9000000000004620,0,1738143480,3,9,organic,search-engine,desktop,Chrome,Portugal,Lisbon,0,1,/catalog/accessories,0,/catalog/apparel,48275,/product/featured-item,97960
8000003304,9000000000004621,1,1738029840,2,2,(none),(direct),desktop,Chrome,United Kingdom,England,0,1,/home,0,/basket,13323,,
8000003007,9000000000004622,1,1737666660,4,21,cpc,paid-media,mobile,Chrome,United Kingdom,England,0,1,/catalog/electronics,0,/catalog/apparel,56348,,
8000000691,9000000000004623,1,1738238160,4,11,email,newsletter,desktop,Edge,Germany,Berlin,0,1,/home,0,/checkout,14651,,
8000001407,9000000000004624,0,1736734200,1,2,referral,partner.example,desktop,Chrome,Spain,Madrid,0,1,/catalog/accessories,0,,,,
8000002910,9000000000004625,1,1737449220,2,8,organic,search-engine,mobile,Chrome,Portugal,Lisbon,0,1,/catalog/electronics,0,,,,
8000003202,9000000000004626,0,1736658540,7,5,referral,partner.example,desktop,Firefox,Germany,Berlin,0,1,/product/featured-item,0,/catalog/accessories,6683,/catalog/electronics,114446
8000003125,9000000000004627,0,1738192440,3,23,organic,search-engine,desktop,Chrome,France,Ile-de-France,0,1,/home,0,,,,
8000003020,9000000000004628,0,1735915320,5,14,email,newsletter,mobile,Edge,Germany,Berlin,0,2,/home,0,/catalog/apparel,52630,,
8000002320,9000000000004629,1,1737802560,6,10,cpc,paid-media,desktop,Safari,Spain,Madrid,0,4,/catalog/apparel,0,/checkout,26845,/product/featured-item,43164
8000001471,9000000000004630,0,1736838960,2,7,cpc,paid-media,desktop,Firefox,United Kingdom,England,0,1,/home,0,/catalog/accessories,87365,/catalog/accessories,200322
8000001842,9000000000004631,1,1737308700,7,17,email,newsletter,mobile,Firefox,Germany,Berlin,0,1,/product/featured-item,0,/basket,19025,,
8000002827,9000000000004632,0,1736124660,1,0,referral,partner.example,desktop,Firefox,France,Ile-de-France,0,1,/home,0,,,,
8000003190,9000000000004633,0,1737531840,3,7,referral,partner.example,mobile,Firefox,Germany,Berlin,0,1,/product/featured-item,0,,,,
8000001135,9000000000004634,1,1736984280,3,23,(none),(direct),desktop,Chrome,Spain,Madrid,0,1,/catalog/electronics,0,/product/featured-item,2759,,
8000001987,9000000000004635,1,1736187000,1,18,email,newsletter,desktop,Chrome,United Kingdom,England,0,1,/product/featured-item,0,/checkout,37521,,
8000000157,9000000000004636,1,1737284400,7,11,cpc,paid-media,desktop,Safari,Spain,Madrid,0,2,/catalog/accessories,0,/catalog/apparel,27200,,
8000000819,9000000000004637,1,1737616140,4,7,organic,search-engine,desktop,Safari,United Kingdom,England,0,1,/catalog/accessories,0,/catalog/electronics,26287,/product/featured-item,134620
8000002317,9000000000004638,1,1737483660,2,18,referral,partner.example,tablet,Safari,United Kingdom,England,0,1,/catalog/accessories,0,/basket,87288,,
8000003477,9000000000004639,1,1736559180,6,1,email,newsletter,desktop,Firefox,Spain,Madrid,0,1,/home,0,/product/featured-item,2960,/basket,30186
8000000900,9000000000004640,0,1737564480,3,16,organic,search-engine,desktop,Safari,Germany,Berlin,0,1,/home,0,,,,
8000003479,9000000000004641,0,1738153440,3,12,referral,partner.example,tablet,Chrome,Portugal,Lisbon,0,1,/product/featured-item,0,/catalog/electronics,38861,/catalog/electronics,58275
8000001961,9000000000004642,1,1738208460,4,3,referral,partner.example,mobile,Chrome,France,Ile-de-France,0,2,/catalog/apparel,0,,,,
8000000398,9000000000004643,1,1736923740,3,6,cpc,paid-media,desktop,Firefox,Spain,Madrid,0,1,/product/featured-item,0,/product/featured-item,26736,,
8000001246,9000000000004644,1,1738113060,3,1,organic,search-engine,mobile,Firefox,Germany,Berlin,0,1,/catalog/accessories,0,/catalog/electronics,30816,,
8000002973,9000000000004645,1,1736950800,3,14,referral,partner.example,mobile,Edge,United Kingdom,England,0,1,/catalog/electronics,0,/product/featured-item,22468,/product/featured-item,95459
8000001639,9000000000004646,1,1736592300,6,10,referral,partner.example,mobile,Chrome,Spain,Madrid,0,1,/home,0,,,,
8000001553,9000000000004647,1,1737697500,5,5,referral,partner.example,desktop,Firefox,Germany,Berlin,0,2,/catalog/electronics,0,/catalog/electronics,77218,,
8000001521,9000000000004648,0,1738217940,4,6,email,newsletter,tablet,Firefox,Germany,Berlin,0,4,/home,0,/catalog/accessories,85953,,
8000001877,9000000000004649,1,1737091260,5,5,referral,partner.example,desktop,Firefox,Spain,Madrid,0,1,/catalog/accessories,0,/catalog/electronics,76091,,
8000001729,9000000000004650,1,1736989980,4,1,organic,search-engine,desktop,Firefox,United Kingdom,England,0,1,/home,0,/checkout,8909,,
8000001402,9000000000004651,1,1737921360,7,19,cpc,paid-media,desktop,Safari,France,Ile-de-France,0,1,/catalog/accessories,0,,,,
8000001058,9000000000004652,0,1736073420,7,10,email,newsletter,desktop,Safari,United Kingdom,England,0,1,/catalog/apparel,0,,,,
8000001523,9000000000004653,1,1738332960,5,14,referral,partner.example,mobile,Edge,Portugal,Lisbon,0,3,/catalog/accessories,0,,,,
8000002619,9000000000004654,0,1738253760,4,16,referral,partner.example,mobile,Edge,United Kingdom,England,0,1,/product/featured-item,0,,,,
8000001728,9000000000004655,0,1737449940,2,8,email,newsletter,mobile,Edge,France,Ile-de-France,0,1,/home,0,,,,
8000001874,9000000000004656,0,1735938540,5,21,(none),(direct),desktop,Edge,Portugal,Lisbon,0,3,/home,0,/catalog/electronics,20753,/catalog/accessories,74380
8000002066,9000000000004657,1,1737525660,3,6,organic,search-engine,mobile,Firefox,France,Ile-de-France,0,1,/home,0,/basket,4746,,
8000002388,9000000000004658,0,1737993060,1,15,(none),(direct),desktop,Firefox,United Kingdom,England,0,1,/home,0,/catalog/electronics,18011,,
8000001276,9000000000004659,1,1736204820,1,23,referral,partner.example,mobile,Safari,France,Ile-de-France,0,1,/home,0,/catalog/electronics,70662,/catalog/electronics,161751
8000002293,9000000000004660,1,1736142840,1,5,organic,search-engine,mobile,Safari,France,Ile-de-France,0,1,/home,0,/catalog/electronics,17280,/catalog/accessories,24134
8000003417,9000000000004661,1,1736163480,1,11,referral,partner.example,desktop,Safari,France,Ile-de-France,0,1,/catalog/apparel,0,/checkout,85848,,
8000000411,9000000000004662,1,1738254660,4,16,email,newsletter,desktop,Edge,Portugal,Lisbon,0,1,/catalog/apparel,0,/product/featured-item,18947,/catalog/accessories,117588
8000001320,9000000000004663,1,1736785440,1,16,organic,search-engine,mobile,Firefox,Germany,Berlin,0,2,/product/featured-item,0,/checkout,49173,,
8000001988,9000000000004664,0,1737256140,7,3,(none),(direct),mobile,Firefox,United Kingdom,England,0,1,/catalog/apparel,0,,,,
8000000330,9000000000004665,1,1736273940,2,18,referral,partner.example,desktop,Edge,Germany,Berlin,0,1,/catalog/apparel,0,/basket,67503,,
8000000925,9000000000004666,1,1737003240,4,4,referral,partner.example,desktop,Firefox,Spain,Madrid,0,1,/catalog/electronics,0,/catalog/apparel,71954,/checkout,136112
8000000663,9000000000004667,0,1738129860,3,5,(none),(direct),desktop,Chrome,France,Ile-de-France,0,1,/catalog/accessories,0,,,,
8000001687,9000000000004668,1,1736153040,1,8,email,newsletter,desktop,Chrome,United Kingdom,England,0,1,/catalog/electronics,0,/catalog/accessories,84592,,
8000002061,9000000000004669,1,1737020880,4,9,(none),(direct),mobile,Edge,Germany,Berlin,0,2,/catalog/apparel,0,/product/featured-item,19974,,
8000002512,9000000000004670,1,1736512260,5,12,organic,search-engine,desktop,Safari,Germany,Berlin,0,1,/home,0,,,,
8000001016,9000000000004671,0,1737819840,6,15,cpc,paid-media,tablet,Firefox,France,Ile-de-France,0,4,/catalog/apparel,0,,,,
8000001610,9000000000004672,1,1737793500,6,8,referral,partner.example,desktop,Chrome,United Kingdom,England,0,1,/catalog/electronics,0,/catalog/accessories,58794,/basket,102991
8000003207,9000000000004673,0,1736146680,1,6,referral,partner.example,desktop,Edge,Germany,Berlin,0,1,/product/featured-item,0,/catalog/electronics,52524,/basket,152723
8000002734,9000000000004674,0,1736135280,1,3,referral,partner.example,mobile,Safari,Spain,Madrid,0,2,/catalog/accessories,0,,,,
8000003095,9000000000004675,1,1736409480,4,7,organic,search-engine,desktop,Edge,Germany,Berlin,0,1,/catalog/apparel,0,/basket,6019,,
8000002042,9000000000004676,0,1735870260,5,2,organic,search-engine,desktop,Edge,Spain,Madrid,0,1,/catalog/accessories,0,/product/featured-item,30537,,
8000002446,9000000000004677,1,1735716480,3,7,organic,search-engine,desktop,Safari,Spain,Madrid,0,1,/catalog/accessories,0,/checkout,5153,,
8000001316,9000000000004678,0,1737554580,3,14,email,newsletter,mobile,Edge,United Kingdom,England,0,1,/product/featured-item,0,,,,
8000002616,9000000000004679,1,1735997400,6,13,organic,search-engine,tablet,Safari,United Kingdom,England,0,2,/product/featured-item,0,/catalog/accessories,42913,/basket,126598
8000000919,9000000000004680,1,1736033820,6,23,referral,partner.example,desktop,Safari,Portugal,Lisbon,0,2,/catalog/electronics,0,,,,
8000003071,9000000000004681,1,1737482580,2,18,referral,partner.example,mobile,Firefox,Germany,Berlin,0,2,/catalog/electronics,0,/checkout,56270,,
8000000358,9000000000004682,1,1738322640,5,11,email,newsletter,desktop,Safari,United Kingdom,England,0,1,/catalog/apparel,0,/catalog/apparel,88699,/checkout,208416
8000000261,9000000000004683,1,1738129200,3,5,cpc,paid-media,mobile,Safari,United Kingdom,England,0,1,/catalog/apparel,0,,,,
8000000172,9000000000004684,1,1735942200,5,22,organic,search-engine,tablet,Safari,United Kingdom,England,0,2,/catalog/apparel,0,/basket,65016,,
8000002679,9000000000004685,0,1738334700,5,14,cpc,paid-media,desktop,Safari,Germany,Berlin,0,1,/catalog/accessories,0,/catalog/apparel,2771,/product/featured-item,71480
8000001026,9000000000004686,1,1736285160,2,21,email,newsletter,desktop,Firefox,France,Ile-de-France,0,1,/catalog/electronics,0,/basket,67002,,
8000000178,9000000000004687,1,1736300220,3,1,referral,partner.example,mobile,Chrome,United Kingdom,England,0,1,/home,0,,,,
8000002447,9000000000004688,1,1736058060,7,6,organic,search-engine,desktop,Safari,Spain,Madrid,0,3,/catalog/apparel,0,,,,
8000001271,9000000000004689,1,1736046240,7,3,organic,search-engine,mobile,Firefox,Spain,Madrid,0,1,/catalog/electronics,0,,,,
8000000833,9000000000004690,0,1736107920,7,20,organic,search-engine,mobile,Edge,Spain,Madrid,0,2,/product/featured-item,0,/basket,63413,/catalog/accessories,169389
8000002503,9000000000004691,1,1737321480,7,21,organic,search-engine,mobile,Edge,Germany,Berlin,0,1,/home,0,,,,
8000001235,9000000000004692,1,1736358600,3,17,(none),(direct),desktop,Firefox,United Kingdom,England,0,1,/home,0,,,,
8000002160,9000000000004693,0,1736279580,2,19,email,newsletter,mobile,Firefox,Spain,Madrid,0,2,/catalog/accessories,0,/product/featured-item,75077,/catalog/accessories,98186
8000000623,9000000000004694,1,1737675360,4,23,(none),(direct),desktop,Chrome,Portugal,Lisbon,0,1,/home,0,/product/featured-item,37953,,
8000002073,9000000000004695,0,1736871480,2,16,(none),(direct),mobile,Edge,Portugal,Lisbon,0,1,/home,0,/catalog/apparel,8513,,
8000002146,9000000000004696,1,1737419760,2,0,(none),(direct),desktop,Chrome,Germany,Berlin,0,1,/catalog/apparel,0,/catalog/accessories,70447,/catalog/electronics,186828
8000001318,9000000000004697,1,1737860100,7,2,organic,search-engine,mobile,Safari,Portugal,Lisbon,0,1,/catalog/apparel,0,/product/featured-item,20606,,
8000000813,9000000000004698,1,1736989680,4,1,organic,search-engine,desktop,Chrome,Germany,Berlin,0,2,/product/featured-item,0,/catalog/apparel,50498,,
8000000827,9000000000004699,0,1736347620,3,14,(none),(direct),tablet,Firefox,Portugal,Lisbon,0,1,/home,0,/product/featured-item,38653,/catalog/electronics,69467
8000002930,9000000000004700,1,1738237020,4,11,(none),(direct),mobile,Firefox,France,Ile-de-France,0,1,/catalog/accessories,0,,,,
8000002964,9000000000004701,0,1736604300,6,14,referral,partner.example,tablet,Chrome,Portugal,Lisbon,0,1,/product/featured-item,0,/catalog/apparel,46422,/catalog/accessories,120187
8000001433,9000000000004702,1,1736618340,6,17,email,newsletter,desktop,Chrome,Germany,Berlin,0,3,/catalog/accessories,0,/catalog/accessories,80189,/checkout,187546
8000003169,9000000000004703,1,1736634120,6,22,cpc,paid-media,mobile,Edge,Spain,Madrid,0,2,/catalog/accessories,0,/catalog/accessories,28828,,
8000001378,9000000000004704,1,1737274140,7,8,(none),(direct),desktop,Chrome,Portugal,Lisbon,0,1,/product/featured-item,0,,,,
8000002895,9000000000004705,1,1736857860,2,12,cpc,paid-media,tablet,Chrome,United Kingdom,England,0,1,/catalog/apparel,0,,,,
8000003187,9000000000004706,1,1736790540,1,17,cpc,paid-media,desktop,Safari,United Kingdom,England,0,1,/catalog/accessories,0,/catalog/electronics,35424,,
8000000167,9000000000004707,1,1737472500,2,15,(none),(direct),mobile,Chrome,Spain,Madrid,0,2,/product/featured-item,0,/catalog/apparel,87462,/basket,144664
8000002971,9000000000004708,1,1736556300,6,0,organic,search-engine,mobile,Edge,Germany,Berlin,0,1,/home,0,,,,
8000001508,9000000000004709,0,1737102780,5,8,referral,partner.example,mobile,Firefox,Spain,Madrid,0,1,/catalog/electronics,0,,,,
8000001341,9000000000004710,0,1736205780,1,23,(none),(direct),desktop,Chrome,Spain,Madrid,0,1,/catalog/accessories,0,,,,
8000002351,9000000000004711,1,1736465460,4,23,cpc,paid-media,mobile,Chrome,France,Ile-de-France,0,1,/catalog/apparel,0,,,,
8000000596,9000000000004712,1,1737894060,7,12,cpc,paid-media,tablet,Firefox,France,Ile-de-France,0,2,/catalog/apparel,0,/checkout,86550,,
8000001419,9000000000004713,1,1736008320,6,16,(none),(direct),mobile,Safari,Portugal,Lisbon,0,1,/catalog/accessories,0,,,,
8000002398,9000000000004714,1,1736238060,2,8,(none),(direct),mobile,Safari,France,Ile-de-France,0,1,/product/featured-item,0,/checkout,66383,/product/featured-item,129770
8000001705,9000000000004715,0,1738096560,2,20,referral,partner.example,mobile,Edge,Spain,Madrid,0,1,/catalog/accessories,0,/catalog/electronics,50081,,
8000003330,9000000000004716,1,1737085500,5,3,referral,partner.example,mobile,Safari,Spain,Madrid,0,1,/product/featured-item,0,/catalog/accessories,49404,/product/featured-item,125738
8000001927,9000000000004717,0,1736840580,2,7,email,newsletter,desktop,Chrome,Germany,Berlin,0,1,/home,0,,,,
8000000932,9000000000004718,0,1735768680,3,21,organic,search-engine,desktop,Edge,Portugal,Lisbon,1,1,/catalog/electronics,0,/catalog/apparel,47132,/product/featured-item,98114
8000000690,9000000000004719,1,1735972140,6,6,cpc,paid-media,mobile,Firefox,France,Ile-de-France,0,3,/catalog/electronics,0,/checkout,9779,,
8000001379,9000000000004720,1,1737083640,5,3,organic,search-engine,mobile,Chrome,Spain,Madrid,0,3,/home,0,,,,
8000000955,9000000000004721,0,1737487260,2,19,organic,search-engine,mobile,Edge,France,Ile-de-France,0,1,/catalog/apparel,0,,,,
8000001985,9000000000004722,0,1736169480,1,13,email,newsletter,desktop,Safari,France,Ile-de-France,0,2,/product/featured-item,0,/catalog/accessories,70126,,
8000001819,9000000000004723,1,1736386380,4,1,organic,search-engine,desktop,Firefox,Spain,Madrid,0,1,/catalog/apparel,0,/catalog/accessories,65105,,
8000001954,9000000000004724,0,1736839740,2,7,organic,search-engine,desktop,Safari,France,Ile-de-France,0,1,/catalog/apparel,0,/catalog/electronics,75362,,
8000000495,9000000000004725,0,1735804140,4,7,(none),(direct),desktop,Firefox,France,Ile-de-France,0,2,/home,0,,,,
8000001037,9000000000004726,1,1736616180,6,17,(none),(direct),desktop,Firefox,Spain,Madrid,0,1,/catalog/electronics,0,/product/featured-item,77786,,
8000000374,9000000000004727,1,1737789900,6,7,organic,search-engine,mobile,Firefox,Spain,Madrid,0,1,/catalog/apparel,0,/catalog/apparel,55622,/catalog/accessories,70065
8000003262,9000000000004728,1,1736661780,7,6,cpc,paid-media,desktop,Firefox,France,Ile-de-France,0,1,/catalog/electronics,0,/checkout,17684,/product/featured-item,54436
8000002721,9000000000004729,1,1736125080,1,0,(none),(direct),desktop,Safari,Germany,Berlin,0,1,/catalog/electronics,0,,,,
8000001697,9000000000004730,1,1737107640,5,9,referral,partner.example,desktop,Chrome,France,Ile-de-France,0,1,/catalog/apparel,0,,,,
8000003144,9000000000004731,0,1737450360,2,9,email,newsletter,desktop,Chrome,Germany,Berlin,0,1,/catalog/apparel,0,/product/featured-item,81181,/checkout,102862
8000000930,9000000000004732,1,1737557520,3,14,referral,partner.example,desktop,Chrome,Spain,Madrid,0,1,/home,0,/catalog/accessories,40274,,
8000002490,9000000000004733,1,1736981820,3,22,(none),(direct),desktop,Chrome,Portugal,Lisbon,0,1,/catalog/accessories,0,/basket,21556,,
8000002819,9000000000004734,1,1736947080,3,13,cpc,paid-media,desktop,Edge,France,Ile-de-France,0,1,/catalog/apparel,0,,,,
8000000408,9000000000004735,1,1737262620,7,4,organic,search-engine,desktop,Safari,France,Ile-de-France,0,1,/product/featured-item,0,/basket,2495,,
8000002831,9000000000004736,1,1737227640,6,19,email,newsletter,desktop,Firefox,United Kingdom,England,0,2,/catalog/apparel,0,,,,
8000003279,9000000000004737,0,1736103240,7,18,email,newsletter,desktop,Safari,Germany,Berlin,0,3,/catalog/electronics,0,/product/featured-item,72593,/catalog/accessories,153647
8000000252,9000000000004738,0,1736042760,7,2,referral,partner.example,desktop,Edge,United Kingdom,England,0,1,/catalog/electronics,0,/product/featured-item,17773,/catalog/electronics,111775
8000001429,9000000000004739,1,1738008420,1,20,email,newsletter,mobile,Safari,France,Ile-de-France,0,4,/catalog/electronics,0,/product/featured-item,38709,,
8000002996,9000000000004740,1,1737212520,6,15,(none),(direct),mobile,Chrome,Germany,Berlin,0,2,/catalog/apparel,0,/checkout,37812,/basket,71883
8000000159,9000000000004741,1,1735841400,4,18,cpc,paid-media,mobile,Chrome,Spain,Madrid,0,1,/catalog/electronics,0,/catalog/accessories,74818,,
8000003092,9000000000004742,1,1736493900,5,7,email,newsletter,mobile,Edge,Spain,Madrid,0,1,/home,0,,,,
8000003039,9000000000004743,1,1737199680,6,11,referral,partner.example,desktop,Edge,United Kingdom,England,0,1,/catalog/accessories,0,/product/featured-item,48303,/catalog/accessories,161038
8000003199,9000000000004744,0,1737309300,7,17,(none),(direct),desktop,Safari,Portugal,Lisbon,0,1,/catalog/electronics,0,/catalog/electronics,89264,/product/featured-item,191272
8000003178,9000000000004745,1,1738249260,4,15,organic,search-engine,desktop,Chrome,Germany,Berlin,0,1,/product/featured-item,0,,,,
8000000544,9000000000004746,1,1737928980,7,22,cpc,paid-media,desktop,Edge,Germany,Berlin,0,1,/catalog/accessories,0,/product/featured-item,58056,,
8000000525,9000000000004747,1,1737557760,3,14,referral,partner.example,desktop,Firefox,Portugal,Lisbon,0,1,/product/featured-item,0,,,,
8000001130,9000000000004748,1,1736138760,1,4,referral,partner.example,tablet,Edge,Spain,Madrid,0,1,/catalog/apparel,0,,,,
8000003252,9000000000004749,1,1737828780,6,18,referral,partner.example,desktop,Edge,Germany,Berlin,0,1,/product/featured-item,0,/product/featured-item,78115,,
8000000714,9000000000004750,1,1737158940,6,0,cpc,paid-media,mobile,Chrome,Germany,Berlin,0,1,/catalog/apparel,0,/catalog/apparel,2480,,
8000002783,9000000000004751,1,1736872740,2,16,email,newsletter,mobile,Edge,Germany,Berlin,0,4,/catalog/electronics,0,/checkout,49107,/catalog/accessories,124707
8000001454,9000000000004752,1,1737647280,4,15,organic,search-engine,desktop,Chrome,Spain,Madrid,0,1,/catalog/electronics,0,/basket,70425,/checkout,107167
8000002453,9000000000004753,1,1735995060,6,12,cpc,paid-media,desktop,Firefox,France,Ile-de-France,0,3,/catalog/electronics,0,/catalog/electronics,29483,/product/featured-item,141341
8000000106,9000000000004754,1,1736955480,3,15,email,newsletter,desktop,Edge,Portugal,Lisbon,0,1,/catalog/apparel,0,,,,
8000002406,9000000000004755,1,1737312960,7,18,cpc,paid-media,mobile,Chrome,France,Ile-de-France,0,1,/catalog/electronics,0,,,,
8000002215,9000000000004756,0,1735860720,4,23,cpc,paid-media,desktop,Edge,Portugal,Lisbon,0,1,/catalog/electronics,0,,,,
8000001646,9000000000004757,1,1737195960,6,10,organic,search-engine,desktop,Safari,Spain,Madrid,0,1,/catalog/apparel,0,/checkout,58372,,
8000000560,9000000000004758,1,1736665680,7,7,email,newsletter,desktop,Chrome,Spain,Madrid,0,1,/home,0,/catalog/electronics,87802,/product/featured-item,182080
8000000694,9000000000004759,1,1737109260,5,10,email,newsletter,tablet,Safari,Portugal,Lisbon,0,1,/catalog/accessories,0,/catalog/apparel,54785,/catalog/electronics,100471
8000000400,9000000000004760,1,1737438000,2,5,cpc,paid-media,desktop,Safari,United Kingdom,England,0,1,/product/featured-item,0,/product/featured-item,5423,/checkout,116020
8000002523,9000000000004761,1,1737585180,3,22,email,newsletter,mobile,Safari,Germany,Berlin,0,2,/catalog/electronics,0,/checkout,15019,,
8000000415,9000000000004762,1,1736866860,2,15,referral,partner.example,mobile,Chrome,United Kingdom,England,0,1,/product/featured-item,0,/catalog/electronics,40015,,
8000002987,9000000000004763,1,1737841140,6,21,organic,search-engine,mobile,Chrome,Spain,Madrid,0,1,/catalog/electronics,0,/product/featured-item,9712,/product/featured-item,76585
8000001040,9000000000004764,1,1737356400,1,7,(none),(direct),tablet,Edge,Portugal,Lisbon,0,1,/product/featured-item,0,,,,
8000000106,9000000000004765,0,1736434260,4,14,(none),(direct),desktop,Firefox,Germany,Berlin,0,1,/product/featured-item,0,,,,
8000003044,9000000000004766,1,1737653940,4,17,email,newsletter,desktop,Firefox,United Kingdom,England,0,3,/product/featured-item,0,,,,
8000001850,9000000000004767,1,1738211580,4,4,organic,search-engine,desktop,Chrome,Germany,Berlin,0,2,/catalog/accessories,0,,,,
8000000371,9000000000004768,1,1736696940,7,15,referral,partner.example,desktop,Firefox,Germany,Berlin,0,1,/home,0,,,,
8000003216,9000000000004769,1,1735720860,3,8,email,newsletter,mobile,Edge,Spain,Madrid,0,1,/catalog/electronics,0,,,,
8000000713,9000000000004770,1,1736436600,4,15,referral,partner.example,desktop,Firefox,Germany,Berlin,0,1,/catalog/accessories,0,/basket,10336,/catalog/electronics,130192
8000001993,9000000000004771,1,1736552520,5,23,referral,partner.example,mobile,Edge,Portugal,Lisbon,0,1,/catalog/apparel,0,,,,
8000000354,9000000000004772,0,1736387640,4,1,email,newsletter,desktop,Firefox,Portugal,Lisbon,0,4,/catalog/electronics,0,,,,
8000000468,9000000000004773,1,1737508020,3,1,email,newsletter,desktop,Firefox,France,Ile-de-France,0,3,/product/featured-item,0,,,,
8000001110,9000000000004774,1,1736176320,1,15,cpc,paid-media,desktop,Safari,Spain,Madrid,0,4,/catalog/apparel,0,/product/featured-item,45216,,
8000001573,9000000000004775,0,1736452140,4,19,organic,search-engine,mobile,Safari,Portugal,Lisbon,0,1,/product/featured-item,0,,,,
8000000828,9000000000004776,1,1735865820,5,0,(none),(direct),desktop,Firefox,Portugal,Lisbon,0,1,/home,0,,,,
8000000888,9000000000004777,1,1738238820,4,12,(none),(direct),desktop,Firefox,Portugal,Lisbon,0,1,/catalog/apparel,0,/basket,68040,/catalog/accessories,130001
8000002349,9000000000004778,1,1737141120,5,19,organic,search-engine,mobile,Chrome,Spain,Madrid,0,1,/catalog/apparel,0,/catalog/electronics,33720,/basket,51378
8000001937,9000000000004779,1,1737707220,5,8,cpc,paid-media,desktop,Chrome,France,Ile-de-France,0,1,/home,0,/product/featured-item,49393,,
8000001673,9000000000004780,1,1738073040,2,14,email,newsletter,mobile,Firefox,Spain,Madrid,0,1,/catalog/electronics,0,,,,
8000000451,9000000000004781,1,1737003660,4,5,cpc,paid-media,mobile,Chrome,Germany,Berlin,0,1,/home,0,,,,
8000000465,9000000000004782,1,1736202420,1,22,(none),(direct),desktop,Safari,United Kingdom,England,0,2,/product/featured-item,0,,,,
8000002580,9000000000004783,0,1738325520,5,12,email,newsletter,mobile,Firefox,France,Ile-de-France,0,1,/product/featured-item,0,/product/featured-item,48590,/product/featured-item,56236
8000002121,9000000000004784,1,1737010380,4,6,(none),(direct),desktop,Firefox,Portugal,Lisbon,0,1,/product/featured-item,0,/catalog/apparel,64266,/checkout,133773
8000001248,9000000000004785,0,1736790420,1,17,organic,search-engine,desktop,Firefox,Spain,Madrid,0,1,/home,0,,,,
8000001415,9000000000004786,1,1738361760,5,22,referral,partner.example,desktop,Chrome,United Kingdom,England,0,1,/product/featured-item,0,/basket,67148,/catalog/accessories,130089
8000000371,9000000000004787,1,1736986080,4,0,referral,partner.example,desktop,Firefox,United Kingdom,England,0,1,/catalog/electronics,0,/catalog/accessories,62940,,
8000002369,9000000000004788,1,1736227140,2,5,email,newsletter,desktop,Safari,France,Ile-de-France,0,1,/catalog/apparel,0,/catalog/accessories,79062,,
8000001019,9000000000004789,1,1736239680,2,8,email,newsletter,desktop,Chrome,United Kingdom,England,0,1,/catalog/electronics,0,/catalog/electronics,4277,,
8000001128,9000000000004790,1,1736386860,4,1,referral,partner.example,desktop,Safari,Portugal,Lisbon,0,1,/catalog/electronics,0,/catalog/electronics,69406,/product/featured-item,170050
8000002860,9000000000004791,1,1735977360,6,7,organic,search-engine,mobile,Edge,Portugal,Lisbon,0,1,/product/featured-item,0,/basket,34348,/catalog/accessories,153005
8000002598,9000000000004792,1,1738169700,3,16,email,newsletter,mobile,Safari,France,Ile-de-France,0,2,/catalog/apparel,0,,,,
8000000234,9000000000004793,1,1736899320,3,0,organic,search-engine,desktop,Firefox,Spain,Madrid,0,3,/home,0,,,,
8000000649,9000000000004794,0,1735985760,6,10,cpc,paid-media,mobile,Safari,Germany,Berlin,0,3,/catalog/accessories,0,,,,
8000000820,9000000000004795,1,1737262200,7,4,organic,search-engine,desktop,Firefox,France,Ile-de-France,0,1,/catalog/apparel,0,,,,
8000002167,9000000000004796,1,1737399120,1,18,(none),(direct),mobile,Edge,Germany,Berlin,0,1,/catalog/apparel,0,/catalog/electronics,67744,/basket,170872
8000000143,9000000000004797,1,1737925440,7,21,email,newsletter,desktop,Edge,Portugal,Lisbon,0,3,/home,0,/catalog/electronics,88476,/checkout,168661
8000000276,9000000000004798,1,1736886180,2,20,cpc,paid-media,desktop,Safari,United Kingdom,England,0,2,/catalog/apparel,0,/catalog/apparel,64439,,
8000001092,9000000000004799,0,1737222840,6,17,cpc,paid-media,desktop,Safari,Spain,Madrid,0,1,/catalog/accessories,0,/checkout,45758,,
8000002591,9000000000004800,1,1736469600,5,0,(none),(direct),desktop,Edge,United Kingdom,England,0,1,/catalog/apparel,0,/checkout,60694,,
8000001021,9000000000004801,1,1737624480,4,9,referral,partner.example,desktop,Chrome,United Kingdom,England,0,1,/catalog/apparel,0,,,,
8000001253,9000000000004802,1,1735710480,3,5,cpc,paid-media,desktop,Firefox,Germany,Berlin,0,1,/catalog/apparel,0,,,,
8000001835,9000000000004803,1,1736681640,7,11,email,newsletter,desktop,Safari,France,Ile-de-France,0,1,/catalog/electronics,0,,,,
8000003018,9000000000004804,0,1737982020,1,12,organic,search-engine,desktop,Safari,Spain,Madrid,0,2,/product/featured-item,0,,,,
8000000193,9000000000004805,1,1736418600,4,10,email,newsletter,mobile,Firefox,Spain,Madrid,1,1,/catalog/apparel,0,/product/featured-item,40936,/basket,50576
8000002839,9000000000004806,1,1738352820,5,19,cpc,paid-media,desktop,Edge,Spain,Madrid,0,1,/catalog/electronics,0,/product/featured-item,5491,/basket,122659
8000001612,9000000000004807,0,1737211200,6,14,organic,search-engine,tablet,Edge,France,Ile-de-France,0,2,/catalog/apparel,0,,,,
8000001894,9000000000004808,0,1736805900,1,22,cpc,paid-media,desktop,Safari,United Kingdom,England,0,1,/catalog/apparel,0,,,,
8000001053,9000000000004809,1,1736353620,3,16,cpc,paid-media,desktop,Safari,Portugal,Lisbon,0,1,/home,0,/basket,15891,,
8000000654,9000000000004810,0,1736788980,1,17,(none),(direct),mobile,Chrome,United Kingdom,England,0,1,/home,0,/basket,88339,,
8000001668,9000000000004811,1,1737857880,7,2,organic,search-engine,desktop,Edge,Germany,Berlin,0,2,/catalog/apparel,0,/catalog/apparel,6825,,
8000000587,9000000000004812,1,1736962080,3,17,(none),(direct),mobile,Safari,United Kingdom,England,0,1,/home,0,,,,
8000001586,9000000000004813,1,1737055680,4,19,cpc,paid-media,mobile,Safari,United Kingdom,England,0,1,/catalog/accessories,0,,,,
8000000455,9000000000004814,1,1737084840,5,3,referral,partner.example,desktop,Safari,Germany,Berlin,1,3,/catalog/apparel,0,/catalog/electronics,57093,/basket,135280
8000002718,9000000000004815,0,1736630940,6,21,referral,partner.example,desktop,Chrome,Germany,Berlin,0,1,/catalog/electronics,0,,,,
8000002213,9000000000004816,0,1738020960,1,23,email,newsletter,mobile,Firefox,Spain,Madrid,0,1,/home,0,,,,
8000000667,9000000000004817,1,1738003200,1,18,organic,search-engine,desktop,Firefox,United Kingdom,England,0,2,/catalog/accessories,0,,,,
8000000566,9000000000004818,0,1736830380,2,4,organic,search-engine,desktop,Edge,Portugal,Lisbon,0,2,/home,0,/catalog/electronics,4873,,
8000001530,9000000000004819,1,1737876480,7,7,(none),(direct),desktop,Safari,France,Ile-de-France,0,1,/catalog/accessories,0,/checkout,87583,/checkout,155630
8000003386,9000000000004820,1,1737612840,4,6,organic,search-engine,desktop,Safari,Portugal,Lisbon,0,1,/home,0,/checkout,72642,/catalog/accessories,154498
8000001054,9000000000004821,1,1738106100,2,23,(none),(direct),mobile,Chrome,France,Ile-de-France,0,2,/catalog/electronics,0,,,,
8000002261,9000000000004822,0,1736123640,1,0,email,newsletter,tablet,Chrome,United Kingdom,England,0,1,/product/featured-item,0,,,,
8000000903,9000000000004823,1,1736564700,6,3,cpc,paid-media,desktop,Edge,France,Ile-de-France,0,3,/catalog/electronics,0,/catalog/accessories,32510,/product/featured-item,73104
8000002242,9000000000004824,1,1736744340,1,4,email,newsletter,mobile,Firefox,Germany,Berlin,0,3,/catalog/electronics,0,,,,
8000002304,9000000000004825,0,1738226460,4,8,organic,search-engine,mobile,Edge,Portugal,Lisbon,0,1,/home,0,/product/featured-item,69029,/catalog/accessories,135698
8000001930,9000000000004826,1,1737832140,6,19,referral,partner.example,mobile,Chrome,United Kingdom,England,0,1,/product/featured-item,0,/catalog/apparel,84359,,
8000002947,9000000000004827,0,1735801560,4,7,referral,partner.example,desktop,Edge,Germany,Berlin,0,1,/home,0,,,,
8000003375,9000000000004828,1,1737999360,1,17,(none),(direct),desktop,Firefox,United Kingdom,England,0,1,/catalog/accessories,0,/catalog/electronics,15853,,
8000002277,9000000000004829,1,1737978180,1,11,(none),(direct),desktop,Firefox,Spain,Madrid,0,2,/product/featured-item,0,,,,
8000000093,9000000000004830,0,1738315620,5,9,cpc,paid-media,mobile,Edge,France,Ile-de-France,0,1,/home,0,/catalog/electronics,47516,/checkout,146049
8000001403,9000000000004831,1,1738179660,3,19,cpc,paid-media,mobile,Chrome,United Kingdom,England,0,1,/catalog/electronics,0,,,,
8000000344,9000000000004832,0,1736429220,4,13,organic,search-engine,desktop,Edge,Spain,Madrid,0,1,/home,0,,,,
8000001616,9000000000004833,1,1738173540,3,17,(none),(direct),desktop,Edge,United Kingdom,England,0,1,/catalog/electronics,0,/basket,52250,/checkout,102285
8000000448,9000000000004834,0,1737786240,6,6,organic,search-engine,mobile,Edge,Germany,Berlin,0,2,/catalog/accessories,0,/catalog/accessories,85047,/checkout,162317
8000000465,9000000000004835,1,1736031840,6,23,cpc,paid-media,desktop,Edge,Spain,Madrid,0,1,/home,0,,,,
8000000143,9000000000004836,1,1738002960,1,18,organic,search-engine,mobile,Edge,Spain,Madrid,0,2,/product/featured-item,0,/product/featured-item,64968,,
8000002854,9000000000004837,1,1736628960,6,20,referral,partner.example,desktop,Safari,Spain,Madrid,0,1,/catalog/electronics,0,/catalog/accessories,75988,,
8000002383,9000000000004838,1,1737656160,4,18,organic,search-engine,mobile,Chrome,Portugal,Lisbon,0,4,/catalog/electronics,0,/product/featured-item,22703,,
8000002396,9000000000004839,1,1736028840,6,22,email,newsletter,mobile,Safari,Germany,Berlin,1,3,/product/featured-item,0,,,,
8000003065,9000000000004840,1,1736694360,7,15,email,newsletter,desktop,Edge,Germany,Berlin,0,1,/catalog/apparel,0,/catalog/apparel,7527,,
8000002248,9000000000004841,1,1736993580,4,2,referral,partner.example,desktop,Firefox,France,Ile-de-France,0,1,/catalog/apparel,0,/product/featured-item,54438,,
8000000621,9000000000004842,1,1736185020,1,17,organic,search-engine,desktop,Edge,Germany,Berlin,0,1,/catalog/accessories,0,,,,
8000002629,9000000000004843,0,1736143140,1,5,email,newsletter,desktop,Chrome,Portugal,Lisbon,0,1,/product/featured-item,0,/checkout,39385,,
8000001914,9000000000004844,1,1736369760,3,20,organic,search-engine,mobile,Chrome,Portugal,Lisbon,0,2,/product/featured-item,0,/checkout,86150,/checkout,191855
8000001589,9000000000004845,1,1736246580,2,10,organic,search-engine,desktop,Edge,Germany,Berlin,0,2,/product/featured-item,0,/catalog/accessories,46953,/product/featured-item,115464
8000002496,9000000000004846,1,1737810480,6,13,organic,search-engine,mobile,Safari,Portugal,Lisbon,0,1,/catalog/apparel,0,/product/featured-item,57302,/catalog/accessories,163965
8000003428,9000000000004847,1,1735841040,4,18,(none),(direct),desktop,Chrome,Portugal,Lisbon,0,1,/catalog/accessories,0,,,,
8000000101,9000000000004848,1,1737934320,7,23,cpc,paid-media,mobile,Firefox,United Kingdom,England,0,1,/product/featured-item,0,/product/featured-item,71424,,
8000000596,9000000000004849,0,1736712180,7,20,cpc,paid-media,desktop,Edge,Germany,Berlin,0,2,/catalog/electronics,0,/catalog/electronics,39371,,
8000001759,9000000000004850,1,1737205440,6,13,organic,search-engine,mobile,Chrome,United Kingdom,England,0,3,/product/featured-item,0,/catalog/apparel,25668,/catalog/electronics,109005
8000001980,9000000000004851,1,1737201780,6,12,organic,search-engine,desktop,Edge,Spain,Madrid,0,1,/catalog/accessories,0,/catalog/apparel,74904,/checkout,137136
8000002699,9000000000004852,1,1735987200,6,10,organic,search-engine,mobile,Edge,United Kingdom,England,0,2,/product/featured-item,0,/checkout,84141,/catalog/accessories,153064
8000000338,9000000000004853,0,1738051800,2,8,referral,partner.example,desktop,Firefox,Spain,Madrid,0,1,/catalog/accessories,0,,,,
8000000656,9000000000004854,1,1737569640,3,18,referral,partner.example,desktop,Safari,United Kingdom,England,0,1,/catalog/accessories,0,/product/featured-item,26338,/basket,52686
8000002981,9000000000004855,1,1735782600,4,1,referral,partner.example,tablet,Safari,United Kingdom,England,0,1,/catalog/accessories,0,/catalog/apparel,78150,/checkout,159375
8000002398,9000000000004856,1,1736390100,4,2,email,newsletter,desktop,Safari,France,Ile-de-France,0,1,/product/featured-item,0,/checkout,77189,/catalog/accessories,161705
8000002010,9000000000004857,0,1737203280,6,12,email,newsletter,mobile,Firefox,Germany,Berlin,0,1,/home,0,/catalog/accessories,47675,,
8000001207,9000000000004858,1,1736552220,5,23,referral,partner.example,mobile,Chrome,Portugal,Lisbon,0,2,/home,0,,,,
8000002097,9000000000004859,1,1736377200,3,23,organic,search-engine,desktop,Edge,Portugal,Lisbon,0,3,/catalog/apparel,0,/catalog/apparel,69281,,
8000001394,9000000000004860,1,1736570220,6,4,(none),(direct),mobile,Chrome,Germany,Berlin,0,2,/catalog/accessories,0,,,,
8000001902,9000000000004861,1,1735922280,5,16,referral,partner.example,desktop,Chrome,United Kingdom,England,0,1,/catalog/apparel,0,,,,
8000003234,9000000000004862,0,1737574980,3,19,(none),(direct),desktop,Chrome,Portugal,Lisbon,0,2,/home,0,,,,
8000002984,9000000000004863,1,1737409980,1,21,referral,partner.example,mobile,Edge,Spain,Madrid,0,3,/catalog/electronics,0,/catalog/accessories,52189,,
8000000741,9000000000004864,1,1737646020,4,15,organic,search-engine,desktop,Safari,France,Ile-de-France,1,1,/product/featured-item,0,/catalog/accessories,29063,/catalog/accessories,32801
8000000355,9000000000004865,0,1736884320,2,19,referral,partner.example,mobile,Chrome,United Kingdom,England,0,1,/product/featured-item,0,/catalog/electronics,34494,,
8000002434,9000000000004866,1,1736348220,3,14,referral,partner.example,desktop,Edge,Spain,Madrid,0,3,/home,0,/basket,63849,/checkout,172861
8000000862,9000000000004867,0,1735850160,4,20,email,newsletter,desktop,Edge,Spain,Madrid,0,2,/catalog/electronics,0,/checkout,2901,/catalog/accessories,6742
8000002526,9000000000004868,1,1737368220,1,10,email,newsletter,desktop,Edge,Germany,Berlin,0,1,/catalog/accessories,0,,,,
8000000612,9000000000004869,1,1737156660,5,23,referral,partner.example,mobile,Edge,United Kingdom,England,0,1,/catalog/accessories,0,/catalog/apparel,42416,/checkout,53342
8000001026,9000000000004870,1,1737801780,6,10,email,newsletter,mobile,Safari,Portugal,Lisbon,0,1,/catalog/apparel,0,,,,
8000001066,9000000000004871,0,1736694300,7,15,organic,search-engine,desktop,Chrome,United Kingdom,England,0,1,/product/featured-item,0,,,,
8000002484,9000000000004872,1,1736288160,2,22,organic,search-engine,desktop,Firefox,Portugal,Lisbon,0,1,/catalog/accessories,0,,,,
8000002466,9000000000004873,1,1738170780,3,17,(none),(direct),desktop,Safari,Germany,Berlin,0,2,/catalog/accessories,0,,,,
8000001028,9000000000004874,0,1737653340,4,17,cpc,paid-media,tablet,Safari,France,Ile-de-France,0,1,/catalog/apparel,0,/basket,60975,,
8000001128,9000000000004875,1,1737543900,3,11,(none),(direct),desktop,Edge,Portugal,Lisbon,0,1,/catalog/accessories,0,/checkout,21811,,
8000001727,9000000000004876,0,1737972780,1,10,referral,partner.example,desktop,Firefox,United Kingdom,England,0,1,/home,0,,,,
8000001591,9000000000004877,1,1736819940,2,1,(none),(direct),desktop,Edge,United Kingdom,England,0,1,/product/featured-item,0,/catalog/apparel,46720,,
8000000741,9000000000004878,0,1736628360,6,20,organic,search-engine,desktop,Safari,Germany,Berlin,0,4,/catalog/apparel,0,/basket,69842,/basket,185471
8000001101,9000000000004879,0,1737298260,7,14,cpc,paid-media,desktop,Edge,Spain,Madrid,0,3,/product/featured-item,0,/checkout,40854,,
8000000101,9000000000004880,0,1737769860,6,1,cpc,paid-media,desktop,Firefox,France,Ile-de-France,0,1,/catalog/accessories,0,/basket,37813,,
8000000465,9000000000004881,1,1736616480,6,17,referral,partner.example,desktop,Safari,Germany,Berlin,0,1,/catalog/accessories,0,,,,
8000001702,9000000000004882,0,1737918960,7,19,referral,partner.example,desktop,Edge,Portugal,Lisbon,0,1,/catalog/apparel,0,/product/featured-item,88106,,
8000003114,9000000000004883,1,1735900080,5,10,email,newsletter,desktop,Firefox,United Kingdom,England,0,1,/home,0,,,,
8000003021,9000000000004884,1,1737167760,6,2,(none),(direct),desktop,Safari,Germany,Berlin,0,3,/catalog/electronics,0,/catalog/electronics,23276,/catalog/electronics,93558
8000001772,9000000000004885,1,1738040160,2,4,cpc,paid-media,desktop,Edge,France,Ile-de-France,0,1,/product/featured-item,0,,,,
8000002424,9000000000004886,0,1736868540,2,15,referral,partner.example,desktop,Chrome,Spain,Madrid,0,1,/product/featured-item,0,/product/featured-item,84028,,
8000002005,9000000000004887,1,1736377140,3,22,organic,search-engine,mobile,Firefox,United Kingdom,England,0,3,/catalog/accessories,0,/catalog/accessories,6691,,
8000001833,9000000000004888,0,1736335920,3,11,referral,partner.example,desktop,Edge,Portugal,Lisbon,0,1,/home,0,/catalog/apparel,16160,/basket,134061
8000002828,9000000000004889,1,1737313980,7,19,(none),(direct),desktop,Edge,United Kingdom,England,0,3,/catalog/apparel,0,/catalog/electronics,42687,,
8000001451,9000000000004890,1,1735830420,4,15,referral,partner.example,mobile,Firefox,United Kingdom,England,0,1,/catalog/apparel,0,,,,
8000000748,9000000000004891,0,1736338440,3,12,(none),(direct),desktop,Safari,Germany,Berlin,0,1,/home,0,,,,
8000003332,9000000000004892,1,1736412180,4,8,referral,partner.example,desktop,Safari,Portugal,Lisbon,0,3,/product/featured-item,0,/basket,15843,,
8000000285,9000000000004893,1,1736664240,7,6,organic,search-engine,mobile,Edge,France,Ile-de-France,1,4,/product/featured-item,0,/catalog/accessories,86024,/checkout,156304
8000001719,9000000000004894,0,1738315200,5,9,organic,search-engine,mobile,Firefox,Germany,Berlin,0,2,/catalog/apparel,0,/catalog/accessories,61025,/product/featured-item,115974
8000001070,9000000000004895,0,1738218660,4,6,cpc,paid-media,mobile,Edge,France,Ile-de-France,0,1,/catalog/apparel,0,/catalog/accessories,28975,,
8000000041,9000000000004896,1,1735854060,4,21,referral,partner.example,mobile,Safari,France,Ile-de-France,0,1,/home,0,/product/featured-item,21867,,
8000000496,9000000000004897,1,1736184000,1,17,(none),(direct),mobile,Safari,Portugal,Lisbon,0,1,/product/featured-item,0,/catalog/apparel,19833,,
8000000419,9000000000004898,1,1737794760,6,8,cpc,paid-media,mobile,Firefox,France,Ile-de-France,0,2,/catalog/apparel,0,/product/featured-item,61058,/basket,68881
8000002623,9000000000004899,1,1738283280,5,0,cpc,paid-media,desktop,Safari,Germany,Berlin,0,2,/catalog/accessories,0,,,,
8000003040,9000000000004900,1,1736722740,7,22,cpc,paid-media,mobile,Chrome,Spain,Madrid,0,1,/catalog/accessories,0,/basket,55024,,
8000003205,9000000000004901,1,1737959040,1,6,organic,search-engine,mobile,Firefox,Portugal,Lisbon,0,1,/catalog/accessories,0,,,,
8000000415,9000000000004902,1,1736859540,2,12,organic,search-engine,desktop,Firefox,France,Ile-de-France,0,3,/product/featured-item,0,,,,
8000003289,9000000000004903,0,1737268800,7,6,email,newsletter,desktop,Edge,United Kingdom,England,0,3,/catalog/accessories,0,/basket,43143,/product/featured-item,94666
8000001510,9000000000004904,1,1737374160,1,11,organic,search-engine,desktop,Firefox,France,Ile-de-France,0,1,/home,0,/catalog/apparel,25428,,
8000001464,9000000000004905,1,1735790340,4,3,cpc,paid-media,desktop,Safari,United Kingdom,England,0,2,/catalog/electronics,0,,,,
8000000560,9000000000004906,1,1736418840,4,10,organic,search-engine,mobile,Firefox,Spain,Madrid,0,1,/product/featured-item,0,/catalog/accessories,13092,/catalog/electronics,103331
8000001945,9000000000004907,1,1736519280,5,14,email,newsletter,desktop,Edge,Spain,Madrid,0,1,/catalog/electronics,0,,,,
8000000408,9000000000004908,1,1738196340,4,0,referral,partner.example,desktop,Firefox,Portugal,Lisbon,0,3,/catalog/apparel,0,/product/featured-item,79636,/basket,128799
8000001315,9000000000004909,1,1737787440,6,6,email,newsletter,mobile,Firefox,France,Ile-de-France,0,1,/home,0,/checkout,43277,,
8000001184,9000000000004910,0,1736632920,6,22,(none),(direct),desktop,Edge,France,Ile-de-France,0,2,/home,0,/basket,55003,,
8000001223,9000000000004911,1,1736870220,2,15,referral,partner.example,desktop,Chrome,Portugal,Lisbon,0,1,/catalog/accessories,0,/checkout,67127,/catalog/electronics,112637
8000000069,9000000000004912,1,1737770400,6,2,(none),(direct),desktop,Firefox,Germany,Berlin,0,2,/catalog/apparel,0,/catalog/electronics,47509,,
8000002471,9000000000004913,1,1737219060,6,16,email,newsletter,desktop,Chrome,Portugal,Lisbon,0,1,/catalog/accessories,0,,,,
8000001624,9000000000004914,1,1737845880,6,22,referral,partner.example,mobile,Firefox,Portugal,Lisbon,0,1,/home,0,/basket,25888,/product/featured-item,87890
8000000510,9000000000004915,1,1736774580,1,13,referral,partner.example,mobile,Safari,United Kingdom,England,0,1,/catalog/apparel,0,/catalog/accessories,34065,,
8000000421,9000000000004916,1,1736174100,1,14,organic,search-engine,desktop,Firefox,France,Ile-de-France,0,1,/catalog/electronics,0,,,,
8000001473,9000000000004917,1,1736427120,4,12,email,newsletter,mobile,Edge,Spain,Madrid,0,1,/home,0,/product/featured-item,27866,/basket,70485
8000001532,9000000000004918,1,1736960580,3,17,cpc,paid-media,desktop,Firefox,Spain,Madrid,0,1,/catalog/apparel,0,,,,
8000001706,9000000000004919,1,1736421600,4,11,referral,partner.example,desktop,Safari,United Kingdom,England,0,1,/home,0,,,,
8000002275,9000000000004920,0,1736178600,1,15,organic,search-engine,mobile,Chrome,Portugal,Lisbon,1,2,/catalog/electronics,0,/product/featured-item,6405,/checkout,66881
8000002261,9000000000004921,1,1737470400,2,14,organic,search-engine,mobile,Firefox,Germany,Berlin,0,3,/catalog/apparel,0,,,,
8000000363,9000000000004922,0,1737394320,1,17,email,newsletter,desktop,Chrome,United Kingdom,England,0,2,/catalog/accessories,0,/basket,40457,/catalog/electronics,121934
8000000224,9000000000004923,1,1737104880,5,9,email,newsletter,desktop,Safari,United Kingdom,England,0,1,/catalog/accessories,0,/product/featured-item,70310,,
8000001017,9000000000004924,0,1738019520,1,23,email,newsletter,mobile,Firefox,Germany,Berlin,1,1,/product/featured-item,0,/catalog/electronics,46073,,
8000001693,9000000000004925,1,1736290380,2,22,organic,search-engine,desktop,Safari,Spain,Madrid,0,1,/product/featured-item,0,,,,
8000001633,9000000000004926,1,1735927620,5,18,organic,search-engine,desktop,Edge,United Kingdom,England,0,2,/catalog/electronics,0,/checkout,14472,/product/featured-item,98516
8000000376,9000000000004927,1,1736872620,2,16,referral,partner.example,desktop,Chrome,Germany,Berlin,0,1,/product/featured-item,0,/catalog/electronics,2406,/basket,112833
8000000165,9000000000004928,1,1735899360,5,10,referral,partner.example,mobile,Firefox,Germany,Berlin,0,1,/catalog/electronics,0,,,,
8000001060,9000000000004929,1,1737758160,5,22,(none),(direct),desktop,Chrome,Germany,Berlin,0,1,/catalog/apparel,0,/catalog/electronics,13826,/product/featured-item,73910
8000001810,9000000000004930,0,1736377320,3,23,email,newsletter,desktop,Chrome,Germany,Berlin,0,1,/home,0,/catalog/accessories,27099,,
8000003113,9000000000004931,0,1735811400,4,9,organic,search-engine,desktop,Edge,Spain,Madrid,0,3,/catalog/apparel,0,/catalog/apparel,51217,,
8000001529,9000000000004932,1,1738323360,5,11,(none),(direct),desktop,Safari,Germany,Berlin,0,1,/catalog/apparel,0,/catalog/electronics,67921,/catalog/accessories,110637
8000003234,9000000000004933,0,1737601800,4,3,email,newsletter,mobile,Edge,Spain,Madrid,0,1,/product/featured-item,0,/checkout,39649,,
8000003479,9000000000004934,0,1738330020,5,13,organic,search-engine,desktop,Chrome,Germany,Berlin,0,1,/catalog/electronics,0,/catalog/apparel,40613,,
8000000965,9000000000004935,0,1737777960,6,4,referral,partner.example,desktop,Safari,United Kingdom,England,1,1,/home,0,/catalog/electronics,63027,/product/featured-item,96386
8000002472,9000000000004936,1,1737739740,5,17,cpc,paid-media,desktop,Safari,United Kingdom,England,0,1,/catalog/accessories,0,/catalog/electronics,73648,,
8000002520,9000000000004937,1,1737442560,2,6,referral,partner.example,desktop,Firefox,France,Ile-de-France,0,1,/catalog/electronics,0,,,,
8000001055,9000000000004938,0,1737928020,7,21,cpc,paid-media,mobile,Chrome,United Kingdom,England,0,4,/product/featured-item,0,/catalog/apparel,50802,/catalog/accessories,69462
8000000383,9000000000004939,1,1737070200,4,23,(none),(direct),desktop,Safari,United Kingdom,England,0,1,/catalog/apparel,0,/catalog/accessories,52358,/checkout,58695
8000001522,9000000000004940,1,1736087220,7,14,organic,search-engine,desktop,Safari,United Kingdom,England,0,1,/catalog/electronics,0,/catalog/accessories,39508,/product/featured-item,88903
8000002236,9000000000004941,0,1738281180,4,23,organic,search-engine,desktop,Firefox,Portugal,Lisbon,0,1,/catalog/electronics,0,,,,
8000000771,9000000000004942,1,1735912320,5,13,(none),(direct),desktop,Firefox,Portugal,Lisbon,0,2,/home,0,/catalog/accessories,47000,/basket,138210
8000001809,9000000000004943,1,1736601060,6,13,referral,partner.example,desktop,Chrome,Germany,Berlin,0,3,/catalog/accessories,0,/catalog/electronics,50348,,
8000003018,9000000000004944,0,1737905100,7,15,organic,search-engine,desktop,Edge,France,Ile-de-France,0,1,/home,0,/checkout,21011,,
8000003148,9000000000004945,0,1736541600,5,20,cpc,paid-media,desktop,Safari,Portugal,Lisbon,0,1,/catalog/accessories,0,/catalog/apparel,22990,/basket,140325
8000001355,9000000000004946,1,1736477700,5,2,organic,search-engine,mobile,Chrome,France,Ile-de-France,0,2,/catalog/accessories,0,/catalog/electronics,14908,,
8000000043,9000000000004947,1,1735799280,4,6,(none),(direct),desktop,Edge,Spain,Madrid,0,2,/catalog/electronics,0,/catalog/apparel,22906,,
8000002840,9000000000004948,1,1736110380,7,20,(none),(direct),mobile,Safari,United Kingdom,England,0,1,/product/featured-item,0,/basket,77517,,
8000002047,9000000000004949,1,1735776240,4,0,(none),(direct),desktop,Edge,Portugal,Lisbon,0,1,/catalog/accessories,0,/catalog/electronics,17779,,
8000001776,9000000000004950,0,1737546000,3,11,organic,search-engine,mobile,Firefox,United Kingdom,England,0,1,/catalog/electronics,0,,,,
8000002255,9000000000004951,1,1736389080,4,2,organic,search-engine,desktop,Firefox,United Kingdom,England,0,1,/catalog/accessories,0,,,,
8000003311,9000000000004952,1,1735926900,5,17,organic,search-engine,mobile,Firefox,France,Ile-de-France,0,3,/catalog/electronics,0,,,,
8000002107,9000000000004953,1,1737990480,1,15,(none),(direct),desktop,Safari,Portugal,Lisbon,0,1,/home,0,/checkout,66248,/basket,178878
8000002292,9000000000004954,1,1736949360,3,13,organic,search-engine,mobile,Edge,United Kingdom,England,0,1,/catalog/electronics,0,,,,
8000002341,9000000000004955,1,1736933940,3,9,email,newsletter,desktop,Safari,Spain,Madrid,0,1,/catalog/electronics,0,/catalog/accessories,26163,,
8000002408,9000000000004956,1,1738122120,3,3,email,newsletter,desktop,Firefox,Spain,Madrid,0,1,/home,0,,,,
8000000436,9000000000004957,1,1737350640,1,5,(none),(direct),tablet,Edge,France,Ile-de-France,0,2,/product/featured-item,0,/catalog/accessories,10128,/product/featured-item,34953
8000002516,9000000000004958,1,1738351260,5,19,referral,partner.example,desktop,Edge,United Kingdom,England,0,2,/catalog/apparel,0,/catalog/electronics,8728,,
8000003021,9000000000004959,1,1737350880,1,5,referral,partner.example,mobile,Safari,Spain,Madrid,0,1,/home,0,/basket,28613,,
8000002967,9000000000004960,1,1737912840,7,17,(none),(direct),mobile,Firefox,Spain,Madrid,0,4,/product/featured-item,0,/product/featured-item,7266,/catalog/electronics,65953
8000002653,9000000000004961,1,1735748160,3,16,email,newsletter,mobile,Chrome,Germany,Berlin,0,3,/product/featured-item,0,/catalog/apparel,63950,/product/featured-item,167567
8000000835,9000000000004962,0,1735705260,3,4,cpc,paid-media,mobile,Edge,Spain,Madrid,0,1,/product/featured-item,0,/basket,8762,/basket,47234
8000001223,9000000000004963,1,1736222880,2,4,cpc,paid-media,mobile,Safari,Portugal,Lisbon,0,1,/product/featured-item,0,,,,
8000002143,9000000000004964,1,1735804740,4,7,organic,search-engine,desktop,Safari,Germany,Berlin,0,4,/product/featured-item,0,/catalog/accessories,72468,,
8000001814,9000000000004965,1,1737901440,7,14,cpc,paid-media,desktop,Chrome,United Kingdom,England,0,1,/catalog/apparel,0,,,,
8000003049,9000000000004966,1,1736869860,2,15,referral,partner.example,tablet,Safari,France,Ile-de-France,0,1,/catalog/apparel,0,/catalog/apparel,77172,,
8000001655,9000000000004967,1,1737544560,3,11,email,newsletter,mobile,Safari,Portugal,Lisbon,0,1,/product/featured-item,0,/checkout,5139,/product/featured-item,111133
8000003499,9000000000004968,0,1736169120,1,13,(none),(direct),desktop,Firefox,France,Ile-de-France,0,2,/catalog/accessories,0,/product/featured-item,86172,/checkout,116645
8000001415,9000000000004969,1,1735787520,4,3,(none),(direct),desktop,Edge,Germany,Berlin,0,1,/product/featured-item,0,,,,
8000000397,9000000000004970,1,1738028880,2,1,cpc,paid-media,desktop,Edge,United Kingdom,England,0,1,/catalog/apparel,0,,,,
8000000700,9000000000004971,0,1736436540,4,15,referral,partner.example,mobile,Chrome,Germany,Berlin,0,1,/catalog/accessories,0,,,,
8000001892,9000000000004972,0,1736057580,7,6,cpc,paid-media,desktop,Edge,Germany,Berlin,0,1,/home,0,/basket,9004,,
8000000615,9000000000004973,1,1736750820,1,6,email,newsletter,desktop,Chrome,Portugal,Lisbon,0,2,/home,0,/catalog/apparel,85468,,
8000000415,9000000000004974,0,1737299580,7,15,organic,search-engine,desktop,Edge,Spain,Madrid,0,1,/catalog/apparel,0,,,,
8000001675,9000000000004975,1,1736401860,4,5,organic,search-engine,desktop,Chrome,France,Ile-de-France,0,3,/catalog/apparel,0,/checkout,11100,/catalog/accessories,115824
8000001152,9000000000004976,1,1736699580,7,16,referral,partner.example,desktop,Firefox,France,Ile-de-France,0,2,/product/featured-item,0,,,,
8000002876,9000000000004977,1,1737225360,6,18,email,newsletter,desktop,Edge,United Kingdom,England,0,1,/catalog/accessories,0,,,,
8000003242,9000000000004978,1,1737490260,2,20,referral,partner.example,mobile,Edge,Spain,Madrid,0,1,/catalog/apparel,0,/basket,8236,,
8000001815,9000000000004979,1,1736797080,1,19,email,newsletter,mobile,Chrome,Germany,Berlin,0,1,/home,0,/basket,28209,/basket,67115
8000000407,9000000000004980,0,1736784420,1,16,organic,search-engine,desktop,Edge,United Kingdom,England,0,2,/product/featured-item,0,,,,
8000000541,9000000000004981,1,1738021320,1,23,organic,search-engine,desktop,Safari,Spain,Madrid,0,2,/catalog/apparel,0,/catalog/accessories,62593,,
8000001220,9000000000004982,1,1737614220,4,6,organic,search-engine,desktop,Safari,France,Ile-de-France,0,1,/catalog/electronics,0,,,,
8000003271,9000000000004983,0,1736072040,7,10,cpc,paid-media,mobile,Firefox,France,Ile-de-France,0,1,/catalog/apparel,0,/catalog/apparel,76892,/checkout,126084
8000002610,9000000000004984,1,1736793900,1,18,email,newsletter,desktop,Chrome,Germany,Berlin,0,2,/catalog/apparel,0,,,,
8000002999,9000000000004985,1,1735865160,5,0,cpc,paid-media,desktop,Edge,France,Ile-de-France,0,1,/product/featured-item,0,,,,
8000001916,9000000000004986,1,1736929980,3,8,cpc,paid-media,desktop,Chrome,Germany,Berlin,0,1,/product/featured-item,0,/checkout,59824,/basket,167259
8000000423,9000000000004987,1,1737234900,6,21,(none),(direct),mobile,Safari,France,Ile-de-France,0,1,/catalog/electronics,0,,,,
8000002874,9000000000004988,0,1736695620,7,15,email,newsletter,desktop,Safari,Spain,Madrid,0,1,/catalog/electronics,0,,,,
8000000390,9000000000004989,0,1735741440,3,14,organic,search-engine,desktop,Safari,United Kingdom,England,0,1,/home,0,/basket,67825,/catalog/accessories,82963
8000003128,9000000000004990,1,1736841000,2,7,cpc,paid-media,mobile,Edge,France,Ile-de-France,0,1,/home,0,/catalog/apparel,56098,,
8000000149,9000000000004991,1,1736951040,3,14,cpc,paid-media,tablet,Edge,Spain,Madrid,0,1,/product/featured-item,0,,,,
8000001360,9000000000004992,1,1735921260,5,16,referral,partner.example,tablet,Edge,France,Ile-de-France,0,4,/home,0,,,,
8000000516,9000000000004993,1,1738078800,2,15,email,newsletter,desktop,Firefox,Spain,Madrid,0,1,/home,0,,,,
8000000784,9000000000004994,0,1736081340,7,12,referral,partner.example,mobile,Firefox,Portugal,Lisbon,0,1,/catalog/electronics,0,/basket,50283,/checkout,127061
8000000456,9000000000004995,1,1737393660,1,17,cpc,paid-media,desktop,Safari,Spain,Madrid,0,1,/catalog/apparel,0,/catalog/apparel,63655,/catalog/accessories,166205
8000000620,9000000000004996,0,1737086040,5,3,referral,partner.example,desktop,Edge,Germany,Berlin,0,1,/catalog/accessories,0,/catalog/electronics,77962,/checkout,100417
8000003418,9000000000004997,0,1737834240,6,19,organic,search-engine,mobile,Edge,Portugal,Lisbon,0,1,/catalog/apparel,0,,,,
8000001554,9000000000004998,1,1736143740,1,6,organic,search-engine,desktop,Safari,Germany,Berlin,0,1,/product/featured-item,0,/catalog/apparel,35741,/checkout,83628
8000002453,9000000000004999,1,1737251700,7,1,cpc,paid-media,desktop,Chrome,Spain,Madrid,0,4,/catalog/apparel,0,,,,
8000001272,9000000000005000,0,1736467620,5,0,email,newsletter,mobile,Safari,Germany,Berlin,0,1,/catalog/apparel,0,/product/featured-item,28388,/checkout,121413
